cluster,episode,event_id,observations,start,end,span_hours,lon,lat,lon_min,lon_max,lat_min,lat_max,frp_max_mw,observations_area_km2
206,56,c0206e56,19990,2026-08-06 15:08:26+00:00,2026-08-14 19:28:17+00:00,196.33083333333335,-6.522608797546623,37.53519501888854,-6.733506679534912,-6.256239414215088,37.25093078613281,37.635231018066406,2312.1514764823087,27800.8304217
156,26,c0156e26,18626,2026-07-22 11:08:41+00:00,2026-07-28 01:38:34+00:00,134.49805555555557,-4.553123727311231,40.36602304164313,-4.829950332641602,-4.141926288604736,40.222652435302734,40.5131950378418,2334.7872966175246,27260.8183654
145,19,c0145e19,10994,2026-07-16 11:58:37+00:00,2026-07-23 12:08:37+00:00,168.16666666666666,-3.0738586412465896,41.11337749043312,-3.2672059535980225,-2.904841899871826,40.9205436706543,41.238800048828125,2371.6048762776713,16306.0193793
3,22,c0003e22,7329,2026-03-30 09:48:34+00:00,2026-04-06 15:58:37+00:00,174.1675,-7.82591952215781,41.76427529931377,-8.838600158691406,-6.801366329193115,41.38533401489258,42.155738830566406,289.92909165689184,11145.412014300002
816,5,c0816e05,6263,2026-07-02 02:18:34+00:00,2026-07-04 22:18:34+00:00,68.0,-8.263533120792589,40.62514928238814,-8.451260566711426,-8.120115280151367,40.539119720458984,40.7010612487793,2063.6195832360827,9308.5637489
3,21,c0003e21,4273,2026-03-24 08:48:34+00:00,2026-03-30 00:38:34+00:00,135.83333333333334,-7.923971952165621,41.770042718503,-8.802393913269043,-6.884584903717041,41.34516525268555,42.10871124267578,326.9585621472324,6501.0599096999995
557,9,c0557e09,4263,2026-08-10 10:18:41+00:00,2026-08-15 16:48:34+00:00,126.49805555555555,-0.7287946518334933,42.464573327068315,-0.8214135766029358,-0.5792087912559509,42.38364028930664,42.558799743652344,2620.5270637185627,6498.4860714999995
37,65,c0037e65,4228,2026-07-15 09:18:37+00:00,2026-07-18 14:28:37+00:00,77.16666666666667,-1.099142399125767,42.31678864182226,-1.6968656778335571,-0.9831921458244324,41.96040725708008,42.41276550292969,2530.6756817989935,6424.8586687
40,2,c0040e02,4162,2026-02-23 09:08:22+00:00,2026-02-27 17:08:30+00:00,104.00222222222222,-1.01541117579998,43.10719874087347,-1.9102956056594849,-0.122035451233387,42.87350082397461,43.430049896240234,291.45531077483173,6437.8749028
3,113,c0003e113,3479,2026-08-14 13:28:37+00:00,2026-08-19 06:58:37+00:00,113.5,-8.019642288090683,41.73646318326568,-8.668733596801758,-6.910342216491699,41.34414291381836,42.13641357421875,819.1262258027515,5290.7072263
3,101,c0003e101,3384,2026-07-28 13:48:37+00:00,2026-08-02 00:58:34+00:00,107.16583333333334,-7.317214545346885,41.675290066017894,-8.568116188049316,-7.046938419342041,41.358402252197266,42.07650375366211,2059.59983373694,5127.2068492
41,52,c0041e52,3362,2026-07-25 09:38:26+00:00,2026-07-30 08:48:26+00:00,119.16666666666667,-0.2591259338755043,39.88933571061515,-0.3470281362533569,-0.1764342635869979,39.81486892700195,39.96528244018555,2425.3393915304227,4850.8015665
71,22,c0071e22,2397,2026-07-04 17:38:34+00:00,2026-07-07 07:08:34+00:00,61.5,2.5661141622747836,42.67604315912519,2.4996914863586426,2.6401660442352295,42.60921859741211,42.72746658325195,1045.205452182658,3675.7260282000007
5,106,c0005e106,2353,2026-07-20 08:48:26+00:00,2026-07-24 11:08:13+00:00,98.32972222222222,3.885059901009303,36.181832176951005,2.6041948795318604,3.987094402313232,36.0760498046875,36.676612854003906,1486.4635834981077,3174.7033450999998
12,72,c0012e72,2224,2026-08-16 13:18:37+00:00,2026-08-19 22:18:34+00:00,80.99916666666667,-8.220381950517352,41.03208910304008,-8.479170799255371,-7.859130859375,40.799800872802734,41.35222244262695,411.15124953386373,3333.5505906000003
5,103,c0005e103,2128,2026-07-16 01:38:04+00:00,2026-07-17 15:08:26+00:00,37.50611111111111,3.102223967026947,36.433989774015615,2.2825796604156494,3.9449422359466553,36.13508605957031,36.68892288208008,2051.4170049369022,2880.7883329
86,9,c0086e09,2009,2026-08-18 13:18:37+00:00,2026-08-21 03:28:34+00:00,62.16583333333333,-6.321379722084437,40.39110946845154,-6.394827842712402,-6.246289253234863,40.33587265014648,40.44471740722656,2470.788335240693,2953.8572369
171,7,c0171e07,1948,2026-06-08 11:28:26+00:00,2026-06-10 13:38:26+00:00,50.166666666666664,-7.043772801481478,37.44604021420959,-7.136981010437012,-6.94814395904541,37.371620178222656,37.51474380493164,1860.100037608618,2708.6892417999998
77,5,c0077e05,1932,2026-07-09 14:48:26+00:00,2026-07-11 10:08:26+00:00,43.333333333333336,-2.006263736735713,37.175277401941905,-2.071566581726074,-1.9313616752624512,37.12656021118164,37.24055480957031,2108.129918512428,2647.3797213000003
323,23,c0323e23,1640,2026-07-22 18:18:34+00:00,2026-07-26 14:38:37+00:00,92.33416666666666,-6.040722840879021,42.73153453687342,-6.276142597198486,-5.952552318572998,42.62958526611328,42.77299118041992,2545.684049691319,2534.7038973
853,3,c0853e03,1541,2026-07-27 12:38:37+00:00,2026-07-28 23:18:34+00:00,34.66583333333333,-7.042408844157522,40.57293076363575,-7.0875468254089355,-6.978596210479736,40.49881362915039,40.65117263793945,1234.6168061524484,2278.9301594999997
32,8,c0032e08,1435,2026-02-24 02:58:30+00:00,2026-02-27 06:48:26+00:00,75.83222222222223,-3.8971472012456703,43.170890816080444,-4.629454612731934,-3.4393904209136963,43.02851486206055,43.324947357177734,184.2292149873275,2229.597609
324,9,c0324e09,1335,2026-08-16 06:48:37+00:00,2026-08-19 08:38:37+00:00,73.83333333333333,-7.207478412528163,41.18450485972429,-7.272788047790527,-7.151760578155518,41.14137649536133,41.29637908935547,510.7818954000022,2000.8058953000002
354,3,c0354e03,1304,2026-07-29 10:58:41+00:00,2026-07-29 21:48:34+00:00,10.831388888888888,-6.33721777412789,41.338983134989356,-6.418330192565918,-6.214449405670166,41.268184661865234,41.4207649230957,2509.7790236867545,1955.9012109
313,3,c0313e03,1236,2026-03-29 19:38:37+00:00,2026-04-01 23:08:37+00:00,75.5,-5.611113185635662,40.16553193002843,-5.651771068572998,-5.582148551940918,40.132572174072266,40.25226211547851,1279.7082311027543,1805.8997688999998
245,2,c0245e02,1123,2026-07-01 23:48:34+00:00,2026-07-03 21:18:34+00:00,45.5,-8.517628854868779,41.440344351057696,-8.627472877502441,-8.432088851928711,41.409423828125,41.46929931640625,240.26656853813228,1699.6494391
227,3,c0227e03,1112,2026-06-30 13:58:41+00:00,2026-07-02 02:38:34+00:00,36.664722222222224,-0.5467803958240601,41.85516671654132,-0.6106448173522949,-0.4592084586620331,41.81252670288086,41.88531494140625,1669.1761222843934,1672.3054718
184,52,c0184e52,1044,2026-07-28 23:38:34+00:00,2026-08-01 02:28:34+00:00,74.83333333333333,-6.754005127026203,42.7146227058323,-6.993803977966309,-6.715566158294678,42.672218322753906,42.75679397583008,1980.957875811906,1615.9146274
3,15,c0003e15,1038,2026-03-16 12:18:30+00:00,2026-03-17 19:48:30+00:00,31.5,-7.874588930997316,41.75755039942747,-8.824593544006348,-6.884584903717041,41.39972686767578,42.06392288208008,296.8218045925841,1578.5224140999999
116,8,c0116e08,1024,2026-08-07 19:18:34+00:00,2026-08-10 05:18:34+00:00,58.0,0.038846283840939536,40.44287317991257,0.0061436383984982,0.0675534009933471,40.41292572021485,40.48099136352539,270.4250781124464,1494.3487048999996
598,5,c0598e05,905,2026-07-21 10:48:37+00:00,2026-07-22 00:48:34+00:00,13.999166666666667,-2.0272781453738555,40.959239786896255,-2.088365077972412,-1.9519449472427368,40.92395782470703,41.036502838134766,2399.661046021783,1336.4044116000002
33,22,c0033e22,819,2026-04-05 11:58:34+00:00,2026-04-07 16:18:37+00:00,52.33416666666667,-6.3679858564020515,43.269094921293714,-6.698819160461426,-5.9351887702941895,43.02555847167969,43.50996398925781,290.98559802512773,1282.3566442000001
32,24,c0032e24,814,2026-04-07 06:28:34+00:00,2026-04-08 15:28:37+00:00,33.00083333333333,-4.257925081311631,43.173738043782755,-4.676398277282715,-3.4904065132141113,42.99609375,43.333717346191406,765.1501323374536,1265.6548305
1011,2,c1011e02,806,2026-06-25 09:38:37+00:00,2026-06-26 03:18:34+00:00,17.66583333333333,0.34512362394380214,41.941865461931634,0.2838504910469055,0.3969835937023163,41.885498046875,42.01180648803711,2507.032334068739,1214.4011436
674,6,c0674e06,785,2026-07-01 12:38:41+00:00,2026-07-02 19:58:34+00:00,31.33138888888889,2.799873001864002,43.29286914509573,2.759925603866577,2.8498260974884033,43.26100158691406,43.319698333740234,1946.2938213664795,1220.9733185
178,7,c0178e07,768,2026-09-14 15:08:21+00:00,2026-09-15 21:08:17+00:00,29.99888888888889,-7.798053797334433,39.81220354139805,-7.892363548278809,-7.747085094451904,39.750274658203125,39.8565559387207,877.4227865636085,1120.7518468999997
40,11,c0040e11,759,2026-03-19 09:28:34+00:00,2026-03-20 22:28:37+00:00,37.00083333333333,-1.1257076966668307,43.17452362623453,-1.7930283546447754,-0.1605868935585022,42.87294006347656,43.39977264404297,514.1733994313332,1175.8643336
1043,1,c1043e01,687,2026-09-15 14:28:21+00:00,2026-09-16 16:48:17+00:00,26.33222222222222,-7.692933495561802,38.33809116035917,-7.726948738098144,-7.65849494934082,38.29261016845703,38.37294006347656,937.712615425146,973.4549963000001
1119,2,c1119e02,654,2026-08-01 11:58:26+00:00,2026-08-02 06:38:26+00:00,18.666666666666668,-6.322141540888982,39.82909966681711,-6.373577117919922,-6.238173484802246,39.805233001708984,39.860107421875,2211.231430176481,950.5185592
40,12,c0040e12,651,2026-03-21 08:08:34+00:00,2026-03-21 21:08:37+00:00,13.000833333333333,-1.388440317844832,43.140445451399515,-1.8329222202301023,-0.1605147719383239,42.97763442993164,43.3714599609375,146.62341475805022,1007.9181566
3,20,c0003e20,632,2026-03-23 11:48:34+00:00,2026-03-24 00:18:34+00:00,12.5,-7.753418622892114,41.75537525853024,-8.405247688293457,-6.842922687530518,41.375877380371094,41.971214294433594,125.58225104239698,960.6658790000001
427,6,c0427e06,630,2026-07-03 07:28:34+00:00,2026-07-04 04:58:34+00:00,21.5,3.025462483224415,41.89629486326187,2.9913792610168457,3.068080186843872,41.854976654052734,41.94327545166016,2421.4139393948935,950.0375175
3,126,c0003e126,629,2026-09-13 20:28:34+00:00,2026-09-15 00:48:34+00:00,28.333333333333332,-8.106035304562276,41.61330386527202,-8.732336044311523,-7.8886027336120605,41.51145935058594,41.730567932128906,354.7840468901416,954.21859
17,11,c0017e11,621,2026-07-23 10:48:26+00:00,2026-07-24 18:18:21+00:00,31.49861111111111,-4.05117565345457,39.56859535794711,-4.114902973175049,-3.994333028793335,39.5306510925293,39.59755325317383,2214.320218878644,893.4330989
184,29,c0184e29,620,2026-06-24 20:58:34+00:00,2026-06-26 16:38:37+00:00,43.6675,-6.9043652703685146,42.704669909323414,-6.9956560134887695,-6.658687114715576,42.6696891784668,42.88531494140625,359.68135950968934,959.8800126
1326,0,c1326e00,596,2026-09-15 13:38:34+00:00,2026-09-16 17:18:34+00:00,27.666666666666668,-7.195006080121802,42.525978043575414,-7.231168270111084,-7.165775775909424,42.493160247802734,42.55068588256836,586.7003749808672,919.8106267999999
3,95,c0003e95,586,2026-07-22 13:08:37+00:00,2026-07-23 18:48:34+00:00,29.66583333333333,-7.53975986946158,41.356765974910594,-8.03225040435791,-7.116666316986084,41.31697845458984,41.76131439208984,1817.174241375703,882.4604058
40,15,c0040e15,586,2026-03-24 08:48:34+00:00,2026-03-24 18:38:37+00:00,9.834166666666667,-1.3569976499259675,43.091371712017384,-1.9628689289093015,-0.1604719758033752,42.9190673828125,43.35567855834961,175.96374181911028,906.2678935
191,5,c0191e05,585,2026-03-27 08:08:34+00:00,2026-03-28 19:18:37+00:00,35.1675,-6.699649753733578,42.34645468556983,-6.730720043182373,-6.65669059753418,42.260555267333984,42.3790283203125,317.2483708799273,898.0270611000001
3,114,c0003e114,578,2026-08-19 14:28:34+00:00,2026-08-20 00:08:34+00:00,9.666666666666666,-7.548206514965704,41.61610497075381,-8.628850936889648,-6.939010143280029,41.272804260253906,41.967620849609375,903.5526339802814,875.3130232999999
3,65,c0003e65,534,2026-06-10 18:48:34+00:00,2026-06-11 22:48:34+00:00,28.0,-8.21568726957514,41.67294025063961,-8.416121482849121,-7.674125671386719,41.444976806640625,41.9177131652832,186.08113097029897,811.468212
667,3,c0667e03,525,2026-07-20 13:48:37+00:00,2026-07-21 04:08:34+00:00,14.3325,-3.9951696645645867,41.063784622918995,-4.056291103363037,-3.92183780670166,41.02366638183594,41.107723236083984,2256.878078674091,778.8832197999998
12,64,c0012e64,523,2026-07-27 10:08:37+00:00,2026-07-28 18:28:34+00:00,32.3325,-8.255618086280604,41.16274034635059,-8.532681465148926,-8.021026611328125,41.02867126464844,41.193153381347656,357.3672281724021,786.1903310999999
113,47,c0113e47,523,2026-07-23 18:18:34+00:00,2026-07-25 03:48:34+00:00,33.5,-0.48228658145973835,40.76206408586374,-0.5865394473075867,-0.4016318619251251,40.725284576416016,40.8101806640625,679.8944615176947,768.4040500000001
1052,2,c1052e02,509,2026-09-13 10:48:26+00:00,2026-09-14 06:38:26+00:00,19.833333333333332,-5.066007752783874,36.52212211144228,-5.088282585144043,-5.027839183807373,36.5006103515625,36.54911804199219,967.3113931339532,692.4191867999999
1175,3,c1175e03,501,2026-07-22 16:18:34+00:00,2026-07-23 14:28:37+00:00,22.1675,-6.434852227003512,42.564616875258274,-6.47740364074707,-6.395566940307617,42.529842376708984,42.610076904296875,859.9198221786153,772.1613082000001
221,13,c0221e13,485,2026-07-08 10:18:37+00:00,2026-07-09 18:58:34+00:00,32.66583333333333,-5.529764213758646,43.02395351449239,-5.546737194061279,-5.505499362945557,43.00822830200195,43.04376220703125,300.48070536711623,753.6376795000001
677,9,c0677e09,477,2026-07-06 14:38:37+00:00,2026-07-07 17:58:34+00:00,27.3325,1.6613260020250045,41.55619965559281,1.6337428092956543,1.6846541166305542,41.53426361083984,41.57745361328125,982.7041195986516,713.0984387000001
555,4,c0555e04,476,2026-07-06 12:58:37+00:00,2026-07-07 17:28:34+00:00,28.499166666666667,2.127547978853979,41.639157046790885,2.1129300594329834,2.151188850402832,41.62123489379883,41.66190719604492,772.0494648875289,713.1139162
570,6,c0570e06,470,2026-08-07 12:58:37+00:00,2026-08-08 04:08:34+00:00,15.165833333333333,-7.493824470804093,40.61932364930498,-7.521323680877685,-7.457480430603027,40.54912567138672,40.67330551147461,650.829991824435,696.6708894000001
171,8,c0171e08,462,2026-07-21 18:38:21+00:00,2026-07-23 02:38:17+00:00,31.99888888888889,-7.048659127512019,37.61281902759106,-7.1048126220703125,-6.9910664558410645,37.553016662597656,37.64356231689453,306.22406583095517,644.4123027
521,20,c0521e20,457,2026-08-20 23:38:17+00:00,2026-08-22 00:38:17+00:00,25.0,-0.5111149451012684,39.77981130821178,-0.5408728122711182,-0.4798191785812378,39.75656509399414,39.81241989135742,837.1304319770766,657.963001
5,131,c0005e131,444,2026-08-27 01:38:21+00:00,2026-08-28 01:28:17+00:00,23.83222222222222,3.66341355792037,36.54111822660979,3.366281032562256,3.994808435440063,36.23119354248047,36.72811508178711,2251.358273648707,602.6857269
32,23,c0032e23,432,2026-04-05 23:28:34+00:00,2026-04-06 19:38:37+00:00,20.1675,-4.36852535991757,43.21912438781173,-4.520683288574219,-3.897969484329224,43.100547790527344,43.35027694702149,169.47347445974984,672.5307527
174,1,c0174e01,419,2026-03-16 13:48:14+00:00,2026-03-18 08:58:14+00:00,43.166666666666664,2.860009797148602,36.50904279904604,2.8484675884246826,2.872729539871216,36.49402618408203,36.51999282836914,56.91716649826896,567.7350275999999
191,2,c0191e02,408,2026-03-22 16:08:37+00:00,2026-03-24 12:48:34+00:00,44.66583333333333,-6.557374541665993,42.31066660787545,-6.574586391448975,-6.517842769622803,42.27473068237305,42.33464813232422,171.12798879175648,625.4830919999999
329,7,c0329e07,400,2026-07-29 12:48:37+00:00,2026-07-29 22:08:34+00:00,9.3325,-5.404306446313858,42.68104868888855,-5.434436798095703,-5.368841648101807,42.63613510131836,42.722530364990234,2566.1883830572674,616.4919478999999
5,100,c0005e100,397,2026-07-12 07:38:26+00:00,2026-07-13 23:08:17+00:00,39.4975,3.1223363912375808,36.41629360785112,2.22825026512146,3.931704521179199,36.166221618652344,36.584136962890625,205.60163393069547,537.3126992
84,3,c0084e03,379,2026-05-21 09:08:21+00:00,2026-05-22 09:18:21+00:00,24.166666666666668,-2.4931234961134776,36.88521612162326,-2.5161523818969727,-2.4693145751953125,36.87116622924805,36.89748001098633,281.49077493565096,516.848479
40,10,c0040e10,379,2026-03-18 08:38:22+00:00,2026-03-18 22:58:37+00:00,14.3375,-1.1818304678380962,43.136405210067224,-1.9494421482086184,-0.3917473554611206,42.88863754272461,43.35651016235352,67.33851779550359,586.6827168
40,4,c0040e04,377,2026-03-02 09:28:22+00:00,2026-03-02 23:18:30+00:00,13.835555555555555,-1.037000752728561,43.088679842354445,-1.5707355737686155,-0.3536697030067444,42.87350082397461,43.32737731933594,227.33728084510315,582.9235133
3,128,c0003e128,373,2026-09-16 18:38:34+00:00,2026-09-18 00:28:34+00:00,29.833333333333332,-8.268083939283846,41.699260374176596,-8.681541442871094,-6.993396282196045,41.48165512084961,41.99619674682617,267.0113301503908,567.253532
85,59,c0085e59,372,2026-09-06 00:08:34+00:00,2026-09-08 10:08:37+00:00,58.00083333333333,-5.328193513295984,43.14095365872947,-5.351282119750977,-5.142979621887207,43.126033782958984,43.22003173828125,100.32517550022044,579.2911784
730,3,c0730e03,366,2026-07-16 13:58:37+00:00,2026-07-17 05:58:34+00:00,15.999166666666667,-3.613522706787443,40.97004322406373,-3.6418187618255615,-3.5796382427215576,40.93617630004883,41.00676345825195,1205.8095261571148,541.5727480999999
843,1,c0843e01,363,2026-07-07 14:38:37+00:00,2026-07-08 04:58:34+00:00,14.3325,-7.256817977947309,40.409167423721186,-7.279814720153809,-7.229337215423584,40.37993240356445,40.43393325805664,698.2744056845016,535.3774058
33,69,c0033e69,359,2026-09-03 15:28:34+00:00,2026-09-04 16:08:37+00:00,24.6675,-6.289343497879326,42.96172453898905,-6.314324378967285,-6.2621989250183105,42.93736267089844,42.99103164672851,1414.3331809310023,558.1448035999999
1175,0,c1175e00,353,2026-06-24 19:58:34+00:00,2026-06-26 14:38:37+00:00,42.6675,-6.490712629161543,42.61119541027728,-6.524299621582031,-6.4586358070373535,42.520790100097656,42.66901397705078,644.505992452079,544.6897228
802,3,c0802e03,350,2026-07-08 16:38:26+00:00,2026-07-09 11:38:26+00:00,19.0,-3.772972970690046,39.81493271963937,-3.8043346405029297,-3.741556167602539,39.7873420715332,39.8425407409668,197.92397879486344,505.72865709999985
12,52,c0012e52,349,2026-07-02 17:18:37+00:00,2026-07-03 08:38:37+00:00,15.333333333333334,-8.24292421750831,41.054599193583925,-8.418416023254395,-8.196699142456055,41.02145767211914,41.15616226196289,134.659592301182,523.3582346000001
889,2,c0889e02,345,2026-07-01 14:48:37+00:00,2026-07-02 03:08:34+00:00,12.3325,-7.006327164691427,41.257651718803075,-7.043951034545898,-6.979735851287842,41.23846435546875,41.282081604003906,1514.163606613676,517.5334226
31,5,c0031e05,340,2026-05-28 08:58:21+00:00,2026-05-29 01:18:17+00:00,16.33222222222222,-5.879768408046049,38.42785600774428,-5.908927917480469,-5.809199810028076,38.27449035644531,38.45976257324219,559.1545227493098,480.1200395000001
324,6,c0324e06,330,2026-08-08 13:48:37+00:00,2026-08-09 00:38:34+00:00,10.8325,-7.327262884197813,41.201004687222564,-7.364584445953369,-7.288694381713867,41.18553924560547,41.27254104614258,734.83418789412,494.9627676
1,70,c0001e70,328,2026-09-15 09:08:37+00:00,2026-09-16 11:28:37+00:00,26.333333333333332,1.2305676112087762,41.180946024452766,1.1744788885116575,1.238398551940918,41.11426544189453,41.19795227050781,34.099957918704604,486.2450562999999
113,45,c0113e45,323,2026-07-20 15:58:37+00:00,2026-07-21 11:28:41+00:00,19.50111111111111,-0.528892384225001,40.74861213518739,-0.8589352965354919,-0.4629736840724945,40.71083068847656,41.632659912109375,440.0570181597353,474.446873
171,5,c0171e05,320,2026-06-01 17:28:26+00:00,2026-06-03 13:38:26+00:00,44.166666666666664,-6.973367613554001,37.317593729496004,-7.036083698272705,-6.962392330169678,37.30698013305664,37.33360290527344,102.73092582642272,443.82416029999996
788,2,c0788e02,314,2026-06-23 18:48:34+00:00,2026-06-24 14:28:37+00:00,19.6675,-2.349159074437087,42.93717332098894,-2.3691141605377197,-2.3292043209075928,42.910400390625,42.954620361328125,200.85987376000716,484.3037382
182,13,c0182e13,313,2026-07-04 14:18:37+00:00,2026-07-05 05:38:34+00:00,15.3325,-0.3367583064225535,42.21738361931457,-0.4113571047782898,-0.3102855682373047,42.11394119262695,42.236629486083984,358.267496424628,474.5167107
3,84,c0003e84,312,2026-07-06 20:18:34+00:00,2026-07-07 20:48:34+00:00,24.5,-8.034468779197105,41.776993030156845,-8.500654220581055,-8.009302139282227,41.746612548828125,42.13614273071289,114.55697299021584,474.994905
1169,0,c1169e00,311,2026-06-23 11:18:26+00:00,2026-06-23 22:38:17+00:00,11.330833333333333,-7.95551898931767,37.369643281893715,-7.979043483734131,-7.931520938873291,37.332130432128906,37.41155242919922,857.8996540931847,433.1330252
354,4,c0354e04,304,2026-07-30 05:58:37+00:00,2026-07-31 00:58:34+00:00,18.999166666666667,-6.337315586052443,41.369591537274815,-6.418330192565918,-6.241224765777588,41.269561767578125,41.42216491699219,212.07271066416476,456.2768772
175,25,c0175e25,301,2026-08-18 10:58:37+00:00,2026-08-19 04:58:34+00:00,17.999166666666667,-6.355270577427556,40.11374636425133,-6.379192352294922,-6.328353404998779,40.09273147583008,40.14688873291016,242.72770812348327,440.03975679999996
177,12,c0177e12,298,2026-08-22 12:58:37+00:00,2026-08-23 06:38:37+00:00,17.666666666666668,-7.869908737656254,41.25390440665635,-7.889318466186523,-7.850448608398437,41.233036041259766,41.279502868652344,215.49335191188968,448.252241
32,26,c0032e26,289,2026-04-10 06:18:34+00:00,2026-04-11 04:18:34+00:00,22.0,-4.292223405673017,43.12509604061351,-4.736363410949707,-3.6453769207000737,43.07697677612305,43.21186447143555,163.36713818618472,448.91765640000006
168,13,c0168e13,288,2026-04-05 14:58:37+00:00,2026-04-07 09:28:34+00:00,42.49916666666667,-5.750272474355167,43.02398751841651,-5.848782539367676,-5.681056976318359,42.95404052734375,43.21446228027344,259.669559309807,447.72444889999997
560,5,c0560e05,285,2026-07-15 02:38:34+00:00,2026-07-16 18:58:34+00:00,40.333333333333336,1.0457790504422104,42.8466896458676,1.0311990976333618,1.069614291191101,42.822509765625,42.85798645019531,112.09468999910816,438.3123852
32,25,c0032e25,279,2026-04-08 21:38:37+00:00,2026-04-09 23:58:37+00:00,26.333333333333332,-4.160826349771151,43.1317377945001,-4.653837203979492,-3.678385019302368,43.02459716796875,43.30486679077149,95.00329901659704,433.3714375999999
1225,0,c1225e00,278,2026-07-11 17:28:34+00:00,2026-07-12 21:08:34+00:00,27.666666666666668,-7.258788861816735,42.449001394587455,-7.285265922546387,-7.233560085296631,42.42223358154297,42.46917724609375,865.5505968689774,428.3598125
3,100,c0003e100,272,2026-07-27 09:48:37+00:00,2026-07-27 22:08:34+00:00,12.3325,-8.373337728135725,41.701007534475885,-8.495828628540039,-7.674125671386719,41.42654037475586,41.74451446533203,332.261977274923,413.81179929999996
32,17,c0032e17,269,2026-03-24 05:58:34+00:00,2026-03-24 22:48:37+00:00,16.83416666666667,-4.261947645130654,43.20406650699204,-4.507698059082031,-3.7054905891418457,43.0681266784668,43.31783676147461,52.37695477872254,418.54631320000004
12,65,c0012e65,269,2026-07-29 12:18:37+00:00,2026-07-30 21:08:34+00:00,32.8325,-8.225146506355598,41.161896985702796,-8.267547607421875,-8.179726600646973,41.136566162109375,41.17913436889648,214.3008859170584,404.30822580000006
33,57,c0033e57,268,2026-07-09 14:28:37+00:00,2026-07-10 10:58:37+00:00,20.5,-6.418161299691271,42.979004205162845,-6.434152126312256,-6.405055522918701,42.9644775390625,42.99336624145508,122.17031416239872,417.0275826999999
313,22,c0313e22,263,2026-09-14 00:08:34+00:00,2026-09-14 11:48:37+00:00,11.6675,-5.674164086693593,40.22628389655864,-5.700573444366455,-5.648884296417236,40.205753326416016,40.24277114868164,217.06580935181952,384.78313679999997
283,5,c0283e05,260,2026-09-15 13:28:34+00:00,2026-09-15 23:58:34+00:00,10.5,-7.1004763951668375,41.44429167233981,-7.133128643035889,-7.064265727996826,41.40764617919922,41.4654426574707,1164.2430806485702,391.6963224
171,6,c0171e06,260,2026-06-04 16:28:26+00:00,2026-06-05 08:48:21+00:00,16.331944444444446,-7.07513066805326,37.52443184485802,-7.106988430023193,-7.055272102355957,37.4887580871582,37.55348587036133,582.7080067483716,362.0995048
3,19,c0003e19,259,2026-03-22 11:48:34+00:00,2026-03-23 03:18:34+00:00,15.5,-7.578773235262131,41.88298414664839,-8.496197700500488,-6.9422149658203125,41.53751373291016,41.98041915893555,73.25526440692065,394.59029760000004
1077,0,c1077e00,258,2026-05-24 16:28:26+00:00,2026-05-25 18:08:26+00:00,25.666666666666668,-6.394886014997497,36.86589235113573,-6.402493476867676,-6.387099266052246,36.849483489990234,36.88802719116211,476.6951232210816,354.3168226
777,0,c0777e00,256,2026-04-02 16:48:13+00:00,2026-04-03 08:58:04+00:00,16.164166666666667,-5.653741745278239,36.272407591342926,-5.671650409698486,-5.635699272155762,36.252960205078125,36.2926025390625,115.35799498253893,347.1705812
1040,2,c1040e02,256,2026-09-04 13:58:34+00:00,2026-09-05 13:28:37+00:00,23.500833333333333,2.286693046800792,42.81588304042816,2.2605466842651367,2.3123714923858643,42.79688262939453,42.838905334472656,886.3290835365312,393.71976359999996
211,34,c0211e34,255,2026-07-24 12:48:29+00:00,2026-07-25 01:38:17+00:00,12.83,-4.771742846919041,37.982386256199256,-4.9758124351501465,-4.748693466186523,37.83658981323242,38.00125503540039,433.1293854152592,356.14026829999995
393,2,c0393e02,253,2026-07-31 13:18:26+00:00,2026-07-31 21:58:17+00:00,8.664166666666667,-4.97233775293403,39.203759204728804,-5.010345935821533,-4.937564373016357,39.192726135253906,39.22119140625,518.0972756194187,361.95374
12,27,c0012e27,251,2026-04-05 06:38:34+00:00,2026-04-06 13:58:34+00:00,31.333333333333332,-7.988069876256692,41.0214147681734,-8.449804306030273,-7.968250751495361,40.98615646362305,41.1984748840332,119.7098902510439,375.85210270000005
3,116,c0003e116,250,2026-08-22 11:58:37+00:00,2026-08-22 20:58:34+00:00,8.999166666666667,-8.105195278167725,41.49412886047363,-8.664981842041016,-8.030587196350098,41.438026428222656,41.95293045043945,461.58066920783847,378.2960881
323,18,c0323e18,249,2026-07-07 18:08:34+00:00,2026-07-08 13:08:37+00:00,19.000833333333333,-6.132052496255162,42.65424455696321,-6.183237552642822,-6.051532745361328,42.5578498840332,42.717193603515625,302.6961761598569,384.2548713
182,14,c0182e14,249,2026-08-03 18:28:34+00:00,2026-08-04 12:58:37+00:00,18.500833333333333,-0.329589215507469,42.276779404605726,-0.3491723835468292,-0.3105612993240356,42.25005340576172,42.35268020629883,63.50610135445163,378.0129462
75,6,c0075e06,246,2026-07-24 16:58:37+00:00,2026-07-25 10:48:41+00:00,17.834444444444443,2.258856638660276,42.5055443988583,2.2476794719696045,2.2737996578216553,42.47871780395508,42.51561737060547,59.65885458110736,375.7864485
12,25,c0012e25,238,2026-04-03 14:58:37+00:00,2026-04-04 04:28:34+00:00,13.499166666666667,-8.269041397992302,40.83177311680898,-8.296309471130371,-8.002567291259766,40.8003044128418,41.00045394897461,389.77097482945726,355.2916808
183,22,c0183e22,237,2026-07-05 16:28:37+00:00,2026-07-06 16:18:37+00:00,23.833333333333332,3.212512690306716,43.627762001778,3.192479133605957,3.24450159072876,43.60121536254883,43.67583465576172,459.8600629806377,371.73860690000004
206,43,c0206e43,237,2026-07-10 12:08:26+00:00,2026-07-10 19:38:21+00:00,7.498611111111111,-6.761589428543542,37.22484902490543,-6.778197288513184,-6.740145683288574,37.213035583496094,37.251766204833984,354.009146366003,327.92330720000007
509,4,c0509e04,235,2026-08-22 14:18:26+00:00,2026-08-22 22:18:17+00:00,7.9975,-8.075154539879332,39.524019541638964,-8.106291770935059,-8.041322708129883,39.49968338012695,39.540157318115234,1020.3347947270483,341.26968479999994
3,73,c0003e73,234,2026-06-21 03:08:34+00:00,2026-06-21 15:18:37+00:00,12.1675,-7.020775065462813,41.953528379782654,-7.043161869049072,-7.001208782196045,41.92698669433594,41.9703369140625,197.10261936914253,356.40254500000003
168,22,c0168e22,232,2026-07-02 00:38:34+00:00,2026-07-02 18:28:34+00:00,17.833333333333332,-5.896524832166475,42.90458917617798,-5.920677185058594,-5.880875110626221,42.88614273071289,42.914405822753906,466.52209717587846,359.8236514
1048,1,c1048e01,231,2026-07-31 15:58:34+00:00,2026-08-01 14:18:37+00:00,22.33416666666667,0.440474134890032,42.46019698634292,0.4261018931865692,0.4516589045524597,42.44849395751953,42.48101806640625,143.64751728980656,352.13437109999995
266,17,c0266e17,228,2026-07-04 09:48:26+00:00,2026-07-04 19:08:21+00:00,9.331944444444444,-5.306259203375432,37.11402192032128,-5.432104110717773,-5.264352321624756,37.08784103393555,37.336551666259766,767.1344494495972,313.68169420000004
1325,0,c1325e00,227,2026-09-15 12:58:26+00:00,2026-09-15 20:48:17+00:00,7.8308333333333335,-7.234424223458714,37.79380739522926,-7.253110885620117,-7.214362621307373,37.77488708496094,37.81455993652344,729.1538557825547,317.8897161
999,2,c0999e02,226,2026-06-07 13:58:26+00:00,2026-06-07 21:38:21+00:00,7.665277777777778,-7.178582974239788,38.04107689646493,-7.209183216094971,-7.1461381912231445,38.02088165283203,38.06191635131836,388.83670543785576,317.90448979999996
433,12,c0433e12,226,2026-08-08 15:08:37+00:00,2026-08-09 02:18:34+00:00,11.165833333333333,-4.281627355423649,40.75855888096632,-4.321141719818115,-4.247871398925781,40.73243713378906,40.77554702758789,408.3125612908414,333.31707339999997
85,44,c0085e44,222,2026-06-26 14:48:37+00:00,2026-06-27 23:38:34+00:00,32.8325,-5.078390316920237,43.144443941545916,-5.091674327850342,-5.062599182128906,43.124046325683594,43.15793991088867,75.2269262233168,345.5646651999999
184,30,c0184e30,221,2026-06-27 09:18:37+00:00,2026-06-28 05:08:34+00:00,19.8325,-6.833640836482674,42.68795539890479,-6.851197719573975,-6.796166896820068,42.6696891784668,42.77162551879883,278.2074902331526,341.95766720000006
1093,0,c1093e00,219,2026-05-30 13:58:26+00:00,2026-05-30 21:18:21+00:00,7.331944444444445,-5.98998980761663,38.50385460352789,-6.012372016906738,-5.960576057434082,38.474891662597656,38.527713775634766,1058.2890718172318,309.79304490000004
483,8,c0483e08,219,2026-09-18 12:18:34+00:00,2026-09-18 20:28:34+00:00,8.166666666666666,-8.550022621677346,40.599890704568665,-8.566425323486328,-8.524720191955566,40.57518768310547,40.63093948364258,196.2804060964134,325.6294353999999
0,105,c0000e105,216,2026-06-10 23:48:34+00:00,2026-06-13 07:58:34+00:00,56.166666666666664,-5.731889424500642,43.52601835462782,-5.74154806137085,-5.715411186218262,43.51474380493164,43.54450607299805,21.10905062866116,339.58156729999996
823,1,c0823e01,216,2026-09-10 15:48:34+00:00,2026-09-11 07:38:37+00:00,15.834166666666667,-0.7411795175737805,41.64527356183088,-0.7589808106422424,-0.7211417555809021,41.63243865966797,41.66063690185547,70.06194678087346,323.3755884000001
311,1,c0311e01,214,2026-08-24 14:18:26+00:00,2026-08-25 02:48:21+00:00,12.498611111111112,-2.690778404752785,37.151310270077715,-2.7240869998931885,-2.665297508239746,37.13858413696289,37.163204193115234,396.3773178881949,293.3456185
433,13,c0433e13,213,2026-08-09 08:28:37+00:00,2026-08-09 19:58:34+00:00,11.499166666666667,-4.2500691525813,40.790174296204476,-4.298365116119385,-4.094315528869629,40.76091003417969,40.871788024902344,2011.4931131318356,314.34097969999993
756,5,c0756e05,213,2026-06-28 09:58:26+00:00,2026-06-28 17:48:26+00:00,7.833333333333333,-5.5599357757210175,38.64623717187156,-5.57974910736084,-5.540988922119141,38.62626647949219,38.66828155517578,601.3503289425435,301.8027724
11,9,c0011e09,211,2026-07-06 10:38:26+00:00,2026-07-06 21:58:17+00:00,11.330833333333333,-6.6776080086332925,38.29069725145096,-6.697901725769043,-6.636387825012207,38.273921966552734,38.30270004272461,183.3315213671899,297.7922437
877,2,c0877e02,211,2026-06-13 11:58:37+00:00,2026-06-13 19:08:34+00:00,7.1658333333333335,-8.60823145409896,42.767387046633175,-8.637871742248535,-8.583596229553223,42.74293899536133,42.80208206176758,463.3001855803493,328.9278522
57,9,c0057e09,209,2026-05-17 05:48:21+00:00,2026-05-18 15:08:26+00:00,33.334722222222226,-8.817465640711442,37.983163349936454,-8.832025527954102,-8.806082725524902,37.962196350097656,38.00154113769531,40.84368194888932,295.3448037
171,9,c0171e09,204,2026-07-24 11:48:26+00:00,2026-07-24 17:58:21+00:00,6.165277777777778,-7.064642057699316,37.54966384289312,-7.084553241729736,-7.035658359527588,37.52663803100586,37.565799713134766,506.5984153339338,284.2368941
442,2,c0442e02,203,2026-07-02 14:18:37+00:00,2026-07-02 19:58:34+00:00,5.6658333333333335,-3.258739479656877,40.801701080622934,-3.296006202697754,-3.2341113090515137,40.76897048950195,40.82448196411133,366.9939195410498,299.16149799999994
12,55,c0012e55,203,2026-07-04 14:28:37+00:00,2026-07-05 05:58:34+00:00,15.499166666666667,-8.434583156566902,41.27230729727909,-8.532681465148926,-8.30052375793457,41.06053161621094,41.31929397583008,141.90325895775288,306.03862349999997
206,55,c0206e55,202,2026-08-05 14:08:26+00:00,2026-08-06 06:28:26+00:00,16.333333333333332,-6.685850235495237,37.28515896938815,-6.7558274269104,-6.488838195800781,37.23824691772461,37.42823791503906,352.33636442403645,279.7475001
204,14,c0204e14,202,2026-09-07 02:48:34+00:00,2026-09-08 13:38:34+00:00,34.833333333333336,0.45456328958568004,42.90416736413937,0.4423115253448486,0.4681193828582763,42.88029861450195,42.913692474365234,64.9994530017044,311.0323948
376,12,c0376e12,202,2026-09-15 13:48:21+00:00,2026-09-15 23:48:21+00:00,10.0,-1.0696460516145914,39.76068547692629,-1.1119765043258667,-1.0384162664413452,39.73037338256836,39.78409576416016,1289.621222754433,290.77015120000004
33,19,c0033e19,201,2026-03-24 11:08:34+00:00,2026-03-25 01:38:34+00:00,14.5,-6.293875513978265,43.09402198222146,-6.6799421310424805,-6.037236213684082,42.90381622314453,43.37495422363281,237.26422746699888,313.41494020000005
483,1,c0483e01,199,2026-03-31 10:58:34+00:00,2026-03-31 17:38:37+00:00,6.6675,-8.566358734015843,40.5964431571002,-8.589438438415527,-8.547795295715332,40.57535171508789,40.61738967895508,191.08340495312788,295.8805991
5,101,c0005e101,199,2026-07-14 07:58:09+00:00,2026-07-14 19:18:21+00:00,11.336666666666666,3.466642632556321,36.398847417016725,2.111147880554199,3.73167085647583,36.10930633544922,36.51142120361328,200.5905759707426,269.35600020000004
221,18,c0221e18,197,2026-09-14 18:58:34+00:00,2026-09-15 13:18:34+00:00,18.333333333333332,-5.489783132136775,43.04513117988703,-5.522101402282715,-5.467679500579834,43.02136993408203,43.06926345825195,80.30114088752532,306.2487669000001
41,50,c0041e50,196,2026-07-05 11:58:29+00:00,2026-07-06 01:38:17+00:00,13.663333333333334,-0.3537161762312967,39.82472678593227,-0.3709900975227356,-0.3343544006347656,39.81325912475586,39.84003829956055,360.7789240938771,282.42563140000004
343,7,c0343e07,193,2026-08-10 11:28:37+00:00,2026-08-10 18:08:34+00:00,6.6658333333333335,-5.257117466605389,42.62404654310157,-5.274470806121826,-5.236022472381592,42.60496139526367,42.64765167236328,623.9357840956894,296.98115620000004
1233,0,c1233e00,193,2026-07-16 13:08:37+00:00,2026-07-17 04:28:34+00:00,15.3325,0.2079969720210436,42.483057565639676,0.1972371339797973,0.2228079438209533,42.46177291870117,42.50837326049805,510.6808597852193,294.3343314
32,15,c0032e15,191,2026-03-20 17:28:37+00:00,2026-03-21 19:48:37+00:00,26.333333333333332,-3.8635226232219115,43.18140167715662,-4.292938709259033,-3.4106383323669434,43.11561584472656,43.29441452026367,67.50735599329934,296.80914609999996
32,16,c0032e16,190,2026-03-22 10:38:34+00:00,2026-03-22 18:18:37+00:00,7.6675,-3.9499083205273275,43.19608224567614,-4.6411919593811035,-3.448009729385376,43.1381721496582,43.27042770385742,87.71736438810558,295.41443029999994
1299,0,c1299e00,188,2026-08-30 01:28:34+00:00,2026-08-31 10:18:37+00:00,32.83416666666667,-3.974606177908309,42.19337029152728,-3.987169027328491,-3.9607253074646,42.17282485961914,42.201683044433594,12.1020794581114,285.77789800000005
1013,7,c1013e07,187,2026-07-08 16:18:37+00:00,2026-07-09 02:58:34+00:00,10.665833333333333,0.4890899336274295,41.87593070453501,0.4595516920089721,0.5101563334465027,41.85762023925781,41.89875030517578,331.50814942749054,281.3574711
323,25,c0323e25,185,2026-07-28 12:58:37+00:00,2026-07-28 18:58:34+00:00,5.9991666666666665,-5.924623211010083,42.704115336650126,-5.950979232788086,-5.898048400878906,42.68448638916016,42.72890853881836,1074.4493640224994,285.6535887
85,48,c0085e48,184,2026-07-05 05:48:34+00:00,2026-07-06 07:08:34+00:00,25.333333333333332,-5.067416885624761,43.1395697179048,-5.098033428192139,-5.050479412078857,43.09124374389648,43.15793991088867,281.3670771320938,286.3684789
57,12,c0057e12,183,2026-05-29 21:18:21+00:00,2026-05-30 10:48:26+00:00,13.501388888888888,-8.81540248954231,37.98386956303497,-8.832025527954102,-8.806082725524902,37.97493362426758,38.00154113769531,48.022035755453395,258.59744809999995
12,21,c0012e21,180,2026-03-30 14:08:34+00:00,2026-04-01 02:28:34+00:00,36.333333333333336,-8.04387043317159,41.01360041300456,-8.304764747619629,-7.90334415435791,40.97332763671875,41.33396911621094,42.93773818694669,269.57215610000003
43,6,c0043e06,179,2026-05-22 13:58:26+00:00,2026-05-23 00:58:17+00:00,10.9975,-6.274737653785578,38.01450006921864,-6.287381649017334,-6.261225700378418,37.99241256713867,38.030704498291016,179.1637863288927,251.04532529999994
5,125,c0005e125,177,2026-08-18 13:38:26+00:00,2026-08-19 02:48:21+00:00,13.165277777777778,3.6652048832952637,36.561831328828454,3.6501681804656982,3.7108774185180664,36.54888153076172,36.60092544555664,400.1803549405954,240.33455640000005
5,105,c0005e105,177,2026-07-19 01:08:17+00:00,2026-07-20 00:18:04+00:00,23.163055555555555,3.384059439944682,36.2135308260298,2.5812485218048096,3.9715359210968018,36.12752532958984,36.72811508178711,1557.607887984543,238.79121530000003
548,2,c0548e02,176,2026-08-15 11:28:26+00:00,2026-08-15 23:08:17+00:00,11.664166666666667,-3.0556549497626047,36.8482218655673,-3.072908878326416,-3.037680387496948,36.83351516723633,36.873775482177734,231.67678578794215,240.01911889999997
3,82,c0003e82,176,2026-07-05 07:48:34+00:00,2026-07-05 21:48:34+00:00,14.0,-8.307908762585033,41.66250315579501,-8.349308013916016,-8.157754898071289,41.45759201049805,41.74345016479492,200.13807042466095,267.46193000000005
764,1,c0764e01,176,2026-07-03 18:18:37+00:00,2026-07-04 04:08:34+00:00,9.8325,-4.72573401982134,41.61562843756242,-4.7399983406066895,-4.712410926818848,41.59737777709961,41.6262321472168,147.6573777499884,264.5461756
33,12,c0033e12,175,2026-03-04 11:58:30+00:00,2026-03-05 07:18:22+00:00,19.33111111111111,-6.220070084163121,43.27571746826172,-6.4979143142700195,-6.069007396697998,43.07321548461914,43.37187576293945,108.95617977429252,273.92217460000006
948,5,c0948e05,173,2026-06-15 13:08:41+00:00,2026-06-15 20:08:34+00:00,6.998055555555555,-7.753264212194895,43.43573461102613,-7.771939754486084,-7.7322468757629395,43.42470932006836,43.456180572509766,101.66888309585497,273.04285230000016
156,29,c0156e29,171,2026-08-19 12:28:37+00:00,2026-08-19 18:18:34+00:00,5.8325,-4.205805516382407,40.30310192442777,-4.2285895347595215,-4.189661979675293,40.28353500366211,40.325164794921875,712.8499933293218,249.74727659999996
1185,0,c1185e00,171,2026-06-30 12:08:41+00:00,2026-06-30 18:38:34+00:00,6.498055555555555,-7.372701187579953,41.397012744033546,-7.392087936401367,-7.350750923156738,41.3720588684082,41.41402053833008,225.58704177178151,257.57446289999996
1010,2,c1010e02,171,2026-07-22 17:38:34+00:00,2026-07-22 22:28:34+00:00,4.833333333333333,-6.439615436464722,41.74916346589027,-6.471919536590576,-6.408315181732178,41.732784271240234,41.776763916015625,729.4589484217842,258.8452891
40,3,c0040e03,170,2026-03-01 11:48:22+00:00,2026-03-01 17:28:30+00:00,5.668888888888889,-1.49270918544601,43.18046944562126,-1.7340383529663086,-0.8831838965415955,42.919952392578125,43.36973190307617,75.69392213409368,263.4525721
671,26,c0671e26,168,2026-08-29 11:48:37+00:00,2026-08-30 07:18:37+00:00,19.5,-4.4291740372067405,41.98470642453148,-4.44097375869751,-4.427174091339111,41.97745513916016,41.99188995361328,39.0232402527455,254.44372799999994
4,173,c0004e173,166,2026-09-11 12:08:37+00:00,2026-09-15 13:38:34+00:00,97.49916666666667,-5.832733361117811,43.53972186812435,-5.847868919372559,-5.819912910461426,43.51582336425781,43.546165466308594,29.289309489822607,261.129439
184,43,c0184e43,166,2026-07-12 21:18:34+00:00,2026-07-13 13:28:37+00:00,16.1675,-6.69547133273389,42.887255082647485,-6.851197719573975,-6.68059778213501,42.68424606323242,42.91075897216797,56.176066397739525,257.9356174999999
211,22,c0211e22,165,2026-06-13 12:08:26+00:00,2026-06-14 09:18:26+00:00,21.166666666666668,-4.763167808995102,38.03664370450107,-4.790929317474365,-4.703978538513184,37.84584426879883,38.08037567138672,242.1055253895975,230.6836508
168,24,c0168e24,165,2026-07-08 15:18:37+00:00,2026-07-09 13:58:37+00:00,22.666666666666668,-5.889567152659098,43.096910973751186,-5.90325403213501,-5.875490188598633,43.0783805847168,43.107810974121094,37.71017910918882,257.0572186
1233,2,c1233e02,165,2026-08-04 12:08:37+00:00,2026-08-05 09:38:37+00:00,21.5,0.27491554961060033,42.46999618067886,0.2607677578926086,0.2862793505191803,42.45279312133789,42.48554611206055,304.45068873005215,251.5629874
183,23,c0183e23,164,2026-07-07 10:48:37+00:00,2026-07-07 18:58:34+00:00,8.165833333333333,3.2010808877828643,43.62940920853033,3.179450273513794,3.2202634811401367,43.61620330810547,43.646053314208984,531.065547082186,257.2349747
994,2,c0994e02,162,2026-07-06 11:48:26+00:00,2026-07-06 19:08:21+00:00,7.331944444444445,-5.334497766730226,36.75712995175962,-5.350269317626953,-5.314031600952148,36.73958969116211,36.78028106689453,222.40155796306257,221.46479939999998
1119,1,c1119e01,161,2026-07-09 19:58:17+00:00,2026-07-10 04:28:21+00:00,8.501111111111111,-6.303302797471514,39.82825206969836,-6.3256402015686035,-6.273809432983398,39.805030822753906,39.845943450927734,603.155613838608,233.9798707
85,3,c0085e03,160,2026-02-25 03:18:30+00:00,2026-02-25 21:18:30+00:00,18.0,-5.306762015819549,43.28242616653442,-5.4877848625183105,-5.193089962005615,43.15488815307617,43.32979202270508,122.2047794004201,249.93897289999995
168,2,c0168e02,160,2026-02-24 21:28:30+00:00,2026-02-25 17:08:30+00:00,19.666666666666668,-5.753020417690277,43.15599110126495,-5.884011268615723,-5.579135894775391,42.98442459106445,43.24620056152344,107.36112024548208,249.46690720000004
346,6,c0346e06,160,2026-07-25 10:38:26+00:00,2026-07-25 22:28:17+00:00,11.830833333333333,-3.562893606722355,36.9183714389801,-3.587869167327881,-3.541539192199707,36.901329040527344,36.92877578735352,419.729133736546,218.63124950000002
32,64,c0032e64,159,2026-06-24 00:48:34+00:00,2026-06-24 17:28:37+00:00,16.6675,-4.269830478812164,43.07633614690049,-4.496276378631592,-4.241179943084717,43.039363861083984,43.16042709350586,38.01300099620628,246.69575910000006
56,2,c0056e02,158,2026-02-25 09:38:22+00:00,2026-02-25 22:48:30+00:00,13.168888888888889,-4.89147752749769,43.355175863338424,-5.021168231964111,-4.641561985015869,43.335792541503906,43.36809539794922,120.20685998733325,246.96805240000003
85,12,c0085e12,155,2026-03-24 11:28:34+00:00,2026-03-25 01:48:37+00:00,14.334166666666667,-5.327434918188279,43.252615897886216,-5.349761962890625,-5.098033428192139,43.09124374389648,43.40202713012695,94.82570296314394,241.98213520000002
838,1,c0838e01,154,2026-07-03 14:48:26+00:00,2026-07-03 22:58:17+00:00,8.164166666666667,-8.837137531924558,38.53125002477076,-8.860554695129395,-8.82044506072998,38.51422882080078,38.55430221557617,191.89632812037692,219.910491
776,2,c0776e02,153,2026-06-28 13:48:41+00:00,2026-06-29 01:58:34+00:00,12.164722222222222,-6.942180745741901,41.046202092388874,-6.956942558288574,-6.919823169708252,41.02870559692383,41.05595016479492,85.99558418562756,228.43245949999996
282,14,c0282e14,152,2026-05-06 06:58:17+00:00,2026-05-06 17:08:29+00:00,10.17,-8.16451292916348,37.97634486148232,-8.207887649536133,-8.100111961364746,37.89528274536133,38.002098083496094,58.10987157376616,214.2502085
41,40,c0041e40,151,2026-04-27 02:28:34+00:00,2026-04-27 09:08:34+00:00,6.666666666666667,-0.2177206552186549,39.95638297883091,-0.2376907765865326,-0.2010792195796966,39.937591552734375,39.96549987792969,125.58573059907,218.15666569999993
313,21,c0313e21,151,2026-07-31 03:08:34+00:00,2026-07-31 08:58:37+00:00,5.8341666666666665,-5.667206104228039,40.23763926929196,-5.687836647033691,-5.650178909301758,40.22349548339844,40.25249099731445,195.1643338151023,220.94959519999998
1052,1,c1052e01,150,2026-07-09 14:48:26+00:00,2026-07-09 23:18:17+00:00,8.4975,-5.067806622187296,36.49592323303223,-5.085948944091797,-5.050088405609131,36.48792266845703,36.50123596191406,556.4911661066174,203.94117000000003
990,2,c0990e02,150,2026-07-24 16:18:34+00:00,2026-07-24 23:48:34+00:00,7.5,2.3218196964263917,43.55638262430827,2.279309034347534,2.356577157974243,43.53626251220703,43.5814323425293,321.4091766907623,234.63808550000002
913,7,c0913e07,149,2026-09-09 19:48:17+00:00,2026-09-10 07:48:26+00:00,12.0025,-3.374974257193956,37.89135112378421,-3.393620729446411,-3.3574161529541016,37.869590759277344,37.91048812866211,190.82058640775503,207.24341120000003
1258,0,c1258e00,149,2026-07-27 11:28:26+00:00,2026-07-27 17:08:21+00:00,5.665277777777778,-3.43164927367396,38.45128733999777,-3.447597026824951,-3.410407304763794,38.43099594116211,38.47090148925781,589.7409810832845,209.4968968
467,4,c0467e04,148,2026-07-04 08:38:26+00:00,2026-07-04 16:28:26+00:00,7.833333333333333,-6.08265795901015,37.5592500068046,-6.1011152267456055,-6.037322521209717,37.512969970703125,37.57723236083984,121.9616239248558,205.67583550000003
12,18,c0012e18,147,2026-03-26 14:18:34+00:00,2026-03-27 22:38:37+00:00,32.33416666666667,-8.031913637303981,40.980529292100144,-8.103306770324707,-7.862584114074707,40.95621490478515,41.066837310791016,54.05047537022731,219.9684252
814,3,c0814e03,146,2026-07-11 22:08:34+00:00,2026-07-12 16:48:37+00:00,18.6675,-9.02083316567826,43.15968181662364,-9.04090404510498,-8.998737335205078,43.14685821533203,43.17765045166016,243.86087652644815,230.00417620000002
88,37,c0088e37,146,2026-06-13 09:48:26+00:00,2026-06-13 16:18:26+00:00,6.5,-5.275134249909283,37.63619289659474,-5.316819190979004,-5.127028465270996,37.50008010864258,37.68461227416992,147.5357894126792,202.7975943
156,28,c0156e28,146,2026-08-01 13:48:37+00:00,2026-08-01 19:38:34+00:00,5.8325,-4.675480891580451,40.28339788358505,-4.785436153411865,-4.631779670715332,40.2601318359375,40.3530387878418,497.3838538848483,213.3642348
529,2,c0529e02,145,2026-07-04 13:38:26+00:00,2026-07-04 20:28:21+00:00,6.831944444444445,-5.405589577247357,38.407242873619346,-5.4267377853393555,-5.389728546142578,38.38737869262695,38.42737579345703,446.8782727300564,204.4588957
396,4,c0396e04,145,2026-07-08 14:08:37+00:00,2026-07-08 18:28:34+00:00,4.3325,1.5095439746462065,41.36441731946222,1.491480588912964,1.529340744018555,41.349178314208984,41.389312744140625,706.1186242130553,215.83695
178,5,c0178e05,144,2026-07-16 14:08:26+00:00,2026-07-16 19:08:21+00:00,4.998611111111111,-7.865510874324375,39.67305352952745,-7.8916015625,-7.826581001281738,39.65631484985352,39.69733428955078,616.3568178358538,209.5993832
56,9,c0056e09,144,2026-03-24 09:48:34+00:00,2026-03-25 02:28:34+00:00,16.666666666666668,-4.826100379228592,43.336725023057724,-4.97499418258667,-4.69337272644043,43.291900634765625,43.3609504699707,92.4637974792004,224.9739177
16,43,c0016e43,142,2026-03-29 07:38:17+00:00,2026-03-29 15:38:26+00:00,8.0025,-1.59124236291563,37.86752405300946,-1.7045921087265017,-0.9289809465408324,37.78111267089844,38.46220779418945,802.8311349939669,197.05795189999998
177,7,c0177e07,141,2026-08-01 14:28:37+00:00,2026-08-01 18:28:34+00:00,3.9991666666666665,-7.88235407687248,41.18247542144559,-7.905821800231934,-7.865264892578125,41.17047500610352,41.19724655151367,764.7651802551325,211.7652181
1161,1,c1161e01,140,2026-07-29 11:58:37+00:00,2026-07-30 02:18:34+00:00,14.3325,-7.638031928879874,43.58442145756313,-7.6493096351623535,-7.620870113372803,43.559513092041016,43.605499267578125,176.14388317811807,221.60562819999996
945,3,c0945e03,138,2026-07-29 12:18:37+00:00,2026-07-29 17:28:34+00:00,5.1658333333333335,-7.925624121790347,43.29980430050173,-7.949976444244385,-7.905950546264648,43.28092575073242,43.32644271850586,355.37536503373445,217.2502685
3,39,c0003e39,138,2026-04-26 12:08:34+00:00,2026-04-27 03:08:34+00:00,15.0,-8.304633133653281,41.54388668226159,-8.383172035217285,-8.293662071228027,41.5184211730957,42.12864685058594,108.61053119536696,209.1744756
17,10,c0017e10,138,2026-07-22 15:18:26+00:00,2026-07-23 01:28:17+00:00,10.164166666666667,-4.078412546627764,39.62386885933254,-4.096534252166748,-4.0590410232543945,39.5977668762207,39.63995742797851,248.81446194894795,198.7470667
141,7,c0141e07,138,2026-08-01 16:08:26+00:00,2026-08-01 19:38:17+00:00,3.4975,-4.673972496088,39.12452642468438,-4.703388690948486,-4.640978813171387,39.10913848876953,39.14921188354492,649.6195339056334,196.9923878
877,1,c0877e01,136,2026-06-12 14:18:41+00:00,2026-06-13 01:08:34+00:00,10.831388888888888,-8.632426935083727,42.74595033421236,-8.659807205200195,-8.60969066619873,42.72926712036133,42.773170471191406,904.3111937427176,211.91604990000002
570,7,c0570e07,136,2026-08-08 12:28:37+00:00,2026-08-08 16:48:34+00:00,4.3325,-7.501125297125648,40.65277433395386,-7.521323680877685,-7.482179641723633,40.63405227661133,40.673973083496094,422.605687647148,201.74749959999997
1,18,c0001e18,136,2026-05-29 22:58:34+00:00,2026-05-30 17:48:37+00:00,18.83416666666667,1.2305372488849304,41.18086340848137,1.1625868082046509,1.2381112575531006,41.14178085327149,41.18418884277344,35.130824926585454,201.61172859999996
777,1,c0777e01,135,2026-04-04 10:18:09+00:00,2026-04-04 16:48:13+00:00,6.501111111111111,-5.6541050557737,36.2711595888491,-5.671650409698486,-5.6463775634765625,36.252960205078125,36.278419494628906,56.27892258968788,183.07491119999995
5,24,c0005e24,132,2026-03-07 10:17:58+00:00,2026-03-07 15:58:06+00:00,5.668888888888889,3.3188588655356206,36.21682999350808,2.553417921066284,3.990686655044556,36.000030517578125,36.85696029663086,10.829742802326336,178.0597166
1049,1,c1049e01,131,2026-07-24 09:28:37+00:00,2026-07-24 17:18:34+00:00,7.8325,1.2863011214569324,42.462863892999316,1.27815580368042,1.3038556575775146,42.44667434692383,42.475948333740234,211.2565254468952,199.7855745
3,35,c0003e35,131,2026-04-22 07:08:34+00:00,2026-04-22 19:48:37+00:00,12.6675,-7.760972670926392,41.76811279413354,-8.477699279785156,-7.13342809677124,41.52193069458008,41.88255310058594,84.35556690424028,199.1945946
0,163,c0000e163,130,2026-09-11 06:38:37+00:00,2026-09-13 06:38:37+00:00,48.0,-5.732463704622709,43.52567165081317,-5.74154806137085,-5.7268757820129395,43.51474380493164,43.5297966003418,13.87232702463542,204.37739399999998
281,4,c0281e04,130,2026-06-10 10:58:26+00:00,2026-06-10 17:28:26+00:00,6.5,-8.61320995917687,37.72258617694561,-8.629951477050781,-8.602500915527344,37.70984649658203,37.73641204833984,152.44253552413917,182.65161140000004
1251,0,c1251e00,127,2026-07-23 01:08:17+00:00,2026-07-23 09:58:26+00:00,8.835833333333333,-4.732351475813258,39.923310047059545,-4.75170373916626,-4.714986801147461,39.907012939453125,39.934288024902344,57.36480438767593,184.25287830000005
131,14,c0131e14,127,2026-04-04 06:28:17+00:00,2026-04-04 13:48:26+00:00,7.335833333333333,-7.512809535649818,38.046510561244695,-7.617109298706055,-7.4114670753479,38.02648162841797,38.069732666015625,29.375690189412953,178.85922820000002
581,3,c0581e03,127,2026-09-14 22:38:34+00:00,2026-09-16 00:38:37+00:00,26.000833333333333,-4.183920079328883,41.96968640304926,-4.1978044509887695,-4.172453880310059,41.959129333496094,41.9739990234375,17.499304014599755,192.19958059999996
1206,0,c1206e00,125,2026-07-07 17:48:34+00:00,2026-07-08 01:38:34+00:00,7.833333333333333,-6.58803646850586,42.47549984741211,-6.606475830078125,-6.5791215896606445,42.46579360961914,42.497283935546875,92.44155278808492,192.34130430000005
98,8,c0098e08,125,2026-03-29 10:38:17+00:00,2026-03-29 14:28:26+00:00,3.8358333333333334,-2.511904573440552,39.20161373901367,-2.938544750213623,-2.1394176483154297,38.82193374633789,39.81557846069336,9.59222481811101,178.14484359999997
12,26,c0012e26,124,2026-04-04 12:18:34+00:00,2026-04-04 23:48:34+00:00,11.5,-8.111340822712068,41.02325482522288,-8.522253036499023,-8.040773391723633,40.988094329833984,41.30545425415039,17.582816098132135,185.77809390000002
184,25,c0184e25,124,2026-06-19 13:48:41+00:00,2026-06-19 22:28:34+00:00,8.664722222222222,-6.669523466017939,42.693429023988784,-6.684469223022461,-6.6457624435424805,42.6844367980957,42.71449279785156,94.30030689494347,191.78008839999995
1,65,c0001e65,123,2026-08-22 13:58:37+00:00,2026-08-23 01:48:34+00:00,11.8325,1.2310179307208797,41.178915287421,1.2129160165786743,1.2381112575531006,41.16986083984375,41.19791793823242,39.60884559916662,182.34132669999994
5,25,c0005e25,123,2026-03-08 10:07:58+00:00,2026-03-08 14:18:14+00:00,4.171111111111111,3.4368491114639657,36.304355001061914,2.2059295177459717,3.970402717590332,36.010345458984375,36.7805290222168,11.088053572172171,166.20211619999998
2,74,c0002e74,122,2026-07-15 11:18:29+00:00,2026-07-15 17:18:21+00:00,5.997777777777777,-4.172351352504043,38.59746761009341,-4.196105003356934,-4.148077487945557,38.57136535644531,38.622596740722656,368.88370427186567,172.2086808
85,10,c0085e10,122,2026-03-19 15:18:37+00:00,2026-03-20 09:18:34+00:00,17.999166666666667,-5.419477275160492,43.212156327044376,-5.453325271606445,-5.390615463256836,43.16165542602539,43.26957321166992,55.314554990146625,190.32502589999999
3,16,c0003e16,122,2026-03-18 14:48:34+00:00,2026-03-19 00:48:34+00:00,10.0,-7.551141938225168,41.833748270253665,-8.302059173583984,-6.817378520965576,41.48858642578125,41.98041915893555,141.08300365658198,185.64917659999995
184,50,c0184e50,121,2026-07-26 10:48:41+00:00,2026-07-26 17:48:34+00:00,6.998055555555555,-6.926833858174726,42.69159209826761,-6.942718505859375,-6.84976053237915,42.673770904541016,42.70283126831055,161.61319279404017,187.27762119999997
16,51,c0016e51,121,2026-04-13 10:18:21+00:00,2026-04-13 14:58:26+00:00,4.668055555555555,-1.1277710859440575,38.21358616095929,-1.669563055038452,-0.7178314924240112,37.74454116821289,38.59153366088867,9.571513068548787,168.9616867
671,24,c0671e24,120,2026-07-19 13:48:37+00:00,2026-07-19 19:48:34+00:00,5.9991666666666665,-4.403540372848511,41.937116082509355,-4.425004482269287,-4.385674476623535,41.91961669921875,41.94929504394531,147.94848392775668,181.52550319999997
904,2,c0904e02,120,2026-06-03 11:58:26+00:00,2026-06-03 19:48:26+00:00,7.833333333333333,-3.99106360077858,39.839584763844805,-4.001534461975098,-3.936695098876953,39.8018684387207,39.85854721069336,193.572294884496,173.54623929999997
859,0,c0859e00,120,2026-04-10 06:48:17+00:00,2026-04-10 12:48:21+00:00,6.001111111111111,-7.139645810921987,39.13699954350789,-7.1528825759887695,-7.127023220062256,39.11883544921875,39.14564514160156,41.66244400430457,172.4090184
1137,0,c1137e00,119,2026-06-14 06:48:34+00:00,2026-06-14 15:48:37+00:00,9.000833333333333,-8.218996424634918,42.474596199869104,-8.229830741882324,-8.180479049682617,42.45516204833984,42.51242446899414,332.019569894186,184.0569057
1002,3,c1002e03,119,2026-06-24 00:38:34+00:00,2026-06-24 08:18:34+00:00,7.666666666666667,2.0576109725888037,43.78024929912151,2.040264129638672,2.066925525665283,43.758888244628906,43.788818359375,39.319377620120285,187.0553038
3,80,c0003e80,118,2026-07-03 10:18:37+00:00,2026-07-03 20:38:34+00:00,10.3325,-8.271727917558056,41.55280404171701,-8.376163482666016,-8.259649276733398,41.47621536254883,41.574459075927734,118.69758457849454,178.8775162
522,4,c0522e04,118,2026-07-24 08:58:37+00:00,2026-07-24 15:38:37+00:00,6.666666666666667,3.640997807858354,43.49551737510552,3.6149322986602783,3.653890371322632,43.474735260009766,43.518062591552734,278.69185350247255,184.61425940000004
3,78,c0003e78,117,2026-06-30 16:58:37+00:00,2026-07-01 14:38:37+00:00,21.666666666666668,-8.002096449208056,41.764509999853935,-8.433572769165039,-7.316901683807373,41.74479293823242,41.8626823425293,41.00718507428664,178.0355071
878,3,c0878e03,117,2026-07-21 03:18:17+00:00,2026-07-21 09:08:26+00:00,5.835833333333333,-6.825100201826829,37.87405225965712,-6.832703590393066,-6.8073530197143555,37.858272552490234,37.88347244262695,44.19836448633576,163.89390629999997
34,14,c0034e14,116,2026-05-23 22:38:21+00:00,2026-05-24 07:18:17+00:00,8.665555555555555,3.173806295312684,36.64271867686305,3.167633056640625,3.1798431873321533,36.63692855834961,36.64983367919922,31.418086872686317,157.62194280000006
3,24,c0003e24,116,2026-04-10 09:38:34+00:00,2026-04-10 18:18:37+00:00,8.6675,-7.452255318904745,41.76191083316145,-8.576448440551758,-6.940768241882324,41.37250900268555,41.99620819091797,102.59978561449066,176.1828453
1067,4,c1067e04,116,2026-07-05 14:18:29+00:00,2026-07-05 18:48:21+00:00,4.497777777777777,-5.236024556488826,38.32392449214541,-5.253633975982666,-5.215620517730713,38.30618667602539,38.34550094604492,931.972275348346,163.23395159999995
3,28,c0003e28,115,2026-04-16 11:08:34+00:00,2026-04-16 15:38:37+00:00,4.5008333333333335,-6.943603358061417,42.034259663457455,-8.0203218460083,-6.886870384216309,41.564945220947266,42.07609558105469,724.8268868873829,175.45226589999996
858,1,c0858e01,115,2026-04-10 05:28:17+00:00,2026-04-10 19:58:26+00:00,14.5025,-7.812251580279806,37.980181951108186,-7.823391437530518,-7.797882080078125,37.967830657958984,37.994384765625,19.747029241134953,161.9039724
12,11,c0012e11,114,2026-03-17 10:18:26+00:00,2026-03-17 19:18:30+00:00,9.001111111111111,-7.982511252687688,40.948790633887576,-8.28557014465332,-7.917893886566162,40.83955764770508,41.01155471801758,182.07782034686275,170.4489525
85,52,c0085e52,113,2026-07-12 07:48:37+00:00,2026-07-12 16:48:37+00:00,9.0,-5.347509439012645,43.14550605706409,-5.364263534545898,-5.334908962249756,43.126033782958984,43.16058349609375,163.6156488483777,175.99350210000003
191,0,c0191e00,113,2026-02-24 10:28:25+00:00,2026-02-24 15:08:30+00:00,4.668055555555555,-6.584558254849594,42.29897028155032,-6.6002068519592285,-6.569921970367432,42.28609085083008,42.32062530517578,287.14768956638807,173.22857599999998
282,15,c0282e15,113,2026-05-07 06:58:17+00:00,2026-05-07 11:18:26+00:00,4.335833333333333,-8.163616762752026,37.97573545337778,-8.20958137512207,-8.120362281799316,37.9481201171875,38.0023193359375,63.277033372174294,159.2724886
3,6,c0003e06,112,2026-02-26 15:08:30+00:00,2026-02-26 23:28:30+00:00,8.333333333333334,-6.896373608282635,42.00360083580017,-6.951988220214844,-6.792074203491211,41.894325256347656,42.0629997253418,338.35965002638227,170.71088279999998
282,13,c0282e13,112,2026-05-05 06:58:17+00:00,2026-05-05 10:08:21+00:00,3.167777777777778,-8.166381248406001,37.97777329172407,-8.207887649536133,-8.121975898742676,37.96121597290039,37.98915100097656,52.39720819652642,157.874172
1,19,c0001e19,112,2026-05-31 00:28:34+00:00,2026-05-31 13:28:37+00:00,13.000833333333333,1.2284705213138036,41.18014247076852,1.1623225212097168,1.238398551940918,41.128135681152344,41.19795227050781,23.085954863047135,166.03101329999996
3,13,c0003e13,111,2026-03-12 12:18:30+00:00,2026-03-12 19:28:30+00:00,7.166666666666667,-7.411734426343763,41.802992640314876,-8.159974098205566,-6.8319010734558105,41.4134521484375,41.98063659667969,81.00655928915496,168.7167801999999
1100,0,c1100e00,110,2026-06-01 13:38:26+00:00,2026-06-01 16:18:26+00:00,2.6666666666666665,-6.214877124266191,38.20241352428089,-6.244540691375732,-6.184793472290039,38.18832778930664,38.22771072387695,252.4102131165496,154.79494389999994
3,127,c0003e127,109,2026-09-15 15:38:34+00:00,2026-09-16 06:58:37+00:00,15.334166666666667,-8.293457398720838,41.62146612044868,-8.657034873962402,-7.348276138305664,41.46696853637695,41.67850875854492,44.647273644904374,165.49855409999998
304,8,c0304e08,108,2026-09-19 03:18:37+00:00,2026-09-19 08:58:37+00:00,5.666666666666667,-8.425136707447193,42.441318370677806,-8.44412899017334,-8.404313087463379,42.43088150024414,42.459598541259766,122.0987381145222,167.04412229999997
1317,0,c1317e00,108,2026-09-11 10:48:26+00:00,2026-09-11 18:18:17+00:00,7.4975,-7.869057553785819,37.44741725921631,-7.890083312988281,-7.854556560516357,37.43581008911133,37.46179962158203,227.167202797222,150.57637989999998
221,14,c0221e14,107,2026-07-10 04:58:34+00:00,2026-07-10 12:18:37+00:00,7.3341666666666665,-5.535503895483284,43.021672649918315,-5.54524564743042,-5.518852233886719,43.00836181640625,43.04090881347656,49.657637742747774,166.26314290000002
463,8,c0463e08,107,2026-08-08 14:08:37+00:00,2026-08-08 19:38:34+00:00,5.4991666666666665,-7.975568949619186,42.6140335296916,-7.991952896118164,-7.950851440429688,42.593170166015625,42.63848114013672,128.39597360184405,165.87408370000006
3,81,c0003e81,106,2026-07-04 11:48:41+00:00,2026-07-04 19:18:34+00:00,7.498055555555555,-8.414928391294659,41.78289697755058,-8.768583297729492,-8.259649276733398,41.54633712768555,42.13486862182617,73.15029858000334,161.57466700000003
3,25,c0003e25,106,2026-04-11 13:48:34+00:00,2026-04-12 03:38:34+00:00,13.833333333333334,-7.6919897412354095,41.76682626976157,-8.46043872833252,-6.937746047973633,41.644996643066406,41.9673957824707,75.6592994562385,161.1376306
12,17,c0012e17,106,2026-03-25 10:18:34+00:00,2026-03-25 19:28:37+00:00,9.1675,-7.98021465877317,41.00705236758826,-8.489757537841797,-7.850515365600586,40.959346771240234,41.21306991577149,84.98497057055518,158.67675210000002
282,9,c0282e09,105,2026-04-28 06:58:17+00:00,2026-04-28 14:28:26+00:00,7.5025,-8.172308812822614,37.983360508510046,-8.197562217712402,-8.120362281799316,37.96099090576172,38.05325698852539,51.42841436770707,148.02885899999998
4,98,c0004e98,105,2026-06-11 05:58:34+00:00,2026-06-13 15:38:37+00:00,57.6675,-5.833084206354051,43.539788963681175,-5.847868919372559,-5.819912910461426,43.530155181884766,43.546165466308594,22.774216994991548,165.17198249999998
362,5,c0362e05,105,2026-07-16 11:58:37+00:00,2026-07-16 14:58:37+00:00,3.0,-2.317082234791347,41.2769524710519,-2.3496923446655273,-2.2754409313201904,41.24982833862305,41.29314041137695,261.7604228796681,156.13735309999998
3,32,c0003e32,105,2026-04-19 10:28:34+00:00,2026-04-19 21:08:37+00:00,10.6675,-8.291737987881614,41.74242001488095,-8.364112854003906,-7.783859729766846,41.69879150390625,41.92437744140625,68.81497705840519,159.8506152
12,45,c0012e45,104,2026-05-31 14:28:37+00:00,2026-05-31 20:08:34+00:00,5.6658333333333335,-8.510121886546795,41.22357357465304,-8.530136108398438,-8.489757537841797,41.21282577514648,41.242313385009766,116.75427844427516,156.67531300000002
309,3,c0309e03,104,2026-07-10 13:28:26+00:00,2026-07-10 17:18:26+00:00,3.8333333333333335,-5.993087887763977,39.335470126225395,-6.016887187957764,-5.957359790802002,39.314002990722656,39.354732513427734,222.74344217879008,149.5385804
183,24,c0183e24,103,2026-07-08 05:48:34+00:00,2026-07-08 14:38:37+00:00,8.834166666666667,3.204635666412057,43.63007462140426,3.192479133605957,3.2193689346313477,43.6013298034668,43.64594268798828,218.733123921483,161.5700290000001
198,3,c0198e03,103,2026-03-21 12:28:34+00:00,2026-03-21 16:18:37+00:00,3.8341666666666665,-6.34191929715351,43.476531093560375,-6.36228609085083,-6.322655200958252,43.458717346191406,43.490753173828125,113.4134584685533,162.02839140000006
1114,2,c1114e02,102,2026-07-09 18:08:37+00:00,2026-07-10 14:58:37+00:00,20.833333333333332,-3.054131736942366,42.244858311671834,-3.063202381134033,-3.037239789962769,42.2309684753418,42.26048278808594,70.2747818061661,155.05308179999997
56,1,c0056e01,102,2026-02-24 09:08:22+00:00,2026-02-24 20:38:30+00:00,11.502222222222223,-4.990046164568732,43.361600688859525,-5.060496807098389,-4.736561298370361,43.339141845703125,43.3959846496582,91.13560531910036,159.49679490000003
113,41,c0113e41,102,2026-06-15 04:48:34+00:00,2026-06-15 12:58:37+00:00,8.1675,-0.8531335083877339,41.57413475186217,-0.8582817912101746,-0.8453276753425598,41.5608024597168,41.59001922607422,38.89581852361832,152.45053860000004
3,108,c0003e108,102,2026-08-09 11:18:37+00:00,2026-08-09 22:18:34+00:00,10.999166666666667,-7.601295209398456,41.42960769054937,-7.621038436889648,-7.583073139190674,41.414424896240234,41.442138671875,208.6257988035612,153.87427540000004
12,53,c0012e53,101,2026-07-03 14:58:37+00:00,2026-07-03 19:08:34+00:00,4.1658333333333335,-8.436742168841976,41.05888774607441,-8.585224151611328,-8.186050415039062,40.97202682495117,41.187503814697266,96.77198221000108,151.58477349999995
282,25,c0282e25,101,2026-05-20 06:28:17+00:00,2026-05-20 11:38:26+00:00,5.1691666666666665,-8.16823652475187,37.9855364431249,-8.183830261230469,-8.147714614868164,37.974822998046875,38.00156021118164,61.827078822162576,142.38821780000004
248,1,c0248e01,101,2026-03-29 16:08:37+00:00,2026-03-30 07:18:34+00:00,15.165833333333333,-5.371746195424901,40.24126479649308,-5.380625247955322,-5.3543291091918945,40.23085021972656,40.257781982421875,61.50315436665431,147.71960660000002
12,42,c0012e42,100,2026-05-27 14:28:37+00:00,2026-05-27 23:48:34+00:00,9.3325,-8.358048505783081,40.97396263122559,-8.443117141723633,-8.294088363647461,40.94344711303711,41.23978805541992,54.60552838243565,149.75503700000002
57,13,c0057e13,100,2026-06-15 17:38:26+00:00,2026-06-16 03:38:17+00:00,9.9975,-8.816299791336059,37.9827029800415,-8.819977760314941,-8.806082725524902,37.97493362426758,37.98843765258789,22.98638255784945,141.3096797
32,12,c0032e12,100,2026-03-03 12:38:30+00:00,2026-03-05 04:08:30+00:00,39.5,-4.025230896472931,43.19754257202148,-4.494819641113281,-3.585207462310791,43.08326721191406,43.36429977416992,66.16327359059258,155.49950690000003
231,4,c0231e04,100,2026-03-31 07:38:17+00:00,2026-03-31 17:28:26+00:00,9.835833333333333,-7.287448496818542,38.21018650054932,-7.30057430267334,-7.27507209777832,38.194801330566406,38.22124481201172,18.48125264766489,141.15995479999998
35,6,c0035e06,100,2026-04-16 04:18:34+00:00,2026-04-16 09:48:34+00:00,5.5,0.40277394026517865,40.50077377319336,0.3751030266284942,0.4489049613475799,40.459842681884766,40.51446914672851,24.987323742258138,146.08471239999997
1274,1,c1274e01,99,2026-08-07 12:38:37+00:00,2026-08-08 09:58:41+00:00,21.334444444444443,-0.247083861869995,42.93701426188151,-0.2630189061164856,-0.237324982881546,42.92803955078125,42.942665100097656,23.89432237171009,152.53066619999998
33,64,c0033e64,99,2026-08-13 14:28:37+00:00,2026-08-13 19:08:34+00:00,4.6658333333333335,-6.385030264806265,42.95423588608251,-6.405055522918701,-6.363078594207764,42.936668395996094,42.96556854248047,366.24670018805216,153.92613520000003
9,20,c0009e20,98,2026-03-29 10:28:17+00:00,2026-03-29 13:48:21+00:00,3.3344444444444443,-2.064813785407008,38.76750046866281,-2.5381970405578613,-1.3526759147644043,38.42409896850586,39.1247673034668,8.99469059168269,138.41907750000001
5,130,c0005e130,98,2026-08-26 10:08:26+00:00,2026-08-26 16:38:21+00:00,6.498611111111111,3.702755852621429,36.51078037339814,2.4117441177368164,3.994808435440063,36.24893569946289,36.84465408325195,479.02460456742944,132.96636289999998
85,15,c0085e15,97,2026-04-06 14:08:34+00:00,2026-04-06 18:28:37+00:00,4.3341666666666665,-5.458230008784029,43.29679249242409,-5.482095718383789,-5.391600608825684,43.28162384033203,43.31208038330078,123.92118381495123,151.62595689999998
40,47,c0040e47,96,2026-07-12 16:38:34+00:00,2026-07-13 02:48:34+00:00,10.166666666666666,-0.42536053744455177,42.95940935611725,-0.4428799748420715,-0.4170435070991516,42.94319152832031,42.98028564453125,54.812096142411946,147.97098060000002
282,21,c0282e21,95,2026-05-15 06:28:17+00:00,2026-05-15 18:18:26+00:00,11.835833333333333,-8.145104829888595,37.98405468589381,-8.182165145874023,-8.111580848693848,37.96228790283203,38.000274658203125,35.062988134280246,133.91479340000004
213,3,c0213e03,94,2026-03-23 10:48:34+00:00,2026-03-23 16:08:37+00:00,5.3341666666666665,-6.275346456690038,42.284619960379096,-6.28944206237793,-6.260986328125,42.26802062988281,42.297359466552734,171.5600736747712,143.93267060000005
3,66,c0003e66,94,2026-06-12 06:28:34+00:00,2026-06-12 15:58:37+00:00,9.500833333333333,-8.092951236887181,41.63476550325434,-8.428955078125,-8.01060676574707,41.34516525268555,41.91797637939453,68.79580829803372,142.67220930000008
2,79,c0002e79,93,2026-07-24 15:18:26+00:00,2026-07-24 19:18:17+00:00,3.9975,-4.248330741800288,38.6723497862457,-4.273245334625244,-4.224481582641602,38.650779724121094,38.690242767333984,241.73980945784837,131.49521909999999
546,7,c0546e07,92,2026-07-28 01:58:34+00:00,2026-07-28 21:38:34+00:00,19.666666666666668,-4.0532524637554,42.160378539043926,-4.061384677886963,-4.046600818634033,42.144771575927734,42.17365646362305,18.21609820532338,139.76854529999997
4,114,c0004e114,92,2026-07-04 05:18:34+00:00,2026-07-06 21:58:34+00:00,64.66666666666667,-5.832585728686789,43.54040771981944,-5.834774494171143,-5.819912910461426,43.530155181884766,43.54597473144531,26.444022060732017,144.725918
206,17,c0206e17,92,2026-05-21 12:38:26+00:00,2026-05-21 19:18:26+00:00,6.666666666666667,-6.618012417917666,37.724002464957856,-6.639547348022461,-6.237201690673828,37.502105712890625,37.739219665527344,547.6993141818324,128.42659609999998
346,1,c0346e01,91,2026-03-29 14:18:26+00:00,2026-03-29 18:08:26+00:00,3.8333333333333335,-3.585167491829002,36.854105855082416,-3.5969905853271484,-3.572611093521118,36.8405876159668,36.86421203613281,172.2794883052674,124.21572919999998
37,53,c0037e53,91,2026-05-24 23:38:34+00:00,2026-05-25 10:18:34+00:00,10.666666666666666,-1.3111199415647066,42.18032996209113,-1.3232736587524414,-1.29761803150177,42.159767150878906,42.18831253051758,23.98099054071596,137.86070079999996
980,1,c0980e01,89,2026-08-08 10:28:41+00:00,2026-08-08 20:08:34+00:00,9.664722222222222,-7.684956791695584,41.98325905103362,-7.708880424499512,-7.668518543243408,41.96916198730469,42.01346206665039,343.0820630540255,135.9172017
574,1,c0574e01,89,2026-04-06 11:28:34+00:00,2026-04-06 15:48:37+00:00,4.3341666666666665,-8.619656691390476,43.30317289373848,-8.633169174194336,-8.604191780090332,43.28507995605469,43.31682586669922,293.411246750186,140.44748660000002
1013,13,c1013e13,88,2026-09-15 14:08:34+00:00,2026-09-15 17:48:34+00:00,3.6666666666666665,0.564332320608876,41.845283248207785,0.5474290251731873,0.5853424072265625,41.8295783996582,41.85795593261719,184.66390527095547,132.2991404
137,7,c0137e07,88,2026-07-15 15:38:37+00:00,2026-07-15 19:48:34+00:00,4.1658333333333335,-5.009848302060908,42.345723542300135,-5.048017501831055,-4.986523151397705,42.28435134887695,42.40047454833984,94.95724538262868,134.4965005
3,1,c0003e01,88,2026-01-05 16:48:30+00:00,2026-01-06 03:18:33+00:00,10.500833333333333,-8.632321921261875,41.79757668755271,-8.729876518249512,-8.602119445800781,41.78164291381836,41.81006622314453,38.09171834523096,134.27556450000003
168,6,c0168e06,87,2026-03-04 17:08:30+00:00,2026-03-05 01:18:30+00:00,8.166666666666666,-5.766937069509221,43.11108529978785,-5.829509735107422,-5.679310321807861,43.00374221801758,43.21200180053711,41.71411559268079,135.51963919999997
164,9,c0164e09,87,2026-07-27 11:28:41+00:00,2026-07-27 16:08:34+00:00,4.664722222222222,-6.594836032253572,41.8884040569437,-6.614041328430176,-6.573902606964111,41.877410888671875,41.90753173828125,692.5774702490751,132.15589110000005
9,28,c0009e28,87,2026-04-13 07:28:17+00:00,2026-04-13 13:28:26+00:00,6.0025,-1.7499047531478706,38.82828302493041,-2.401294708251953,-1.4058797359466553,38.51353073120117,39.16553497314453,8.97886261967817,122.9955144
3,10,c0003e10,86,2026-03-04 11:58:30+00:00,2026-03-04 21:08:30+00:00,9.166666666666666,-7.341865705889325,41.84704407980276,-8.355953216552734,-6.820244312286377,41.538856506347656,42.116065979003906,54.40138086078421,130.81134570000003
397,6,c0397e06,86,2026-06-24 15:48:37+00:00,2026-06-24 19:08:34+00:00,3.3325,-0.16061572938464405,41.14458532111589,-0.1803019195795059,-0.1429617553949356,41.13734436035156,41.1663703918457,150.95966539484365,127.36974599999996
40,9,c0040e09,86,2026-03-17 11:48:30+00:00,2026-03-17 17:18:30+00:00,5.5,-1.3719492346741433,43.141097445820655,-1.606771469116211,-0.6092445850372314,42.915733337402344,43.29542922973633,143.5551521004967,133.14177909999998
98,13,c0098e13,86,2026-04-13 10:48:21+00:00,2026-04-13 14:18:26+00:00,3.501388888888889,-2.498029110043548,39.30806053516476,-2.8345208168029785,-2.0451135635375977,38.78192901611328,39.81539535522461,8.982145167737748,122.81578379999998
452,2,c0452e02,85,2026-04-03 14:08:34+00:00,2026-04-03 17:08:37+00:00,3.0008333333333335,-5.81079060049618,40.146553129308366,-5.8271989822387695,-5.789408206939697,40.131893157958984,40.16274642944336,201.13346439964417,124.190333
282,30,c0282e30,84,2026-06-13 13:08:26+00:00,2026-06-13 16:18:26+00:00,3.1666666666666665,-8.131201233182635,37.93357830955868,-8.154820442199707,-8.115482330322266,37.90880584716797,37.94887924194336,470.15826502126504,118.2921382
390,4,c0390e04,84,2026-07-14 14:28:37+00:00,2026-07-14 18:08:34+00:00,3.6658333333333335,1.6242763981932686,41.67725526718866,1.6003292798995972,1.6380283832550049,41.65856170654297,41.687355041503906,583.9474697603283,125.89552239999998
955,4,c0955e04,84,2026-07-09 10:58:37+00:00,2026-07-09 18:38:34+00:00,7.6658333333333335,1.1800789691153026,41.606260799226305,1.1595611572265625,1.1971580982208252,41.58791732788086,41.631134033203125,335.41685189189405,125.66745529999999
1193,0,c1193e00,84,2026-07-02 15:48:26+00:00,2026-07-02 19:48:21+00:00,3.998611111111111,-8.547746578852335,39.205760183788485,-8.564801216125488,-8.536453247070312,39.18640899658203,39.21406555175781,79.91032002561359,121.41795459999999
776,3,c0776e03,84,2026-09-15 22:38:34+00:00,2026-09-16 07:18:37+00:00,8.6675,-6.963560496057783,41.052290326073056,-6.982039451599121,-6.944655418395996,41.04340744018555,41.06840515136719,67.72167887372574,125.44285539999998
1212,0,c1212e00,84,2026-07-08 13:58:26+00:00,2026-07-08 18:28:21+00:00,4.498611111111111,-8.002967516581217,38.53920800345285,-8.026216506958008,-7.976224422454834,38.522666931152344,38.54939651489258,180.41210062465603,119.60961879999998
1236,0,c1236e00,84,2026-07-17 05:18:34+00:00,2026-07-17 15:28:37+00:00,10.1675,0.6439837877239499,42.569449288504465,0.6308103799819946,0.6562386155128479,42.566856384277344,42.583984375,63.70567027264072,128.42446679999998
282,12,c0282e12,83,2026-05-04 07:18:17+00:00,2026-05-04 10:38:21+00:00,3.3344444444444443,-8.165995942540915,37.97681960140366,-8.206217765808105,-8.120362281799316,37.96099090576172,37.98892593383789,27.632488734305294,116.99632780000002
1323,0,c1323e00,83,2026-09-14 12:28:37+00:00,2026-09-14 17:48:34+00:00,5.3325,1.9271646580064152,42.64660676703396,1.908434510231018,1.9349075555801392,42.635520935058594,42.66971206665039,43.921100617497345,127.15338750000001
480,1,c0480e01,83,2026-03-23 06:28:17+00:00,2026-03-23 11:38:21+00:00,5.167777777777777,-5.220790443650211,38.046183758471386,-5.230436325073242,-5.1913604736328125,38.01788330078125,38.05864715576172,32.96879851610831,116.16410059999998
967,6,c0967e06,83,2026-08-13 14:18:37+00:00,2026-08-13 18:38:34+00:00,4.3325,-3.093879357877984,43.13237528054111,-3.1122372150421143,-3.0855302810668945,43.11347579956055,43.14352035522461,102.11415030263557,128.69151790000004
0,89,c0000e89,82,2026-05-21 19:18:37+00:00,2026-05-22 11:38:37+00:00,16.333333333333332,-5.733181569634414,43.5260576387731,-5.74154806137085,-5.7268757820129395,43.51474380493164,43.5297966003418,15.937386200967971,128.91497159999997
96,6,c0096e06,82,2026-06-29 12:38:26+00:00,2026-06-30 03:28:17+00:00,14.830833333333333,-3.8162102931883277,38.515565034819815,-3.844783782958984,-3.796403646469116,38.49907302856445,38.52836990356445,336.22380423131847,115.50083609999999
1288,0,c1288e00,82,2026-08-16 14:18:37+00:00,2026-08-16 20:48:34+00:00,6.4991666666666665,-8.500014572608762,40.80843711480862,-8.518982887268066,-8.481204986572266,40.79458236694336,40.8230094909668,107.76753472526896,122.4524563
275,1,c0275e01,82,2026-03-25 09:58:34+00:00,2026-03-25 17:58:37+00:00,8.000833333333333,-5.7187329269037015,42.64700759329447,-5.727407932281494,-5.698808193206787,42.62419891357422,42.66741561889648,57.47302189953727,126.38300770000002
282,8,c0282e08,81,2026-04-27 06:58:17+00:00,2026-04-27 10:58:21+00:00,4.001111111111111,-8.174780551298165,37.988440337004484,-8.19587230682373,-8.121975898742676,37.97395324707031,38.00178146362305,67.75544155030624,114.2029036
37,20,c0037e20,81,2026-03-29 10:38:34+00:00,2026-03-29 13:28:34+00:00,2.8333333333333335,-1.5352120083055378,42.0757204691569,-2.3798038959503174,-0.8681145310401917,41.81605911254883,42.45653533935547,9.223254003833784,122.4695159
0,158,c0000e158,81,2026-09-03 15:58:34+00:00,2026-09-04 07:28:37+00:00,15.500833333333333,-5.732216929212028,43.52398615707586,-5.74154806137085,-5.715411186218262,43.51474380493164,43.5297966003418,22.117576112390974,127.34250499999997
177,5,c0177e05,80,2026-05-29 23:08:34+00:00,2026-05-30 06:18:34+00:00,7.166666666666667,-7.8370859026908875,41.275568866729735,-7.854089736938477,-7.826732158660889,41.26463317871094,41.29167938232422,64.28957291197004,120.3714367
33,6,c0033e06,80,2026-02-24 09:58:22+00:00,2026-02-25 08:48:22+00:00,22.833333333333332,-6.176677393913269,43.17514147758484,-6.626845836639404,-5.994255065917969,43.110572814941406,43.29189682006836,142.1570488251469,124.93388289999999
1232,1,c1232e01,80,2026-07-16 11:58:37+00:00,2026-07-16 22:08:34+00:00,10.165833333333333,0.09324259143322702,42.882775163650514,0.083308570086956,0.1089543253183364,42.866451263427734,42.89157485961914,172.70685708066432,123.1098653
1262,2,c1262e02,80,2026-09-16 11:38:37+00:00,2026-09-16 20:48:34+00:00,9.165833333333333,-7.7890974402427675,42.58282079696655,-7.804415702819824,-7.778601169586182,42.57679748535156,42.59140396118164,78.24199312173886,123.8589795
3,14,c0003e14,80,2026-03-15 12:58:30+00:00,2026-03-15 18:28:30+00:00,5.5,-7.222574484348297,41.91320667266846,-8.387540817260742,-6.9614787101745605,41.76060485839844,41.98674774169922,29.97010011227342,121.81245819999998
16,89,c0016e89,79,2026-05-26 05:08:17+00:00,2026-05-26 12:28:26+00:00,7.335833333333333,-1.1770144497291952,38.18192537525032,-1.678747057914734,-0.8792831301689148,37.809471130371094,38.51399230957031,16.76382753215117,110.25311199999997
1175,4,c1175e04,79,2026-07-29 16:38:34+00:00,2026-07-30 05:08:34+00:00,12.5,-6.51602379883392,42.66387152370018,-6.526144981384277,-6.498372554779053,42.65323257446289,42.683570861816406,254.9497056877095,122.06127619999998
33,63,c0033e63,78,2026-08-07 10:08:41+00:00,2026-08-07 16:28:34+00:00,6.331388888888889,-6.601766794155806,43.44066986670861,-6.6203742027282715,-6.59226131439209,43.433067321777344,43.44873046875,52.32003657651508,122.69404950000002
40,5,c0040e05,78,2026-03-04 10:38:22+00:00,2026-03-04 17:18:30+00:00,6.668888888888889,-1.473391592502594,43.187861564831856,-1.5662211179733276,-1.072787880897522,43.004676818847656,43.38650131225586,188.9578321427665,120.90463849999998
0,88,c0000e88,78,2026-05-20 17:08:37+00:00,2026-05-21 10:28:34+00:00,17.3325,-5.733464204348051,43.5262569525303,-5.74154806137085,-5.7268757820129395,43.51474380493164,43.5297966003418,12.881638491557355,122.6264364
40,8,c0040e08,78,2026-03-13 10:18:26+00:00,2026-03-13 14:48:30+00:00,4.501111111111111,-1.020307848850886,43.056261307153946,-1.911851167678833,-0.6103833913803101,42.9461784362793,43.22075271606445,137.0199483203716,120.52152289999995
967,7,c0967e07,78,2026-09-04 12:28:37+00:00,2026-09-04 16:08:37+00:00,3.6666666666666665,-3.154681074313628,43.16588876186273,-3.1662917137145996,-3.13964581489563,43.157249450683594,43.18790054321289,207.1026948142322,121.0246806
16,90,c0016e90,77,2026-05-27 05:48:17+00:00,2026-05-27 12:08:26+00:00,6.335833333333333,-1.1462032988473967,38.23665093756341,-1.4230844974517822,-0.7853677272796631,37.80937957763672,38.51399230957031,19.61824324054091,107.5740177
56,22,c0056e22,77,2026-08-11 15:08:37+00:00,2026-08-11 23:08:34+00:00,7.9991666666666665,-4.689261999997226,43.33712828004515,-4.706374645233154,-4.679097652435303,43.320335388183594,43.347713470458984,99.60305620181934,120.25722379999999
32,9,c0032e09,77,2026-03-01 20:08:30+00:00,2026-03-02 04:48:30+00:00,8.666666666666666,-3.622918277591854,43.14875956944057,-3.809550046920776,-3.5427095890045166,43.11592102050781,43.2125129699707,106.05493014394992,119.52911919999998
113,48,c0113e48,77,2026-08-05 20:38:34+00:00,2026-08-06 07:08:37+00:00,10.500833333333333,-0.8635219118811868,41.55982391555588,-0.8705838918685913,-0.8576093912124634,41.54584503173828,41.574974060058594,22.744435605241023,115.06862570000004
1238,0,c1238e00,77,2026-07-17 16:48:34+00:00,2026-07-17 21:28:34+00:00,4.666666666666667,0.324143310645958,42.563193135447314,0.312156081199646,0.3378148674964905,42.54957580566406,42.57905578613281,574.4337124383197,117.63950410000004
888,2,c0888e02,76,2026-08-06 14:28:37+00:00,2026-08-06 17:08:34+00:00,2.6658333333333335,-7.668044962381062,40.57051131599828,-7.686033725738525,-7.645245552062988,40.55440902709961,40.5816764831543,374.2550387344651,112.6057569
72,11,c0072e11,76,2026-07-08 15:18:09+00:00,2026-07-08 19:48:09+00:00,4.5,2.1772773077613428,36.08272125846461,2.1641573905944824,2.1880128383636475,36.07028579711914,36.096534729003906,231.05528979216697,102.1351462
948,1,c0948e01,75,2026-04-22 10:58:34+00:00,2026-04-22 15:38:37+00:00,4.6675,-7.761218579610189,43.517242177327475,-7.771897792816162,-7.743445873260498,43.49966049194336,43.530487060546875,60.38159394132464,118.60212230000002
282,23,c0282e23,75,2026-05-18 06:28:17+00:00,2026-05-18 10:28:26+00:00,4.0025,-8.16594326019287,37.9838205464681,-8.183830261230469,-8.146056175231934,37.97460174560547,38.00156021118164,42.9672233430874,105.72898880000001
656,13,c0656e13,74,2026-07-01 15:48:26+00:00,2026-07-01 18:28:26+00:00,2.6666666666666665,-3.5751069655289522,38.33718944240261,-3.5954415798187256,-3.547762393951416,38.315128326416016,38.35393524169922,456.4011828352907,103.8401852
483,3,c0483e03,74,2026-07-27 14:38:37+00:00,2026-07-27 18:28:34+00:00,3.8325,-8.567221435340675,40.55790705294223,-8.585408210754395,-8.545783996582031,40.53385543823242,40.57601165771485,180.6882938848981,109.94455529999999
33,18,c0033e18,74,2026-03-22 09:38:34+00:00,2026-03-22 18:58:37+00:00,9.334166666666667,-6.327062684136468,43.284982475074564,-6.696650981903076,-6.092940807342529,43.144500732421875,43.32630157470703,48.1498868258608,115.8935207
4,78,c0004e78,74,2026-05-19 23:18:34+00:00,2026-05-21 19:38:37+00:00,44.33416666666667,-5.833576595461047,43.541592623736406,-5.847868919372559,-5.819912910461426,43.530155181884766,43.546165466308594,19.6212482967044,116.41552100000001
3,4,c0003e04,74,2026-02-24 11:28:22+00:00,2026-02-24 18:18:30+00:00,6.835555555555556,-7.824455390105376,41.72362219320761,-8.508788108825684,-6.979258060455322,41.65696716308594,42.08172225952149,85.40250300081648,112.43332600000002
508,1,c0508e01,74,2026-03-24 09:18:34+00:00,2026-03-24 12:18:34+00:00,3.0,-7.887730823980795,42.023945267136035,-7.906910419464111,-7.866947174072266,42.01676177978515,42.03052520751953,110.53745384877767,113.19484790000003
246,1,c0246e01,73,2026-03-26 11:18:17+00:00,2026-03-26 17:18:29+00:00,6.003333333333333,-8.319770865244408,39.98718836536146,-8.329018592834473,-8.30203914642334,39.974098205566406,40.00335311889648,48.93556768561506,107.1054049
88,35,c0088e35,73,2026-06-08 12:48:26+00:00,2026-06-08 21:28:21+00:00,8.665277777777778,-5.203698256244398,37.59403704290521,-5.443841457366943,-5.122424602508545,37.28110885620117,37.62118911743164,81.54632159917652,101.30352199999999
64,57,c0064e57,73,2026-05-22 05:38:17+00:00,2026-05-22 08:48:21+00:00,3.167777777777778,-0.5908915612795581,38.982255021186724,-0.6142910718917847,-0.5620673894882202,38.61725234985352,39.464385986328125,15.250922927073969,103.45558120000001
756,8,c0756e08,73,2026-07-28 08:28:26+00:00,2026-07-28 11:58:26+00:00,3.5,-5.506377964803617,38.68653226878545,-5.522917747497559,-5.485687732696533,38.666446685791016,38.706016540527344,133.3603396761252,103.51118090000001
32,45,c0032e45,73,2026-05-28 21:18:34+00:00,2026-05-29 14:48:37+00:00,17.500833333333333,-3.625673052382796,43.2164157188102,-3.634828329086304,-3.620902538299561,43.21395111083984,43.22880172729492,10.202960743513716,113.52062830000001
449,5,c0449e05,73,2026-09-14 13:38:37+00:00,2026-09-14 17:58:34+00:00,4.3325,2.8365406761430716,42.84661812978248,2.826063394546509,2.852574586868286,42.834327697753906,42.86336898803711,202.48521066564945,112.3930847
175,20,c0175e20,73,2026-07-01 23:08:34+00:00,2026-07-02 03:58:34+00:00,4.833333333333333,-6.367331210881064,40.053455039246444,-6.384437561035156,-6.347437381744385,40.03897857666016,40.0661506652832,175.25866926042278,106.58884770000002
39,3,c0039e03,73,2026-03-18 07:18:22+00:00,2026-03-18 09:58:26+00:00,2.667777777777778,-0.8494123097968428,40.251983642578125,-0.8634220957756042,-0.8387421369552612,40.23153305053711,40.27141952514648,66.65989249047931,106.1286331
13,20,c0013e20,72,2026-07-23 18:08:21+00:00,2026-07-23 22:58:17+00:00,4.832222222222223,-1.3118257754378848,37.67102914386325,-1.3343913555145264,-1.287054181098938,37.65297317504883,37.69232177734375,165.81510516794458,99.52114749999998
1119,0,c1119e00,72,2026-06-10 04:48:17+00:00,2026-06-10 08:58:26+00:00,4.1691666666666665,-6.365272945827908,39.78176519605849,-6.381699085235596,-6.354325771331787,39.766475677490234,39.79387664794922,154.27209848244686,104.5476076
20,34,c0020e34,72,2026-08-03 15:08:26+00:00,2026-08-03 18:08:21+00:00,2.998611111111111,-6.429116076893276,38.86414443122016,-6.457367897033691,-6.299985885620117,38.84036636352539,38.89278030395508,219.01429673414063,102.68370619999999
0,131,c0000e131,72,2026-07-23 00:58:34+00:00,2026-07-23 18:08:34+00:00,17.166666666666668,-5.732741157213847,43.527197413974335,-5.74154806137085,-5.7268757820129395,43.51474380493164,43.5297966003418,24.538962867643892,113.19363359999998
37,15,c0037e15,72,2026-03-24 10:18:34+00:00,2026-03-24 17:48:37+00:00,7.5008333333333335,-1.9303831342193816,42.13416714138455,-2.3798038959503174,-1.2767947912216189,41.846588134765625,42.38930130004883,34.588194421202374,109.04721270000002
57,10,c0057e10,72,2026-05-19 06:48:17+00:00,2026-05-19 22:38:21+00:00,15.834444444444445,-8.818351639641655,37.981482399834526,-8.819977760314941,-8.806082725524902,37.97493362426758,37.98843765258789,45.05960056689905,101.74103639999998
40,58,c0040e58,72,2026-09-04 08:38:41+00:00,2026-09-04 23:28:34+00:00,14.831388888888888,-0.5389520956410302,42.92614560657077,-0.5453886985778809,-0.53216153383255,42.90909957885742,42.94428634643555,41.66150176330239,110.92478000000001
439,4,c0439e04,71,2026-07-29 08:58:37+00:00,2026-07-29 17:38:34+00:00,8.665833333333333,-3.407238285306474,40.44079122409015,-3.4373857975006104,-3.337862968444824,40.42655944824219,40.45489883422851,267.2641090305258,103.8686754
57,8,c0057e08,71,2026-05-09 06:28:17+00:00,2026-05-10 04:38:17+00:00,22.166666666666668,-8.817032814025879,37.98429258104781,-8.832025527954102,-8.806082725524902,37.97493362426758,37.988677978515625,19.90736051027473,100.3359366
323,4,c0323e04,71,2026-03-24 12:38:34+00:00,2026-03-24 17:28:37+00:00,4.8341666666666665,-6.246486865298849,42.59576878077547,-6.26057243347168,-6.232900142669678,42.58692932128906,42.60307312011719,117.5199336281976,109.44904119999998
85,8,c0085e08,71,2026-03-04 19:58:30+00:00,2026-03-05 02:28:30+00:00,6.5,-5.198255915037343,43.212592218963195,-5.504488468170166,-5.093247890472412,43.171836853027344,43.28288650512695,67.5507046534076,110.69905219999997
231,13,c0231e13,71,2026-06-03 05:18:17+00:00,2026-06-03 08:48:21+00:00,3.5011111111111113,-7.3553930000520085,38.25695156043684,-7.365285873413086,-7.339686393737793,38.24831771850586,38.274959564208984,37.98182133146933,100.34061039999995
189,16,c0189e16,70,2026-04-17 10:08:34+00:00,2026-04-17 15:38:37+00:00,5.5008333333333335,0.09103705521140777,43.00988578796387,0.0706836134195327,0.1092327013611793,42.98650360107422,43.067726135253906,192.4826720580884,108.02150759999998
859,2,c0859e02,70,2026-06-30 17:08:26+00:00,2026-06-30 19:18:21+00:00,2.165277777777778,-7.153900562013899,39.196792820521765,-7.172804832458496,-7.133063793182373,39.18518829345703,39.21282958984375,323.05666602831786,100.6972284
179,11,c0179e11,70,2026-08-18 05:28:37+00:00,2026-08-18 16:28:34+00:00,10.999166666666667,1.5136437467166355,42.90567801339286,1.50700044631958,1.5198845863342283,42.90451431274414,42.91912460327149,27.315000732358538,107.82790200000001
113,16,c0113e16,70,2026-03-29 10:38:34+00:00,2026-03-29 14:18:34+00:00,3.6666666666666665,-0.7646450668573379,41.08305713108608,-1.2031391859054563,-0.3635315895080566,40.55584335327149,41.50167465209961,9.810425294478613,103.5507598
0,49,c0000e49,70,2026-03-16 18:18:30+00:00,2026-03-17 20:28:30+00:00,26.166666666666668,-5.728660038539341,43.52621994018555,-5.74154806137085,-5.7268757820129395,43.51474380493164,43.5297966003418,10.784884813781128,110.049366
113,21,c0113e21,69,2026-04-05 19:38:37+00:00,2026-04-06 02:38:34+00:00,6.9991666666666665,-0.8548391202221746,41.55420966770338,-0.8703697919845581,-0.8451024293899536,41.53171920776367,41.561038970947266,39.81715537416406,103.09283430000004
1244,0,c1244e00,69,2026-07-21 06:58:26+00:00,2026-07-21 09:18:26+00:00,2.3333333333333335,-2.6150574580482813,37.447808749433875,-2.631154775619507,-2.5953457355499268,37.43215560913086,37.45866012573242,155.2611683277403,95.09318100000003
3,99,c0003e99,69,2026-07-26 09:48:37+00:00,2026-07-26 23:28:34+00:00,13.665833333333333,-8.449017856432045,41.74320309404014,-8.845773696899414,-7.674125671386719,41.33305740356445,41.83163833618164,42.14068234276749,105.09395970000001
85,49,c0085e49,69,2026-07-06 13:08:37+00:00,2026-07-07 03:08:34+00:00,13.999166666666667,-5.085086235101672,43.13946765402089,-5.103264331817627,-5.075562477111816,43.12421798706055,43.15793991088867,78.07450930618519,107.3987003
1,0,c0001e00,68,2026-01-01 00:08:30+00:00,2026-01-01 10:58:22+00:00,10.831111111111111,1.231299472205779,41.182306233574366,1.225369572639465,1.238398551940918,41.17012405395508,41.19795227050781,26.315561238163458,100.80728020000001
3,29,c0003e29,68,2026-04-17 11:48:34+00:00,2026-04-17 20:58:37+00:00,9.1675,-7.714555487913244,41.74666713265812,-8.006011009216309,-7.098521709442139,41.63256072998047,41.9313850402832,60.97447543820105,103.33130499999999
168,4,c0168e04,68,2026-03-02 22:48:30+00:00,2026-03-03 04:48:30+00:00,6.0,-5.793296905124889,43.16865747115191,-5.968747615814209,-5.703909397125244,43.10823440551758,43.21295166015625,112.39572136634018,106.05845709999998
119,1,c0119e01,68,2026-06-17 16:38:37+00:00,2026-06-17 19:08:34+00:00,2.4991666666666665,1.3499365887221169,41.614401031942926,1.334665298461914,1.3726409673690796,41.6007080078125,41.63020324707031,217.2240708784189,101.76489199999997
16,25,c0016e25,68,2026-02-25 06:48:14+00:00,2026-02-25 16:08:14+00:00,9.333333333333334,-0.8656891628223307,38.0491247177124,-1.4091380834579468,-0.7730817794799805,37.93938446044922,38.52708435058594,19.53676357961796,94.6515268
585,1,c0585e01,68,2026-03-29 06:58:17+00:00,2026-03-29 14:38:26+00:00,7.6691666666666665,-7.536380648612976,37.715156106387866,-7.542672157287598,-7.527749061584473,37.702606201171875,37.72874450683594,52.994003469500505,95.17508939999999
199,1,c0199e01,68,2026-09-14 18:28:34+00:00,2026-09-14 22:38:34+00:00,4.166666666666667,-2.886556015295141,43.319635335136866,-2.903921604156494,-2.8764593601226807,43.305206298828125,43.33479690551758,276.3566292279153,105.8458948
12,29,c0012e29,67,2026-04-10 10:18:34+00:00,2026-04-10 16:58:37+00:00,6.6675,-8.176965186845012,41.036372455198375,-8.558130264282227,-7.901422500610352,40.88445663452149,41.334102630615234,53.8678820007943,100.42907550000001
156,24,c0156e24,67,2026-07-10 10:18:37+00:00,2026-07-10 17:08:34+00:00,6.8325,-4.614095132742355,40.4493399662758,-4.6328816413879395,-4.5959601402282715,40.436126708984375,40.46281433105469,136.3595887356106,98.23137450000002
801,3,c0801e03,67,2026-07-05 14:58:37+00:00,2026-07-05 18:18:37+00:00,3.3333333333333335,-1.6256232902185241,42.7319876258053,-1.643356204032898,-1.617334485054016,42.722503662109375,42.75202941894531,278.6488867427452,102.78041300000001
64,13,c0064e13,67,2026-02-24 04:18:14+00:00,2026-02-24 10:58:14+00:00,6.666666666666667,-0.37299830700034525,39.14340767931582,-0.6701085567474365,-0.1256944090127945,38.84770584106445,39.383243560791016,12.408487432652455,95.23123470000002
184,8,c0184e08,66,2026-03-31 16:38:37+00:00,2026-03-31 20:08:37+00:00,3.5,-6.98187010938471,42.672332474679656,-7.005425930023193,-6.963404655456543,42.660457611083984,42.688838958740234,67.3271920958096,102.13546070000001
367,4,c0367e04,66,2026-04-04 11:18:21+00:00,2026-04-04 15:08:26+00:00,3.834722222222222,-1.495728308504278,39.8677372787938,-1.5031358003616333,-1.4784671068191528,39.862770080566406,39.87641143798828,76.94055482882924,95.25202499999999
35,16,c0035e16,66,2026-06-22 11:38:37+00:00,2026-06-22 17:48:37+00:00,6.166666666666667,0.4081245791731459,40.478681564331055,0.3995206952095032,0.4241109788417816,40.473445892333984,40.48725509643555,48.55433732737878,96.37828860000002
131,19,c0131e19,66,2026-04-21 11:28:21+00:00,2026-04-21 17:18:26+00:00,5.834722222222222,-7.425280274766864,38.031950517134234,-7.436983108520508,-7.409934997558594,38.01338195800781,38.053070068359375,74.52231902396926,92.8969644
168,7,c0168e07,66,2026-03-17 13:48:30+00:00,2026-03-17 21:58:30+00:00,8.166666666666666,-5.813909516190037,43.0843641685717,-5.89600133895874,-5.603198528289795,43.01774597167969,43.225643157958984,231.76167870906195,102.7652239
955,3,c0955e03,66,2026-07-08 18:48:34+00:00,2026-07-08 22:58:34+00:00,4.166666666666667,1.1906690868464382,41.58805766250148,1.1715073585510254,1.2090681791305542,41.57292938232422,41.602447509765625,334.19383671254167,98.69981439999998
1232,3,c1232e03,66,2026-07-17 23:08:34+00:00,2026-07-18 15:38:37+00:00,16.500833333333333,0.09612088040872047,42.87869228016246,0.083308570086956,0.1089358106255531,42.866451263427734,42.88105392456055,20.263694751040013,101.5417854
16,92,c0016e92,65,2026-05-29 05:28:17+00:00,2026-05-29 14:18:26+00:00,8.835833333333333,-1.0655685644883377,38.34556385920598,-1.678747057914734,-0.7049787044525146,37.83537292480469,38.51399230957031,22.25769041147369,90.99630660000001
288,2,c0288e02,65,2026-05-21 12:38:26+00:00,2026-05-21 16:48:26+00:00,4.166666666666667,-4.126217842102051,36.85281019944411,-4.132839202880859,-4.120543003082275,36.847320556640625,36.85921859741211,37.52074810832016,88.7885235
41,17,c0041e17,65,2026-03-17 06:18:22+00:00,2026-03-17 10:08:26+00:00,3.8344444444444443,-0.15981466288749988,39.954175919752856,-0.2008090764284134,-0.1280733793973922,39.857391357421875,40.02003479003906,17.793419916044947,93.90753560000002
677,7,c0677e07,64,2026-07-03 22:28:34+00:00,2026-07-04 07:18:34+00:00,8.833333333333334,1.797139972448349,41.53344535827637,1.7840808629989624,1.80914044380188,41.52171325683594,41.549461364746094,15.293929089096036,95.63782280000001
0,164,c0000e164,64,2026-09-13 19:28:34+00:00,2026-09-14 09:08:37+00:00,13.6675,-5.731386974453926,43.526408076286316,-5.74154806137085,-5.715411186218262,43.51474380493164,43.54450607299805,19.923821131977697,100.61722969999998
760,1,c0760e01,64,2026-06-09 21:58:34+00:00,2026-06-10 08:28:34+00:00,10.5,-3.7768227830529213,42.27737307548523,-3.7894418239593506,-3.763980865478515,42.27082061767578,42.28491973876953,11.33817568962824,97.442819
744,2,c0744e02,64,2026-07-19 14:18:37+00:00,2026-07-19 17:28:37+00:00,3.1666666666666665,-4.386345736682415,42.04897212982178,-4.395638465881348,-4.369230270385742,42.03336715698242,42.0759162902832,204.44885071049097,97.0610872
110,82,c0110e82,64,2026-07-24 12:18:26+00:00,2026-07-24 19:48:17+00:00,7.4975,-3.6606665924191475,37.201598167419434,-3.807265043258667,-3.627350091934204,37.06902694702149,37.236202239990234,84.03980135129949,87.91656850000001
238,7,c0238e07,64,2026-07-24 17:18:34+00:00,2026-07-24 19:58:34+00:00,2.6666666666666665,-4.653661832213402,41.68096661567688,-4.670125961303711,-4.630941867828369,41.66648483276367,41.696197509765625,104.69886598375804,96.3234972
1220,0,c1220e00,64,2026-07-10 16:08:26+00:00,2026-07-10 21:08:17+00:00,4.9975,-4.698340825736523,37.10040593147278,-4.7107014656066895,-4.685349941253662,37.081146240234375,37.1195182800293,108.19786514969076,87.912206
37,21,c0037e21,64,2026-03-30 11:08:34+00:00,2026-03-30 13:08:34+00:00,2.0,-1.7607677802443504,41.929957807064056,-2.4009392261505127,-1.256449818611145,41.80238342285156,42.23124313354492,12.101214738483431,96.4690432
282,10,c0282e10,63,2026-04-30 06:48:17+00:00,2026-04-30 09:08:21+00:00,2.3344444444444443,-8.160019284202939,37.97659162491087,-8.19587230682373,-8.120362281799316,37.96099090576172,37.98892593383789,45.959524797245614,88.80416000000002
2,6,c0002e06,63,2026-02-14 14:28:14+00:00,2026-02-15 16:08:14+00:00,25.666666666666668,-4.048718808189271,38.672659737723215,-4.0582451820373535,-4.044729709625244,38.66261291503906,38.68807601928711,8.491602272125293,89.05475800000004
934,1,c0934e01,63,2026-06-17 16:18:26+00:00,2026-06-17 18:28:26+00:00,2.1666666666666665,-7.424372635190449,39.437322828504776,-7.444407939910889,-7.405891895294189,39.41752624511719,39.44537353515625,301.96202230729136,91.13755330000001
504,8,c0504e08,63,2026-05-30 22:28:21+00:00,2026-05-31 14:58:26+00:00,16.50138888888889,-4.878297745235383,37.326788705492774,-4.987344264984131,-4.866655349731445,37.21359634399414,37.34104537963867,14.226550806904047,86.9315323
25,4,c0025e04,63,2026-08-26 10:08:37+00:00,2026-08-26 13:08:37+00:00,3.0,-0.6141689419746399,41.56455345759316,-0.6325876116752625,-0.5948390960693359,41.54772186279297,41.57571029663086,218.6041991309263,94.14682050000005
40,27,c0040e27,63,2026-04-10 09:38:34+00:00,2026-04-10 18:58:37+00:00,9.334166666666667,-0.60460811971672,42.975767468649245,-0.9826509952545166,-0.2249168157577514,42.94319152832031,43.03452682495117,161.6774834018813,97.15495889999998
71,8,c0071e08,63,2026-03-20 11:08:34+00:00,2026-03-20 16:38:37+00:00,5.5008333333333335,2.5405632692670066,42.57166338723803,2.531047821044922,2.557163715362549,42.56224060058594,42.595855712890625,33.28962297709664,96.39806860000003
183,6,c0183e06,62,2026-03-17 13:08:30+00:00,2026-03-17 16:38:30+00:00,3.5,3.2344411380829348,43.783163378315585,3.2157418727874756,3.274991273880005,43.67530059814453,43.83536529541016,43.70611200172921,97.60881850000001
85,16,c0085e16,62,2026-04-07 01:58:34+00:00,2026-04-07 18:18:37+00:00,16.33416666666667,-5.281756524116762,43.277295943229426,-5.4835920333862305,-5.074661731719971,43.216156005859375,43.31208038330078,31.617934665520245,96.82748960000002
973,1,c0973e01,62,2026-09-05 19:28:17+00:00,2026-09-06 02:38:21+00:00,7.167777777777777,-7.583395534946073,38.73011564439343,-7.600367546081543,-7.564052581787109,38.712703704833984,38.73846054077149,25.75553166477612,88.4953292
1193,2,c1193e02,62,2026-07-27 11:58:26+00:00,2026-07-27 15:48:26+00:00,3.8333333333333335,-8.526436467324533,39.166498245731475,-8.536453247070312,-8.50830364227295,39.1593017578125,39.18640899658203,99.9217614492636,89.53612200000003
20,33,c0020e33,62,2026-07-24 13:18:26+00:00,2026-07-24 18:48:21+00:00,5.498611111111111,-6.407744076944167,38.906089352023216,-6.560652256011963,-6.37529182434082,38.81659698486328,38.93428039550781,121.90277810040048,88.49052940000001
18,7,c0018e07,61,2026-03-29 11:08:17+00:00,2026-03-29 13:28:34+00:00,2.3380555555555556,-2.7596215537337008,39.88583417798652,-2.9407589435577393,-2.577199935913086,39.60108947753906,40.117061614990234,8.538277649975992,88.15521269999999
1188,1,c1188e01,61,2026-07-09 13:28:37+00:00,2026-07-09 17:28:34+00:00,3.9991666666666665,2.880715850923882,42.74313798497935,2.8722922801971436,2.9002325534820557,42.734676361083984,42.77872085571289,71.65247346232812,93.70949500000002
266,32,c0266e32,61,2026-09-02 00:48:17+00:00,2026-09-02 06:18:26+00:00,5.5025,-5.500913799786177,37.3704752687548,-5.506011486053467,-5.49314546585083,37.36297607421875,37.37603759765625,15.197185285981886,84.3463775
1134,1,c1134e01,61,2026-07-16 15:28:37+00:00,2026-07-16 18:08:34+00:00,2.6658333333333335,-3.6655517327980918,42.035277757488316,-3.6843557357788086,-3.646330595016479,42.02560043334961,42.05374526977539,141.70046764625965,92.3644682
40,13,c0040e13,61,2026-03-22 09:38:34+00:00,2026-03-22 17:48:37+00:00,8.1675,-1.636460957957096,43.08549749655802,-1.766831398010254,-0.6484742760658264,42.89037322998047,43.11978530883789,94.68483421705236,94.34207880000001
184,49,c0184e49,61,2026-07-24 08:18:37+00:00,2026-07-24 15:58:34+00:00,7.6658333333333335,-6.93880642437544,42.696780845767165,-6.955449104309082,-6.928124904632568,42.68837356567383,42.7173957824707,232.55069845452073,94.43404510000002
2,59,c0002e59,60,2026-06-01 03:18:17+00:00,2026-06-02 04:58:17+00:00,25.666666666666668,-4.05062936147054,38.675191497802736,-4.057393550872803,-4.045406818389893,38.67470169067383,38.687957763671875,16.55102127631616,84.82320600000003
295,3,c0295e03,60,2026-03-20 10:18:34+00:00,2026-03-20 18:38:37+00:00,8.334166666666667,1.1945164978504181,42.91456966400146,1.1867971420288086,1.2104328870773315,42.83327865600586,42.93815231323242,14.344353167272065,92.4035469
3,26,c0003e26,60,2026-04-12 12:18:34+00:00,2026-04-12 18:08:37+00:00,5.8341666666666665,-6.97248895963033,41.945974858601886,-7.798985004425049,-6.890783309936523,41.69850158691406,41.967620849609375,136.18033737264028,91.3626308
179,4,c0179e04,60,2026-03-20 10:08:34+00:00,2026-03-20 17:28:37+00:00,7.3341666666666665,1.508728031317393,42.93318042755127,1.4816992282867432,1.572387456893921,42.91838836669922,42.95307159423828,73.5728229666731,92.4737442
183,25,c0183e25,60,2026-08-14 11:58:37+00:00,2026-08-14 14:08:37+00:00,2.1666666666666665,3.316881545384725,43.8310775121053,3.2969350814819336,3.3361656665802,43.80754470825195,43.85163497924805,420.6488098256675,94.57957579999996
164,3,c0164e03,60,2026-03-15 13:48:30+00:00,2026-03-15 15:38:30+00:00,1.8333333333333333,-6.558145729700724,41.90321966807048,-6.577339172363281,-6.537621021270752,41.89219665527344,41.92020797729492,101.23190502148016,91.15724140000003
189,4,c0189e04,60,2026-02-27 09:08:22+00:00,2026-02-27 16:18:30+00:00,7.168888888888889,-0.06069076315810278,43.083273824055986,-0.0836351513862609,0.0578816793859005,43.053714752197266,43.09955596923828,104.66719586329889,92.7353184
259,22,c0259e22,60,2026-07-23 18:08:34+00:00,2026-07-23 21:38:34+00:00,3.5,-0.08018635051945842,40.84273827870687,-0.0927787497639656,-0.0680042207241058,40.82583999633789,40.85478591918945,102.14949306129095,88.28955179999997
1230,0,c1230e00,59,2026-07-14 14:38:37+00:00,2026-07-14 17:08:34+00:00,2.4991666666666665,-4.535266480203402,41.37328914060431,-4.55566930770874,-4.518186569213867,41.354469299316406,41.39720153808594,223.31106467421776,88.1941261
9,16,c0009e16,59,2026-03-15 11:08:14+00:00,2026-03-15 13:48:14+00:00,2.6666666666666665,-1.8078095428014205,38.78559338844428,-2.586620569229126,-1.3634506464004517,38.384666442871094,39.08331680297851,9.467250524043106,83.3441814
12,57,c0012e57,59,2026-07-06 19:38:34+00:00,2026-07-07 18:08:34+00:00,22.5,-8.177198830297439,41.011500730352886,-8.35579776763916,-8.07186508178711,40.97202682495117,41.04639434814453,30.405850747643765,88.37959310000001
1312,0,c1312e00,59,2026-09-06 21:18:34+00:00,2026-09-07 06:08:37+00:00,8.834166666666667,0.62600759833546,41.51755193936623,0.6192973852157593,0.6321218609809875,41.504791259765625,41.53330993652344,15.983956680014526,88.07259769999997
206,11,c0206e11,58,2026-04-20 13:28:26+00:00,2026-04-20 17:08:26+00:00,3.6666666666666665,-6.544050751061275,37.2793596859636,-6.558866024017334,-6.53399658203125,37.27420425415039,37.28730773925781,46.20725810404309,80.28800420000002
131,12,c0131e12,58,2026-04-02 06:38:17+00:00,2026-04-02 16:08:26+00:00,9.5025,-7.430283332693166,38.03981129876499,-7.613906860351563,-7.4219207763671875,38.02648162841797,38.053070068359375,24.338758229683247,81.6561494
191,1,c0191e01,58,2026-03-04 12:08:30+00:00,2026-03-04 17:38:30+00:00,5.5,-6.639851175505539,42.30245228471427,-6.650905609130859,-6.622952461242676,42.287235260009766,42.31873321533203,72.21989890812841,88.9246656
282,20,c0282e20,58,2026-05-14 06:38:17+00:00,2026-05-14 09:48:21+00:00,3.167777777777778,-8.164430601843472,37.98248843489022,-8.171814918518066,-8.147714614868164,37.974822998046875,37.98838806152344,35.62908952848191,81.7603302
113,13,c0113e13,58,2026-03-26 10:58:34+00:00,2026-03-26 13:28:34+00:00,2.5,-0.6648895868967319,41.014856272730334,-1.151503324508667,-0.3515464067459106,40.58493423461914,41.36026763916016,8.922271313224037,85.67420460000001
1130,1,c1130e01,58,2026-07-07 12:38:37+00:00,2026-07-07 14:28:37+00:00,1.8333333333333333,1.2948585645905857,41.83568730847589,1.2771458625793457,1.315243124961853,41.8155517578125,41.85877227783203,578.5704318529197,87.211718
1029,2,c1029e02,58,2026-07-08 13:48:37+00:00,2026-07-08 22:38:34+00:00,8.8325,1.9124457178444698,41.77707461653085,1.9044060707092283,1.9179152250289917,41.76293182373047,41.791473388671875,68.89310494046936,87.12313020000002
323,2,c0323e02,57,2026-03-22 14:58:34+00:00,2026-03-22 17:48:37+00:00,2.8341666666666665,-6.258003268325538,42.712183099044,-6.289588451385498,-6.244660377502441,42.68988800048828,42.746768951416016,248.25042028208136,88.10211960000001
16,20,c0016e20,57,2026-02-20 07:28:14+00:00,2026-02-20 10:48:14+00:00,3.3333333333333335,-0.84349314790023,38.00193539000394,-1.4091380834579468,-0.7973397374153137,37.87519454956055,38.42173767089844,24.59912237653895,79.2685806
580,0,c0580e00,57,2026-03-27 10:58:34+00:00,2026-03-27 14:58:34+00:00,4.0,-7.895734084279914,40.13838677657278,-7.937555313110352,-7.876362800598144,40.11602783203125,40.156524658203125,84.14502166464118,83.76789559999999
169,1,c0169e01,57,2026-02-24 06:28:30+00:00,2026-02-24 12:08:26+00:00,5.665555555555556,0.46891327646740694,40.76780232212,0.4631341099739074,0.4757193624973297,40.749755859375,40.77817916870117,26.585374948576636,83.733111
55,37,c0055e37,57,2026-06-30 16:58:26+00:00,2026-06-30 22:38:17+00:00,5.664166666666667,-5.803238517359683,39.02994450351648,-5.819186687469482,-5.793703079223633,39.01873779296875,39.04558563232422,122.1390838171554,81.41125790000002
52,21,c0052e21,56,2026-08-08 13:58:26+00:00,2026-08-08 16:38:21+00:00,2.665277777777778,-2.219421012060983,38.096440519605366,-2.2311553955078125,-2.20648193359375,38.07659912109375,38.11701202392578,151.02786651748272,78.0909427
681,3,c0681e03,56,2026-07-04 11:58:41+00:00,2026-07-04 14:58:37+00:00,2.9988888888888887,-2.4707150629588535,42.44620636531285,-2.4880614280700684,-2.4619412422180176,42.437522888183594,42.46696472167969,90.65011313903833,85.4209874
203,1,c0203e01,56,2026-02-26 18:48:30+00:00,2026-02-27 05:18:30+00:00,10.5,-3.3545389217989787,43.29676382882254,-3.3683621883392334,-3.3283064365386963,43.2751350402832,43.3062629699707,46.09195846236842,87.1811128
37,25,c0037e25,55,2026-04-03 09:08:34+00:00,2026-04-03 15:08:37+00:00,6.0008333333333335,-1.5020582567561755,42.03142117587003,-2.428431749343872,-0.8633571267127991,41.85507583618164,42.27370071411133,36.07693687052267,83.07472679999998
296,3,c0296e03,55,2026-07-02 20:38:34+00:00,2026-07-03 00:58:34+00:00,4.333333333333333,-8.956315387379039,42.68672409057617,-8.975640296936035,-8.946344375610352,42.67425155639648,42.70497131347656,90.68950159394949,85.70784439999998
570,2,c0570e02,55,2026-03-30 09:38:34+00:00,2026-03-30 14:18:34+00:00,4.666666666666667,-7.478505490042947,40.5051155090332,-7.490687370300293,-7.46367883682251,40.48868942260742,40.51970291137695,36.504443969662425,81.34159759999999
920,1,c0920e01,55,2026-07-01 16:28:37+00:00,2026-07-01 23:38:34+00:00,7.1658333333333335,0.28610528924248435,42.342047743363814,0.2729509174823761,0.2984063327312469,42.32619857788086,42.35594940185547,222.0005547331636,83.59464099999998
171,12,c0171e12,55,2026-09-16 11:58:26+00:00,2026-09-16 14:48:21+00:00,2.8319444444444444,-7.125797627188943,37.48029195612127,-7.136981010437012,-7.110504150390625,37.46342468261719,37.50215148925781,702.536203640202,76.54279589999999
585,2,c0585e02,55,2026-03-30 07:38:17+00:00,2026-03-30 10:48:17+00:00,3.1666666666666665,-7.537579206986861,37.720220114968036,-7.542672157287598,-7.529255390167236,37.70280456542969,37.72874450683594,21.244456058902767,76.9896665
12,8,c0012e08,55,2026-03-12 10:58:26+00:00,2026-03-12 16:58:30+00:00,6.001111111111111,-8.178413911299272,40.833367989280006,-8.229035377502441,-8.155540466308594,40.8217887878418,40.89542770385742,56.21516005645226,82.08577690000004
146,11,c0146e11,55,2026-09-05 19:18:34+00:00,2026-09-06 09:58:37+00:00,14.6675,-5.376276406374845,41.58324799971147,-5.379528522491455,-5.365602016448975,41.576942443847656,41.59114837646485,10.236595649525928,82.73177690000001
580,3,c0580e03,54,2026-04-17 11:28:37+00:00,2026-04-17 15:48:37+00:00,4.333333333333333,-7.933251195483738,40.1207837705259,-7.997267246246338,-7.8745574951171875,40.103179931640625,40.1419677734375,192.82480076326152,79.34533420000001
241,19,c0241e19,54,2026-06-11 12:08:26+00:00,2026-06-11 15:28:26+00:00,3.3333333333333335,-4.408877231456615,39.80491807725694,-4.501775741577148,-4.387726783752441,39.79425430297851,39.85029983520508,88.21089214784804,78.10203860000001
400,2,c0400e02,54,2026-03-24 06:38:17+00:00,2026-03-24 09:58:17+00:00,3.3333333333333335,-5.543490630609018,37.900770328663015,-5.551247596740723,-5.537242889404297,37.89143753051758,37.91712188720703,16.385345732158168,75.43996139999997
789,4,c0789e04,54,2026-07-24 14:28:37+00:00,2026-07-24 15:38:37+00:00,1.1666666666666667,-2.8103400336371527,42.748087847674334,-2.8348708152770996,-2.782729148864746,42.728172302246094,42.771705627441406,476.61304118404433,82.9715213
776,4,c0776e04,54,2026-09-16 22:08:34+00:00,2026-09-17 03:18:37+00:00,5.1675,-6.9721099712230545,41.049119525485565,-6.982039451599121,-6.956060886383057,41.04340744018555,41.06840515136719,55.21067210158706,80.63519269999999
9,10,c0009e10,54,2026-02-25 11:08:14+00:00,2026-02-25 17:38:14+00:00,6.5,-1.4886707420702334,38.755503760443794,-1.5000696182250977,-1.4881117343902588,38.75030517578125,38.7630615234375,18.144168090335285,76.2110344
1309,0,c1309e00,54,2026-09-05 21:48:17+00:00,2026-09-06 03:08:21+00:00,5.334444444444444,-8.01095116579974,39.23295282434534,-8.028883934020996,-7.992047309875488,39.215599060058594,39.24322891235352,26.627445425240246,77.948428
1106,0,c1106e00,54,2026-06-03 15:28:37+00:00,2026-06-03 18:28:37+00:00,3.0,-7.044841104083591,40.0083442264133,-7.058813571929932,-7.030850410461426,39.99417495727539,40.02215576171875,259.59784771551506,78.93563759999999
742,0,c0742e00,54,2026-03-31 07:38:34+00:00,2026-03-31 11:48:34+00:00,4.166666666666667,-6.79452939386721,41.66651125307436,-6.803329944610596,-6.78869104385376,41.65378952026367,41.68320846557617,20.82823834295782,81.68343839999997
514,3,c0514e03,54,2026-05-05 05:48:17+00:00,2026-05-05 09:08:21+00:00,3.3344444444444443,-5.621046410666572,37.658218454431605,-5.63651180267334,-5.611691474914551,37.64876174926758,37.67434310913086,27.48287042777574,75.09626250000001
138,1,c0138e01,53,2026-09-12 17:38:17+00:00,2026-09-13 00:18:17+00:00,6.666666666666667,-7.665874661139722,37.860891234199954,-7.677688121795654,-7.652292251586914,37.8487434387207,37.87494659423828,129.26699466373245,74.4180844
754,10,c0754e10,53,2026-05-27 11:28:26+00:00,2026-05-27 13:08:26+00:00,1.6666666666666667,-2.245676135117153,37.109541407171285,-2.3029019832611084,-2.1971545219421387,37.08677291870117,37.13670349121094,118.8444225289097,72.5571035
1323,1,c1323e01,53,2026-09-15 12:28:34+00:00,2026-09-15 15:48:34+00:00,3.3333333333333335,1.9279632253466912,42.6478833612406,1.920777678489685,1.9349075555801392,42.635520935058594,42.66971206665039,41.38490891043607,81.19653170000001
1266,0,c1266e00,53,2026-07-29 15:38:26+00:00,2026-07-29 18:38:21+00:00,2.998611111111111,-5.285654616805743,37.805912449674786,-5.293851852416992,-5.26912260055542,37.800418853759766,37.8135871887207,41.40789432781256,73.85315210000003
55,55,c0055e55,53,2026-08-19 16:48:21+00:00,2026-08-19 19:58:17+00:00,3.1655555555555557,-6.095080888496255,39.08616796529518,-6.114979267120361,-6.077388763427734,39.07538986206055,39.1021842956543,132.68638140092744,75.84028579999999
2,81,c0002e81,53,2026-07-28 21:08:17+00:00,2026-07-29 06:18:26+00:00,9.169166666666667,-4.0469613615072,38.67409810480082,-4.057393550872803,-4.044729709625244,38.66261291503906,38.687957763671875,18.88472968212793,74.92273070000002
1232,4,c1232e04,52,2026-07-18 23:48:34+00:00,2026-07-19 14:08:37+00:00,14.334166666666667,0.09464106235939716,42.87796401977539,0.083308570086956,0.0961253121495246,42.866451263427734,42.88105392456055,18.184709087163753,80.00261880000001
841,8,c0841e08,52,2026-08-04 14:38:26+00:00,2026-08-04 16:08:26+00:00,1.5,-8.046986176417423,37.783082228440506,-8.076593399047852,-8.023882865905762,37.7634162902832,37.80330657958984,431.6093936317394,73.00036089999999
292,0,c0292e00,52,2026-03-04 10:38:22+00:00,2026-03-04 14:08:30+00:00,3.502222222222222,1.5490247515531688,42.81875617687519,1.5303019285202026,1.5688294172286987,42.80094909667969,42.833038330078125,69.0848615389895,79.94898359999999
224,4,c0224e04,52,2026-07-02 15:48:26+00:00,2026-07-02 18:18:26+00:00,2.5,-3.0245958383266744,37.59915762681227,-3.0371205806732178,-3.01304292678833,37.580596923828125,37.60676193237305,165.7452645352232,71.9004482
0,87,c0000e87,52,2026-05-19 22:58:34+00:00,2026-05-20 10:28:34+00:00,11.5,-5.73076737844027,43.5276561150184,-5.74154806137085,-5.715411186218262,43.51474380493164,43.54450607299805,16.65933026603792,81.7529571
1073,1,c1073e01,52,2026-08-05 13:58:37+00:00,2026-08-05 16:58:34+00:00,2.9991666666666665,-7.286049448526823,42.87192938877986,-7.3017354011535645,-7.273818969726563,42.85847854614258,42.88655853271485,94.4363966097077,80.88988060000003
754,11,c0754e11,52,2026-05-28 11:28:26+00:00,2026-05-28 13:08:26+00:00,1.6666666666666667,-2.2470880242494435,37.1106842481173,-2.3029019832611084,-2.1971545219421387,37.08677291870117,37.13670349121094,69.93195702629686,71.1895555
203,2,c0203e02,52,2026-03-04 16:18:30+00:00,2026-03-04 21:58:30+00:00,5.666666666666667,-3.4700435308309703,43.31427332071158,-3.550626516342163,-3.3295063972473145,43.29131317138672,43.339012145996094,28.34852047198695,81.00657299999997
106,17,c0106e17,52,2026-08-18 17:28:34+00:00,2026-08-18 20:48:34+00:00,3.3333333333333335,-4.543131938347449,40.66027377201961,-4.550576210021973,-4.537081718444824,40.652923583984375,40.66712951660156,20.621004405736,76.5767808
61,7,c0061e07,51,2026-06-02 16:18:26+00:00,2026-06-02 19:08:26+00:00,2.8333333333333335,-7.171933108685064,37.31630624509325,-7.188662528991699,-7.1635823249816895,37.30985641479492,37.32309341430664,46.568212176529286,70.76773429999997
110,4,c0110e04,51,2026-03-28 06:58:17+00:00,2026-03-28 10:18:17+00:00,3.3333333333333335,-3.7539295916463815,37.260527367685356,-3.759853601455689,-3.746755599975586,37.25082015991211,37.276092529296875,19.72165326242391,70.14948240000001
16,151,c0016e151,51,2026-07-28 04:18:21+00:00,2026-07-28 12:18:26+00:00,8.001388888888888,-1.5272382170546288,38.25427582684685,-1.678747057914734,-1.5120490789413452,38.241477966308594,38.28053665161133,22.152918321940348,71.2791581
858,2,c0858e02,51,2026-04-11 10:08:17+00:00,2026-04-11 18:58:26+00:00,8.835833333333333,-7.823058895036286,37.98404992795458,-7.86665678024292,-7.811396598815918,37.94296646118164,37.99460220336914,27.87465648454194,71.80955800000001
427,7,c0427e07,51,2026-07-04 11:28:37+00:00,2026-07-04 14:08:37+00:00,2.6666666666666665,3.0327524110382678,41.91503218108532,3.017463445663452,3.04585599899292,41.870304107666016,41.92841339111328,879.0000681830734,76.94012269999999
396,6,c0396e06,51,2026-07-12 15:58:37+00:00,2026-07-12 22:18:34+00:00,6.3325,1.4754469581678802,41.38720710604799,1.4668339490890503,1.4921424388885498,41.37574005126953,41.403709411621094,106.18236069817064,75.95539289999999
16,162,c0016e162,51,2026-08-18 05:18:26+00:00,2026-08-18 08:28:26+00:00,3.1666666666666665,-1.3351124712065154,38.0650468714097,-1.34242045879364,-1.330320119857788,38.057594299316406,38.07071304321289,17.636211187620987,71.01814769999999
933,5,c0933e05,51,2026-06-13 08:28:21+00:00,2026-06-13 15:38:26+00:00,7.168055555555555,-6.052745398353128,37.33604461071538,-6.069012641906738,-6.044316291809082,37.319149017333984,37.344871520996094,95.7115695388641,70.5737948
22,18,c0022e18,51,2026-04-13 11:08:34+00:00,2026-04-13 12:58:34+00:00,1.8333333333333333,-1.2705121975319058,40.40792704563515,-1.4879672527313232,-1.1537290811538696,40.02643203735352,40.80915451049805,10.27930929416346,74.4046724
57,11,c0057e11,51,2026-05-22 18:28:26+00:00,2026-05-23 10:08:21+00:00,15.665277777777778,-8.816600668664073,37.98448585061466,-8.832025527954102,-8.806082725524902,37.97493362426758,37.988677978515625,48.578139842377816,72.07237610000001
33,21,c0033e21,51,2026-04-04 15:48:37+00:00,2026-04-05 01:48:34+00:00,9.999166666666667,-6.223200508192474,43.34307614494772,-6.269982814788818,-5.985890865325928,43.26304626464844,43.4137077331543,48.31271732322189,79.95997250000002
2,41,c0002e41,51,2026-04-30 12:18:26+00:00,2026-05-01 12:18:26+00:00,24.0,-4.041740104263904,38.6641679651597,-4.057393550872803,-3.970346689224243,38.62228012084961,38.67481231689453,36.58709151403563,72.0731264
421,6,c0421e06,51,2026-07-03 10:48:37+00:00,2026-07-03 13:48:41+00:00,3.0011111111111113,2.83596581103755,42.12294619691138,2.8277463912963867,2.841836214065552,42.112545013427734,42.14105224609375,74.05804450745669,77.2692266
754,8,c0754e08,51,2026-05-25 11:28:26+00:00,2026-05-25 13:08:26+00:00,1.6666666666666667,-2.244642351187912,37.11113065831802,-2.3029019832611084,-2.1971545219421387,37.08677291870117,37.13670349121094,123.2089947211462,69.8220075
0,115,c0000e115,51,2026-07-01 23:18:34+00:00,2026-07-03 01:08:34+00:00,25.833333333333332,-5.730646647659003,43.52847693948185,-5.74154806137085,-5.7268757820129395,43.51474380493164,43.5297966003418,21.17194601875353,80.1788238
754,6,c0754e06,51,2026-05-22 11:28:26+00:00,2026-05-22 13:08:26+00:00,1.6666666666666667,-2.243502130695418,37.11118264291801,-2.3029019832611084,-2.1971545219421387,37.09927749633789,37.13670349121094,65.71523027352006,69.82200449999999
12,63,c0012e63,51,2026-07-22 14:58:37+00:00,2026-07-22 22:18:34+00:00,7.3325,-8.399024140601064,41.03831713807349,-8.414841651916504,-8.387323379516602,41.02924346923828,41.058349609375,65.41667697514934,76.48759539999999
1296,1,c1296e01,51,2026-09-06 12:58:37+00:00,2026-09-06 15:38:34+00:00,2.6658333333333335,-3.60808409429064,41.68813294055415,-3.624513864517212,-3.585843324661255,41.6695671081543,41.6982421875,312.6038686641334,76.63339169999999
1192,0,c1192e00,50,2026-07-02 15:18:26+00:00,2026-07-02 18:28:21+00:00,3.165277777777778,-8.872779712677001,39.28667167663574,-8.883471488952637,-8.856891632080078,39.273956298828125,39.30118179321289,68.31429678106247,72.4734751
115,3,c0115e03,50,2026-07-18 20:18:21+00:00,2026-07-19 03:38:17+00:00,7.332222222222223,-4.786064777374268,39.72468948364258,-4.797666072845459,-4.772165298461914,39.715667724609375,39.72978591918945,18.149274194520604,72.255174
175,12,c0175e12,50,2026-03-30 10:38:17+00:00,2026-03-30 16:18:37+00:00,5.6722222222222225,-6.451540956497192,40.0675016784668,-6.4612812995910645,-6.397761821746826,39.944854736328125,40.08065032958984,22.595505304795903,73.0464399
809,2,c0809e02,50,2026-07-08 17:28:34+00:00,2026-07-09 06:48:34+00:00,13.333333333333334,0.8833506429195404,41.62240348815918,0.8712511658668518,0.8840048909187317,41.6181526184082,41.63231658935547,19.68731880849585,74.82540999999999
16,66,c0016e66,50,2026-05-05 03:08:17+00:00,2026-05-05 12:28:26+00:00,9.335833333333333,-0.9809293615818023,38.09359367370605,-1.5266398191452026,-0.7646915912628174,38.01773452758789,38.46085739135742,20.16153661411829,69.65764940000001
211,23,c0211e23,50,2026-06-14 16:08:26+00:00,2026-06-14 18:28:26+00:00,2.3333333333333335,-4.78314136505127,38.0626838684082,-4.802822589874268,-4.766196250915527,38.05219650268555,38.08037567138672,356.11368076798857,69.93675680000001
189,0,c0189e00,50,2026-02-24 08:48:22+00:00,2026-02-24 15:38:30+00:00,6.835555555555556,0.12212354913353912,43.03737045288086,0.0449899211525917,0.1478868573904037,43.02143478393555,43.053924560546875,189.11129996308867,77.2022844
1087,1,c1087e01,50,2026-08-01 13:08:37+00:00,2026-08-01 21:18:34+00:00,8.165833333333333,0.7775040030479431,42.57595832824707,0.7708722949028015,0.7966610193252563,42.55778884887695,42.58748626708984,135.43913474684314,76.4412852
47,17,c0047e17,50,2026-07-01 20:18:34+00:00,2026-07-02 00:48:34+00:00,4.5,-6.082082862854004,39.99750602722168,-6.098097801208496,-6.069178581237793,39.978981018066406,40.02106094360352,99.35488227076392,72.87537880000001
80,7,c0080e07,50,2026-09-08 10:18:26+00:00,2026-09-08 14:08:21+00:00,3.8319444444444444,-0.15055086672306056,38.631581420898435,-0.1610538512468338,-0.1371707022190094,38.61867904663086,38.646575927734375,73.9938623327298,70.37251
33,8,c0033e08,49,2026-03-01 14:28:30+00:00,2026-03-02 01:18:30+00:00,10.833333333333334,-6.191663800453653,43.21981235426299,-6.383874893188477,-5.898247718811035,43.1887092590332,43.308799743652344,35.5338393526951,76.59821819999999
828,0,c0828e00,49,2026-04-08 02:28:34+00:00,2026-04-08 07:18:34+00:00,4.833333333333333,1.8214428497820485,43.43747524339326,1.806920289993286,1.833341121673584,43.43018341064453,43.44511413574219,11.814209658056232,76.3969724
1160,0,c1160e00,49,2026-06-21 12:48:41+00:00,2026-06-22 01:48:34+00:00,12.998055555555556,-5.536259544139006,41.014908226168885,-5.550914287567139,-5.5245819091796875,41.001922607421875,41.03019332885742,134.72131879238995,72.8366266
55,79,c0055e79,49,2026-09-18 05:28:29+00:00,2026-09-18 13:28:21+00:00,7.997777777777777,-5.7899452520876515,39.018404746542174,-6.146683692932129,-5.625370025634766,38.90388107299805,39.10024642944336,10.859226875368549,69.97394450000002
127,23,c0127e23,49,2026-07-31 17:08:34+00:00,2026-07-31 20:08:34+00:00,3.0,-4.847832076403559,42.196404749033405,-4.943160533905029,-4.759936332702637,42.16731262207031,42.2405891418457,38.44045947170602,74.6217844
1238,2,c1238e02,49,2026-07-20 15:08:37+00:00,2026-07-20 18:58:34+00:00,3.8325,0.3301569375456596,42.560200360356546,0.324897438287735,0.3377207517623901,42.54957580566406,42.56453323364258,28.76199795724997,74.8538553
1,71,c0001e71,49,2026-09-18 21:38:34+00:00,2026-09-19 09:58:37+00:00,12.334166666666667,1.2294023134270493,41.180725564762035,1.225369572639465,1.2381112575531006,41.17012405395508,41.18418884277344,37.77022708430716,72.6399275
0,109,c0000e109,49,2026-06-23 04:58:34+00:00,2026-06-23 14:08:41+00:00,9.168611111111112,-5.732273909510399,43.52784806854871,-5.74154806137085,-5.7268757820129395,43.51474380493164,43.54450607299805,26.483962130942015,77.03655479999999
98,4,c0098e04,49,2026-03-15 10:58:14+00:00,2026-03-15 14:08:14+00:00,3.1666666666666665,-2.5096238486620845,39.28147592349928,-2.8656187057495117,-2.126437187194824,38.81999588012695,39.78785705566406,7.738464172874161,69.94071960000001
164,5,c0164e05,48,2026-03-23 10:28:34+00:00,2026-03-23 13:08:34+00:00,2.6666666666666665,-6.551994860172272,41.88173826535543,-6.563070297241211,-6.536046028137207,41.863338470458984,41.89253616333008,88.44436015461736,72.88651039999999
131,20,c0131e20,48,2026-04-22 14:08:26+00:00,2026-04-22 17:48:26+00:00,3.6666666666666665,-7.428067694107692,38.034291664759316,-7.436983108520508,-7.4219207763671875,38.02648162841797,38.053070068359375,52.4058033780803,67.56607439999999
16,72,c0016e72,48,2026-05-13 05:18:17+00:00,2026-05-13 11:48:26+00:00,6.5025,-1.0394294522702694,38.168869415918984,-1.4338058233261108,-0.8800051808357239,37.99126052856445,38.461151123046875,24.06023063541737,66.9685319
754,7,c0754e07,48,2026-05-23 11:28:26+00:00,2026-05-23 13:08:26+00:00,1.6666666666666667,-2.2399701476097107,37.10850787162781,-2.3029019832611084,-2.1971545219421387,37.086692810058594,37.12400817871094,73.08056499363522,65.71132150000001
1256,0,c1256e00,48,2026-07-26 16:38:34+00:00,2026-07-26 18:58:34+00:00,2.3333333333333335,-8.721329629421234,40.081521352132164,-8.740033149719238,-8.710986137390137,40.06953430175781,40.097923278808594,52.43445607116886,70.6587723
211,25,c0211e25,48,2026-06-20 10:58:26+00:00,2026-06-20 13:38:26+00:00,2.6666666666666665,-4.966003676255544,37.89565769831339,-4.981293201446533,-4.955799579620361,37.8865852355957,37.91197204589844,122.44695574387936,66.9532484
127,24,c0127e24,48,2026-08-03 15:18:34+00:00,2026-08-03 17:08:34+00:00,1.8333333333333333,-4.699578046798706,42.355363051096596,-4.724615573883057,-4.673555374145508,42.338165283203125,42.36717224121094,151.93367160845972,73.33485719999999
942,0,c0942e00,48,2026-04-16 10:28:34+00:00,2026-04-16 15:58:37+00:00,5.5008333333333335,-7.285770237445831,40.491223653157554,-7.301486015319824,-7.275040149688721,40.486942291259766,40.5013542175293,66.71274336869969,70.9123492
14,8,c0014e08,47,2026-04-15 05:38:17+00:00,2026-04-15 08:18:17+00:00,2.6666666666666665,-1.648159313709178,37.45022810266373,-1.658097743988037,-1.634403109550476,37.43452072143555,37.45954513549805,32.77715468698953,64.70799990000002
299,2,c0299e02,47,2026-06-25 16:58:37+00:00,2026-06-26 01:48:34+00:00,8.8325,-1.6613203997307635,42.89346500153237,-1.6869782209396362,-1.6351191997528076,42.8673210144043,42.92536926269531,2079.4741627762014,72.37671090000003
223,2,c0223e02,47,2026-03-26 17:38:37+00:00,2026-03-26 21:08:37+00:00,3.5,-6.195999906418171,43.02686853611723,-6.205734729766846,-6.177590370178223,43.016937255859375,43.034400939941406,31.696425804705804,73.1666497
217,26,c0217e26,47,2026-08-29 16:08:21+00:00,2026-08-29 17:48:17+00:00,1.6655555555555555,-6.8989598801795475,38.8072870132771,-6.924028396606445,-6.883250713348389,38.78205108642578,38.83613586425781,108.8481467438737,67.0400577
125,17,c0125e17,47,2026-08-01 15:08:37+00:00,2026-08-01 16:58:34+00:00,1.8325,-3.6440401838180865,40.09903343687666,-3.662038564682007,-3.624570369720459,40.08609771728515,40.11378479003906,345.52589168456257,68.2950748
290,2,c0290e02,47,2026-06-06 19:08:26+00:00,2026-06-06 23:38:17+00:00,4.4975,-5.8748728772427175,37.222898199203165,-5.88286018371582,-5.868811130523682,37.21379089355469,37.23965072631836,20.057384975261183,64.8700738
40,17,c0040e17,47,2026-03-27 11:58:34+00:00,2026-03-27 16:28:37+00:00,4.5008333333333335,-0.9271030869889767,43.232268475471656,-1.1578456163406372,-0.6246035695075989,43.11526107788086,43.36973190307617,36.78877714986106,72.90147689999999
40,19,c0040e19,47,2026-04-03 11:28:34+00:00,2026-04-03 14:18:34+00:00,2.8333333333333335,-1.0925273984036548,42.81084929121302,-1.6652140617370603,-0.798111617565155,42.66992950439453,43.04092788696289,16.83434688725166,72.2183507
1294,0,c1294e00,47,2026-08-25 13:18:37+00:00,2026-08-25 18:28:34+00:00,5.1658333333333335,2.166071156237988,41.456185117680974,2.1569502353668213,2.1699960231781006,41.4543342590332,41.468509674072266,116.6749616816247,70.14527220000002
282,22,c0282e22,47,2026-05-16 05:38:17+00:00,2026-05-16 08:28:21+00:00,2.8344444444444443,-8.16663778589127,37.97986692063352,-8.182165145874023,-8.158065795898438,37.96228790283203,37.98838806152344,30.530994380899497,66.255314
821,0,c0821e00,47,2026-04-06 12:58:34+00:00,2026-04-06 15:28:37+00:00,2.5008333333333335,-8.563662123172842,42.23001252843979,-8.581843376159668,-8.538859367370605,42.206085205078125,42.2636604309082,925.487412391386,72.38615829999998
131,11,c0131e11,47,2026-04-01 07:38:17+00:00,2026-04-01 13:58:26+00:00,6.335833333333333,-7.455005615315539,38.037235178846,-7.682784080505371,-7.4219207763671875,38.00521087646485,38.053070068359375,21.816080889226672,66.1701601
16,2,c0016e02,47,2026-01-12 07:18:14+00:00,2026-01-12 12:18:14+00:00,5.0,-0.7657397719139748,38.082793377815406,-0.7749732732772827,-0.762819766998291,38.07044982910156,38.09708023071289,10.134459364622186,65.45422930000001
4,177,c0004e177,47,2026-09-18 21:08:34+00:00,2026-09-19 09:18:37+00:00,12.1675,-5.832957622852732,43.539710268061214,-5.847868919372559,-5.821556568145752,43.51582336425781,43.546165466308594,20.33238194134488,73.93492549999999
131,29,c0131e29,47,2026-05-07 07:18:21+00:00,2026-05-07 11:28:26+00:00,4.168055555555555,-7.566724422130179,38.034124577299075,-7.579518795013428,-7.55390214920044,38.02911376953125,38.04295349121094,30.84780544813748,66.18258630000001
462,0,c0462e00,47,2026-03-16 13:08:30+00:00,2026-03-16 15:28:30+00:00,2.3333333333333335,-7.542350961806926,40.27424808258706,-7.558304786682129,-7.533363342285156,40.25680160522461,40.2807502746582,60.27944209348258,69.1911432
708,3,c0708e03,46,2026-06-09 12:48:26+00:00,2026-06-09 16:58:26+00:00,4.166666666666667,-3.9802104493846064,38.99326175192128,-3.9939277172088623,-3.969827651977539,38.98134231567383,39.008079528808594,51.734176575783465,65.41570240000001
692,13,c0692e13,46,2026-08-02 14:38:37+00:00,2026-08-02 16:58:37+00:00,2.3333333333333335,2.389742172282675,43.18908367986264,2.3665096759796143,2.4058756828308105,43.167816162109375,43.198368072509766,63.07254339629067,71.35316299999998
754,5,c0754e05,46,2026-05-21 11:28:26+00:00,2026-05-21 12:58:26+00:00,1.5,-2.2423679932304053,37.10976028442383,-2.3029019832611084,-2.1971545219421387,37.08677291870117,37.12400817871094,45.04205336288985,62.9748835
677,2,c0677e02,46,2026-04-16 06:48:34+00:00,2026-04-16 10:18:34+00:00,3.5,1.6295586902162302,41.502871637759,1.6199554204940796,1.6454176902770996,41.49061965942383,41.519386291503906,20.920095565809156,68.69210390000002
201,2,c0201e02,46,2026-04-03 09:28:34+00:00,2026-04-03 13:48:34+00:00,4.333333333333333,-2.4335828293924746,42.67902191825535,-2.6901469230651855,-2.177412986755371,42.59222030639648,42.73968124389648,15.653265602423884,70.54254240000002
0,113,c0000e113,46,2026-06-25 21:28:34+00:00,2026-06-26 13:38:41+00:00,16.16861111111111,-5.730927996013476,43.5260994952658,-5.74154806137085,-5.715411186218262,43.51474380493164,43.5297966003418,27.121231659831928,72.31782200000002
33,49,c0033e49,46,2026-06-13 11:48:37+00:00,2026-06-13 15:08:37+00:00,3.3333333333333335,-6.041502548300701,43.398705689803414,-6.053689002990723,-6.02565336227417,43.384178161621094,43.4143180847168,136.51020783461357,72.17274839999999
55,78,c0055e78,46,2026-09-17 05:38:26+00:00,2026-09-17 15:38:21+00:00,9.998611111111112,-5.9770841702171,39.03308934750764,-6.214822292327881,-5.7632880210876465,38.91111373901367,39.08871841430664,24.12280482844914,65.739708
3,33,c0003e33,46,2026-04-20 10:08:34+00:00,2026-04-20 21:38:34+00:00,11.5,-7.326463315797889,41.857061303180195,-8.826826095581055,-6.857584476470947,41.69014358520508,41.924346923828125,62.705429484057895,69.9810997
189,3,c0189e03,45,2026-02-26 08:58:22+00:00,2026-02-26 14:48:30+00:00,5.835555555555556,-0.04246360834480985,43.08865737915039,-0.1093708947300911,0.0450351126492023,43.02253341674805,43.128204345703125,39.316878911295646,69.5610622
1324,0,c1324e00,44,2026-09-15 11:08:09+00:00,2026-09-15 13:08:09+00:00,2.0,-5.673253211108121,36.19326097315008,-5.687880992889404,-5.664608001708984,36.180294036865234,36.20444869995117,156.9035696615361,59.5888035
187,0,c0187e00,44,2026-02-24 08:48:14+00:00,2026-02-24 11:48:14+00:00,3.0,-6.445209665731951,39.24641132354736,-6.457789897918701,-6.43347692489624,39.239845275878906,39.25346755981445,20.245393275391727,63.22631479999998
1159,0,c1159e00,44,2026-06-21 06:08:34+00:00,2026-06-21 16:18:37+00:00,10.1675,-8.006705435839566,43.442278601906516,-8.022568702697754,-7.993691444396973,43.431148529052734,43.447662353515625,32.57134321515402,69.5129512
179,16,c0179e16,44,2026-09-15 06:38:37+00:00,2026-09-15 10:08:37+00:00,3.5,1.7754359570416538,42.7035250230269,1.7697770595550537,1.7830314636230469,42.69920349121094,42.71380615234375,13.178359027790924,67.488168
32,40,c0032e40,44,2026-05-22 14:18:37+00:00,2026-05-22 23:58:34+00:00,9.665833333333333,-3.657287668098103,43.18517364155162,-3.671614170074463,-3.6443896293640137,43.18144989013672,43.19924545288086,10.484379699274667,68.3807564
754,9,c0754e09,44,2026-05-26 11:28:26+00:00,2026-05-26 13:08:26+00:00,1.6666666666666667,-2.2422607920386572,37.109017545526676,-2.3029019832611084,-2.1971545219421387,37.08677291870117,37.12400817871094,63.34663689554406,60.23644
18,9,c0018e09,44,2026-04-13 10:58:34+00:00,2026-04-13 13:58:26+00:00,2.997777777777778,-2.810721543702212,39.90304860201749,-3.0550079345703125,-2.5411651134490967,39.534725189208984,40.216461181640625,10.446527955208728,63.612060499999984
1263,0,c1263e00,44,2026-07-29 14:08:48+00:00,2026-07-29 19:08:48+00:00,5.0,-0.9060961942781102,43.9793850291859,-0.9224715828895568,-0.8832154273986816,43.96535873413086,43.99543762207031,183.30994211577925,69.4486237
58,3,c0058e03,44,2026-02-26 15:58:14+00:00,2026-02-27 03:08:14+00:00,11.166666666666666,-0.7702253772453829,38.628581827337094,-0.7813854813575745,-0.7692461013793945,38.616661071777344,38.63166809082031,11.308339202177986,61.9276629
206,53,c0206e53,44,2026-08-01 10:38:26+00:00,2026-08-01 15:28:26+00:00,4.833333333333333,-6.566648212346164,37.30395291068337,-6.724273204803467,-6.3206963539123535,37.2469367980957,37.386962890625,114.62713023832714,60.93847560000001
801,4,c0801e04,44,2026-07-24 12:48:37+00:00,2026-07-24 16:08:34+00:00,3.3325,-1.6514000973918221,42.76328026164662,-1.6698395013809204,-1.6437888145446775,42.752105712890625,42.781646728515625,169.53488927519228,67.55458370000001
191,3,c0191e03,43,2026-03-25 11:08:34+00:00,2026-03-25 14:28:34+00:00,3.3333333333333335,-6.645895636358927,42.30151562358058,-6.66139554977417,-6.635782241821289,42.287235260009766,42.31873321533203,125.61636404878394,65.92666200000001
39,0,c0039e00,43,2026-01-15 08:08:30+00:00,2026-01-15 10:28:22+00:00,2.331111111111111,-0.8473494704379592,40.24919847000477,-0.8632250428199768,-0.8385664224624634,40.23151016235352,40.258445739746094,41.157330593842126,62.51220349999999
32,92,c0032e92,43,2026-09-06 10:38:37+00:00,2026-09-06 13:18:34+00:00,2.6658333333333335,-4.150752012119737,43.27247841413631,-4.320874214172363,-4.130236625671387,43.069881439208984,43.29803466796875,322.42606343087976,66.99833079999999
754,14,c0754e14,43,2026-05-31 11:28:26+00:00,2026-05-31 12:58:26+00:00,1.5,-2.2439075791558554,37.11096812403479,-2.3029019832611084,-2.1971545219421387,37.08677291870117,37.13670349121094,93.5039451889529,58.870232
40,22,c0040e22,43,2026-04-05 09:38:34+00:00,2026-04-05 19:18:37+00:00,9.6675,-1.7853540514790736,43.1161564671716,-1.92570960521698,-0.6240884065628052,43.06980514526367,43.14545822143555,187.72492730980957,66.5602877
12,9,c0012e09,43,2026-03-16 10:28:26+00:00,2026-03-16 16:58:30+00:00,6.501111111111111,-8.175311665202296,40.88486684754837,-8.216437339782715,-8.094488143920898,40.835975646972656,41.030277252197266,31.204294968066147,64.24385
880,1,c0880e01,43,2026-04-20 08:18:34+00:00,2026-04-20 10:38:34+00:00,2.3333333333333335,-7.372945153435995,42.12331452480582,-7.382196426391602,-7.355303287506104,42.115745544433594,42.130130767822266,58.67514058772672,65.8171405
85,4,c0085e04,43,2026-02-26 07:38:22+00:00,2026-02-26 19:18:30+00:00,11.668888888888889,-5.156513557877651,43.26216027903002,-5.352247714996338,-5.126850128173828,43.249732971191406,43.34260177612305,18.197088265207768,67.1057542
3,38,c0003e38,43,2026-04-25 16:08:37+00:00,2026-04-26 04:48:34+00:00,12.665833333333333,-7.481768874234931,41.76614273426144,-8.179476737976074,-7.129913806915283,41.59822845458984,41.860843658447266,34.07528034509531,65.31970799999999
5,10,c0005e10,43,2026-02-05 11:17:58+00:00,2026-02-05 13:18:14+00:00,2.0044444444444443,3.301267745882966,36.231973248858786,2.507723331451416,3.995551586151123,36.00350570678711,36.71429443359375,11.52731735302486,58.0193144
26,4,c0026e04,43,2026-06-15 14:18:41+00:00,2026-06-15 17:08:37+00:00,2.832222222222222,0.1816388878018357,41.9473771383596,0.1701926738023758,0.1954072713851928,41.92949676513672,41.958003997802734,93.18613043855564,64.7905333
580,1,c0580e01,43,2026-03-30 11:28:34+00:00,2026-03-30 13:18:34+00:00,1.8333333333333333,-7.895219603250193,40.13488751788472,-7.9123735427856445,-7.887105941772461,40.12801742553711,40.1419677734375,72.21996686767679,63.192069000000004
22,13,c0022e13,43,2026-03-29 10:48:34+00:00,2026-03-29 13:58:34+00:00,3.1666666666666665,-1.390948777975038,40.6258439352346,-1.7077462673187256,-1.0689936876296997,40.0516242980957,40.881385803222656,10.40988838251484,63.026871400000005
754,13,c0754e13,42,2026-05-30 11:28:26+00:00,2026-05-30 13:08:26+00:00,1.6666666666666667,-2.2464195376350764,37.11154556274414,-2.3033454418182373,-2.1971545219421387,37.08677291870117,37.13676834106445,80.79866128871903,57.502013500000004
754,12,c0754e12,42,2026-05-29 11:28:26+00:00,2026-05-29 13:08:26+00:00,1.6666666666666667,-2.2449753681818643,37.109792709350586,-2.3029019832611084,-2.1975765228271484,37.08677291870117,37.12400817871094,57.66129894654828,57.498664
767,4,c0767e04,42,2026-06-13 12:18:26+00:00,2026-06-13 13:18:26+00:00,1.0,-5.0472888605935236,39.85311944144113,-5.064827919006348,-5.026937961578369,39.84310150146485,39.87063980102539,318.3921042336127,60.8832222
1007,4,c1007e04,42,2026-08-02 18:38:09+00:00,2026-08-02 21:18:04+00:00,2.665277777777778,-5.463932230359032,36.123077755882626,-5.474453926086426,-5.450376510620117,36.114627838134766,36.13996505737305,75.68752329031311,56.778626599999996
16,35,c0016e35,42,2026-03-15 11:08:14+00:00,2026-03-15 13:28:14+00:00,2.3333333333333335,-1.2340583063307262,38.213621230352494,-1.6692893505096436,-0.740229070186615,37.84807205200195,38.60466384887695,8.090926526869577,58.6523489
168,28,c0168e28,42,2026-09-05 09:18:37+00:00,2026-09-05 10:48:37+00:00,1.5,-5.718019076756069,43.0454219636463,-5.730165004730225,-5.701573371887207,43.02791213989258,43.063018798828125,103.46420056801732,65.32585470000001
12,20,c0012e20,42,2026-03-29 14:38:34+00:00,2026-03-29 21:18:37+00:00,6.6675,-8.043198029200235,40.97852016630627,-8.13178825378418,-7.976675510406494,40.94744110107422,41.27430725097656,101.69063407944437,62.8442452
173,8,c0173e08,42,2026-07-08 14:48:37+00:00,2026-07-08 16:48:34+00:00,1.9991666666666668,3.7462164163589478,43.60208511352539,3.738183498382568,3.75227952003479,43.59375762939453,43.60890579223633,86.48594132428785,65.8852493
538,9,c0538e09,42,2026-04-04 07:08:34+00:00,2026-04-04 11:58:34+00:00,4.833333333333333,-3.0027305398668562,40.919536136445544,-3.0671818256378174,-2.96789813041687,40.906375885009766,40.94740295410156,37.53767568001854,62.02792259999999
533,4,c0533e04,42,2026-04-17 10:18:34+00:00,2026-04-17 12:28:34+00:00,2.1666666666666665,2.899998818125044,43.383491788591655,2.893219470977783,2.90695858001709,43.37786483764648,43.39254379272461,50.58338501750705,65.4702
313,4,c0313e04,41,2026-04-02 09:18:34+00:00,2026-04-02 14:28:34+00:00,5.166666666666667,-5.592960508858285,40.182602300876525,-5.607916831970215,-5.583425045013428,40.18099594116211,40.189697265625,89.4899893653318,59.918609599999996
784,1,c0784e01,41,2026-04-03 11:18:34+00:00,2026-04-03 13:28:34+00:00,2.1666666666666665,-1.9365602470025784,42.808405341171635,-2.019012451171875,-1.758457064628601,42.63733673095703,42.868309020996094,15.651352616094846,63.0267705
1275,0,c1275e00,41,2026-08-05 13:38:26+00:00,2026-08-05 15:28:26+00:00,1.8333333333333333,-7.845318864031536,39.51925128843726,-7.860057353973389,-7.832318305969238,39.49468231201172,39.53525924682617,373.6418613656686,59.4889869
37,75,c0037e75,41,2026-09-02 12:38:37+00:00,2026-09-02 16:08:34+00:00,3.4991666666666665,-1.948823489793917,41.99853980831983,-1.9628136157989504,-1.9370287656784055,41.98728561401367,42.01618576049805,37.87537388548731,61.901793999999995
462,3,c0462e03,41,2026-03-24 13:18:34+00:00,2026-03-24 16:08:37+00:00,2.8341666666666665,-7.545301507158977,40.26949514993807,-7.558304786682129,-7.531627178192139,40.25658416748047,40.2807502746582,147.20062622685407,60.347865600000006
282,16,c0282e16,41,2026-05-08 06:48:17+00:00,2026-05-08 10:08:21+00:00,3.3344444444444443,-8.183153827015946,37.98547009723942,-8.230033874511719,-8.16851806640625,37.96228790283203,38.0682373046875,18.321552353040207,57.8095521
56,3,c0056e03,41,2026-02-26 12:28:26+00:00,2026-02-26 16:38:30+00:00,4.167777777777777,-4.869147172788295,43.34787992151772,-4.876522064208984,-4.862163066864014,43.33573532104492,43.36147689819336,20.54592136961994,64.0878809
754,59,c0754e59,41,2026-07-20 11:48:29+00:00,2026-07-20 12:58:26+00:00,1.1658333333333333,-2.243306503063295,37.11035509807308,-2.3029019832611084,-2.1971545219421387,37.08677291870117,37.12400817871094,62.06375580067627,56.131114
40,59,c0040e59,41,2026-09-05 06:08:37+00:00,2026-09-05 15:08:34+00:00,8.999166666666667,-0.5628824902743828,42.93384142619808,-1.2304502725601196,-0.5323261022567749,42.91538619995117,43.14835357666016,35.10206874396867,63.1740467
745,4,c0745e04,41,2026-06-21 23:58:34+00:00,2026-06-22 04:28:34+00:00,4.5,-0.16825325896100296,41.80780271204507,-0.1823433935642242,-0.1571922749280929,41.80127716064453,41.81535339355469,11.17675720623056,61.58925669999999
882,2,c0882e02,41,2026-08-03 11:48:37+00:00,2026-08-03 15:28:34+00:00,3.6658333333333335,-5.762298025735995,41.54249312237995,-5.766900062561035,-5.752850532531738,41.52652740478515,41.55462265014648,39.30633594797027,61.6802491
728,1,c0728e01,41,2026-03-30 06:28:17+00:00,2026-03-30 09:18:17+00:00,2.8333333333333335,-2.01217467610429,37.329439767977085,-2.018085479736328,-2.0055601596832275,37.3184928894043,37.345550537109375,12.302744051221534,56.3473495
31,7,c0031e07,40,2026-05-30 14:38:26+00:00,2026-05-30 17:48:26+00:00,3.1666666666666665,-5.854889917373657,38.45388746261597,-5.874050140380859,-5.838014602661133,38.44568634033203,38.47257614135742,152.21833466311804,56.507432200000004
802,4,c0802e04,40,2026-07-29 12:48:26+00:00,2026-07-29 15:48:26+00:00,3.0,-3.7955323576927187,39.849490547180174,-3.805997610092163,-3.7807698249816895,39.842430114746094,39.86928939819336,135.77320248441862,57.8423332
16,108,c0016e108,40,2026-06-20 12:08:26+00:00,2026-06-20 16:18:26+00:00,4.166666666666667,-1.1588524103164672,37.98844699859619,-1.67846417427063,-1.1395142078399658,37.96686553955078,38.25458908081055,57.62751564670543,55.620431100000005
88,63,c0088e63,40,2026-08-30 12:58:26+00:00,2026-08-30 16:18:21+00:00,3.3319444444444444,-5.2848801732063295,37.636443519592284,-5.292073726654053,-5.267349720001221,37.631649017333984,37.64497756958008,93.06494686074694,55.5599803
64,10,c0064e10,40,2026-02-21 04:18:14+00:00,2026-02-21 07:58:14+00:00,3.6666666666666665,-0.554795303940773,39.27890167236328,-0.6588988304138184,-0.1137744933366775,38.87504196166992,39.46367645263672,20.913853361721067,57.013453199999994
157,0,c0157e00,40,2026-02-20 13:08:14+00:00,2026-02-20 17:38:14+00:00,4.5,-5.041047620773315,36.64571113586426,-5.050012588500977,-5.037410259246826,36.64375686645508,36.656646728515625,18.983698076646583,54.53757660000001
177,1,c0177e01,40,2026-03-17 10:58:30+00:00,2026-03-17 15:38:30+00:00,4.666666666666667,-7.931679737567902,41.28883047103882,-7.962102890014648,-7.883242130279541,41.220008850097656,41.3268928527832,40.180597996152805,60.2237391
33,23,c0033e23,40,2026-04-08 09:18:34+00:00,2026-04-08 14:18:34+00:00,5.0,-6.267743694782257,43.32390642166138,-6.668819904327393,-6.050267696380615,43.061580657958984,43.41872024536133,11.673129297188236,62.6849905
4,81,c0004e81,40,2026-05-22 22:48:34+00:00,2026-05-24 15:58:37+00:00,41.1675,-5.832782983779907,43.542822265625,-5.847868919372559,-5.819912910461426,43.530155181884766,43.546165466308594,27.516604181811115,62.93066000000001
187,1,c0187e01,40,2026-02-26 07:18:14+00:00,2026-02-26 11:38:14+00:00,4.333333333333333,-6.4425940871238705,39.24568510055542,-6.447052478790283,-6.43347692489624,39.239845275878906,39.25346755981445,12.615080334559762,57.47846799999999
187,3,c0187e03,40,2026-03-02 07:08:14+00:00,2026-03-02 11:08:14+00:00,4.0,-6.446943378448486,39.24371004104614,-6.459192276000977,-6.43347692489624,39.239845275878906,39.25349426269531,14.543851513945658,57.47846799999999
12,67,c0012e67,40,2026-08-01 14:18:37+00:00,2026-08-01 16:48:34+00:00,2.4991666666666665,-8.471249508857728,41.05108480453491,-8.48015022277832,-8.465316772460938,41.04519271850586,41.0599250793457,86.36311348151817,60.02615279999999
446,5,c0446e05,40,2026-06-24 11:38:37+00:00,2026-06-24 14:08:41+00:00,2.5011111111111113,2.166142004728317,41.72926921844483,2.154087543487549,2.1797285079956055,41.71772766113281,41.745635986328125,87.43017027135576,60.0484316
181,2,c0181e02,40,2026-08-12 15:38:37+00:00,2026-08-12 18:28:34+00:00,2.8325,-7.7278325915336605,42.71585540771484,-7.747384548187256,-7.706692695617676,42.70766830444336,42.73621368408203,183.4512717562908,62.094417199999995
881,0,c0881e00,40,2026-04-11 17:48:37+00:00,2026-04-11 19:38:37+00:00,1.8333333333333333,-8.077927565574646,41.94661855697632,-8.089268684387207,-8.061820983886719,41.93655014038086,41.96312713623047,42.23823784785307,61.120903
4,144,c0004e144,40,2026-08-09 15:58:34+00:00,2026-08-11 13:08:37+00:00,45.1675,-5.833805322647095,43.54022264480591,-5.834774494171143,-5.821556568145752,43.53068923950195,43.54597473144531,23.404044261739855,62.923660000000005
1255,0,c1255e00,39,2026-07-25 14:48:26+00:00,2026-07-25 16:28:26+00:00,1.6666666666666667,-8.648330859648876,40.00085918719952,-8.663792610168457,-8.637076377868652,39.986663818359375,40.014278411865234,227.6853328563012,57.29965379999998
607,6,c0607e06,39,2026-07-06 14:28:37+00:00,2026-07-06 16:48:34+00:00,2.3325,1.0994304785361657,42.04088993561574,1.0796798467636108,1.1051387786865234,42.02442169189453,42.0514030456543,174.4455886574446,58.91360309999998
69,3,c0069e03,39,2026-02-27 10:18:22+00:00,2026-02-27 13:28:30+00:00,3.168888888888889,2.513042260438968,42.388264876145584,2.497795581817627,2.5233242511749268,42.374176025390625,42.40461349487305,59.18657019624133,59.426602500000016
40,49,c0040e49,39,2026-07-14 08:28:37+00:00,2026-07-14 14:28:37+00:00,6.0,-1.798770485780178,43.15974416488256,-1.8107671737670896,-1.7848414182662964,43.144195556640625,43.176414489746094,21.157028675359207,60.414248199999996
217,25,c0217e25,39,2026-08-23 15:38:21+00:00,2026-08-23 17:28:21+00:00,1.8333333333333333,-6.94983633970603,38.847854320819565,-6.961884498596191,-6.936146259307861,38.83633041381836,38.863277435302734,58.1706880242976,55.6831126
147,3,c0147e03,39,2026-07-02 11:38:37+00:00,2026-07-02 13:38:41+00:00,2.0011111111111113,-4.327907219911233,42.23329866849459,-4.345597743988037,-4.307386875152588,42.20530700683594,42.24849319458008,94.77306033144788,59.377126999999994
542,0,c0542e00,39,2026-03-24 09:18:34+00:00,2026-03-24 13:28:34+00:00,4.166666666666667,-8.35232886289939,42.49442927042643,-8.361628532409668,-8.346094131469727,42.484619140625,42.50067901611328,23.24974931207538,60.38292630000001
295,7,c0295e07,39,2026-04-09 14:58:37+00:00,2026-04-09 21:48:37+00:00,6.833333333333333,1.2469856158280983,42.823881198198364,1.235673427581787,1.2615901231765747,42.8167610168457,42.85000228881836,118.61793065187288,59.95397920000001
3,18,c0003e18,39,2026-03-21 10:18:34+00:00,2026-03-21 22:18:37+00:00,12.000833333333333,-7.89274218143561,41.695144848945816,-8.682259559631348,-7.178869247436523,41.409053802490234,41.972164154052734,11.192317557156109,59.23312499999999
603,3,c0603e03,39,2026-07-02 11:08:37+00:00,2026-07-02 14:58:37+00:00,3.8333333333333335,-5.174948178804838,41.82648927737505,-5.199652194976807,-5.1603217124938965,41.8154182434082,41.8441162109375,145.66270689025194,58.95034819999997
1123,0,c1123e00,39,2026-06-11 17:18:26+00:00,2026-06-11 20:08:21+00:00,2.8319444444444444,-8.182542018401318,38.65269616933969,-8.197580337524414,-8.17158317565918,38.644927978515625,38.658634185791016,22.921548326711445,55.69631940000001
253,7,c0253e07,39,2026-05-30 00:28:17+00:00,2026-05-30 15:58:26+00:00,15.5025,-4.752195676167806,37.516509520701874,-4.763114929199219,-4.739544868469238,37.50819396972656,37.52126693725586,20.44949874848855,53.98940430000002
113,22,c0113e22,39,2026-04-13 10:58:34+00:00,2026-04-13 13:28:34+00:00,2.5,-0.8393836525770334,41.09414037068685,-1.1793758869171145,-0.3876095712184906,40.53025436401367,41.50215148925781,9.319646506518014,57.711843099999996
819,1,c0819e01,39,2026-04-07 11:38:34+00:00,2026-04-07 13:18:34+00:00,1.6666666666666667,2.9870822185125108,43.60938380314754,2.9702565670013428,2.9973719120025635,43.59268951416016,43.62485122680664,174.03763192542624,61.128894500000015
585,0,c0585e00,39,2026-03-28 07:48:17+00:00,2026-03-28 16:18:26+00:00,8.5025,-7.536710849175086,37.71407924554287,-7.541187286376953,-7.527749061584473,37.702606201171875,37.7158203125,14.359452914757368,54.5823605
29,0,c0029e00,39,2026-01-12 08:48:14+00:00,2026-01-12 11:48:14+00:00,3.0,-5.833829170618301,37.67836262629582,-5.840463161468506,-5.826292037963867,37.665321350097656,37.69143295288086,9.462688406826416,54.28822370000001
514,4,c0514e04,39,2026-05-25 17:38:26+00:00,2026-05-25 22:18:21+00:00,4.665277777777778,-5.633518805870643,37.63006650484525,-5.646244049072266,-5.62141752243042,37.623497009277344,37.636905670166016,30.166809297511755,54.20724269999999
206,39,c0206e39,39,2026-06-24 15:48:26+00:00,2026-06-24 17:18:26+00:00,1.5,-6.244751734611316,37.521256080040565,-6.273916244506836,-6.193495750427246,37.50222396850586,37.552955627441406,64.89569376003085,54.1801068
88,19,c0088e19,38,2026-05-06 05:58:17+00:00,2026-05-06 08:08:17+00:00,2.1666666666666665,-5.291534185409546,37.71449741564299,-5.2984490394592285,-5.284563064575195,37.697452545166016,37.72324752807617,23.174833376066456,52.862809
145,18,c0145e18,38,2026-07-13 13:28:37+00:00,2026-07-13 15:08:37+00:00,1.6666666666666667,-2.8803103032865023,41.36516842089201,-2.89120101928711,-2.8647851943969727,41.35038757324219,41.37900924682617,213.3927618641074,56.65240120000001
5,78,c0005e78,38,2026-06-21 12:18:13+00:00,2026-06-21 17:18:26+00:00,5.003611111111111,3.686316728591919,36.410945892333984,2.5715465545654297,3.860866069793701,36.21051788330078,36.52003479003906,149.41125495612513,51.4631908
5,52,c0005e52,38,2026-04-26 09:38:21+00:00,2026-04-26 15:08:26+00:00,5.501388888888889,3.390070256433989,36.25581982261256,3.019754648208618,3.813124656677246,36.010833740234375,36.75593566894531,9.97048026166425,51.30018450000001
16,45,c0016e45,38,2026-04-02 04:48:17+00:00,2026-04-02 07:58:17+00:00,3.1666666666666665,-0.932364738301227,38.19386191117136,-0.9421427845954896,-0.9182584881782532,38.17564010620117,38.201446533203125,18.280413198489068,53.03174840000001
480,2,c0480e02,38,2026-03-24 06:38:17+00:00,2026-03-24 09:18:17+00:00,2.6666666666666665,-5.2194069310238485,38.03906430696186,-5.229274272918701,-5.20452356338501,38.03178787231445,38.04501724243164,12.731125160526371,53.176991
963,2,c0963e02,38,2026-08-25 10:38:29+00:00,2026-08-25 12:48:26+00:00,2.1658333333333335,-3.3973072390807304,36.93541827954744,-3.4140090942382812,-3.38981556892395,36.92039489746094,36.942813873291016,115.43232037787364,51.93132139999999
111,9,c0111e09,38,2026-06-03 14:28:26+00:00,2026-06-03 16:08:26+00:00,1.6666666666666667,-3.9438520418970207,37.15435007998818,-3.9523656368255615,-3.9280567169189458,37.13556289672851,37.16229248046875,144.59767171385192,52.18339900000001
37,55,c0037e55,38,2026-06-03 05:18:34+00:00,2026-06-03 08:38:34+00:00,3.3333333333333335,-1.8848093089304472,42.142860211824114,-1.9177125692367551,-1.8530149459838867,42.1181640625,42.175010681152344,15.791555090333103,57.553682800000004
88,17,c0088e17,38,2026-04-30 05:28:17+00:00,2026-04-30 14:08:26+00:00,8.669166666666667,-5.20154363230655,37.7031317259136,-5.214466094970703,-5.039530277252197,37.434776306152344,37.72208023071289,18.43377207218394,52.8347133
1155,0,c1155e00,38,2026-06-19 02:48:34+00:00,2026-06-19 05:48:34+00:00,3.0,0.21066435426473612,41.49402196783768,0.2063698470592498,0.2189290523529052,41.4896354675293,41.5035285949707,7.708806481638988,56.690703600000006
981,4,c0981e04,37,2026-08-14 17:08:21+00:00,2026-08-14 20:48:17+00:00,3.6655555555555557,-4.747840726697767,37.3708847664498,-4.752876281738281,-4.740210056304932,37.366329193115234,37.37919235229492,20.02592439495667,51.081832399999996
47,13,c0047e13,37,2026-06-11 15:38:37+00:00,2026-06-11 17:28:37+00:00,1.8333333333333333,-6.092556708567852,40.00638415362384,-6.144283294677734,-6.082755088806152,39.99231719970703,40.02106094360352,80.69388394842542,53.935300600000005
2,78,c0002e78,37,2026-07-22 12:48:26+00:00,2026-07-22 17:08:21+00:00,4.331944444444445,-4.167235013600942,38.65019906533731,-4.175659656524658,-4.151722431182861,38.63584518432617,38.6634407043457,63.50574759163285,52.28866800000001
64,77,c0064e77,37,2026-07-11 18:38:21+00:00,2026-07-12 06:48:26+00:00,12.168055555555556,-0.5874452220427023,38.8896132804252,-0.593032717704773,-0.5809433460235596,38.88653945922851,38.8991584777832,14.98012118680842,52.33257030000001
1276,2,c1276e02,37,2026-08-12 14:18:26+00:00,2026-08-12 15:58:21+00:00,1.6652777777777779,-5.893006775830243,38.85282763919315,-5.91165828704834,-5.884954452514648,38.83278274536133,38.859962463378906,117.80457419818946,52.68221809999999
754,15,c0754e15,37,2026-06-01 11:28:26+00:00,2026-06-01 12:58:26+00:00,1.5,-2.249344729088448,37.114818676097975,-2.3033454418182373,-2.1971545219421387,37.09927749633789,37.13676834106445,62.50089409818446,50.66092499999999
754,55,c0754e55,37,2026-07-15 11:48:26+00:00,2026-07-15 12:58:26+00:00,1.1666666666666667,-2.2489135909724878,37.111167289115286,-2.3029019832611084,-2.1971545219421387,37.08677291870117,37.12400817871094,53.18066790133537,50.656232499999994
1032,2,c1032e02,37,2026-06-24 16:58:37+00:00,2026-06-24 18:18:34+00:00,1.3325,-0.876133414539131,42.13803234615841,-0.8919426202774048,-0.8664166331291199,42.12874221801758,42.1566047668457,97.40166838814672,55.994650999999976
56,16,c0056e16,37,2026-04-10 10:08:34+00:00,2026-04-10 22:38:37+00:00,12.500833333333333,-4.725164980501742,43.33470380628431,-4.940274715423584,-4.69337272644043,43.306270599365234,43.34644317626953,25.862687845408217,57.78853459999999
131,15,c0131e15,36,2026-04-10 06:58:17+00:00,2026-04-10 19:08:26+00:00,12.169166666666667,-7.459461331367493,38.040393617418076,-7.569011211395264,-7.4219207763671875,38.02648162841797,38.05564880371094,16.917402082770092,50.6880698
1280,0,c1280e00,36,2026-08-09 15:18:34+00:00,2026-08-09 16:48:34+00:00,1.5,-3.493523140748342,42.271299044291176,-3.5093657970428467,-3.4820778369903564,42.251953125,42.28144073486328,116.93356562654084,54.7799952
189,10,c0189e10,36,2026-03-21 09:38:34+00:00,2026-03-21 15:08:34+00:00,5.5,0.025026258650339268,43.11018911997477,-0.0064386948943138,0.0707442685961723,43.05266189575195,43.1443977355957,19.384280694876654,55.6712952
110,97,c0110e97,36,2026-08-25 13:58:26+00:00,2026-08-25 17:08:21+00:00,3.165277777777778,-3.7351968553331165,37.25526089138455,-3.74740219116211,-3.723114490509033,37.2491340637207,37.26310729980469,61.16140991059398,49.50944399999999
179,3,c0179e03,36,2026-03-18 08:58:22+00:00,2026-03-18 17:38:37+00:00,8.670833333333333,1.6328607698281605,42.87970627678765,1.5716482400894165,1.6848397254943848,42.846435546875,42.94148254394531,38.48544231638357,55.419142900000004
98,17,c0098e17,36,2026-04-27 06:08:17+00:00,2026-04-27 08:58:17+00:00,2.8333333333333335,-2.102460755242242,39.308124754163956,-2.117119073867798,-2.092532157897949,39.301753997802734,39.31529998779297,24.00383739842803,51.38924399999999
72,14,c0072e14,36,2026-07-16 12:58:13+00:00,2026-07-16 21:08:04+00:00,8.164166666666667,2.397142231464386,36.009446461995445,2.3799924850463867,2.4261369705200195,36.00444793701172,36.13500213623047,43.18804537269074,48.3334373
168,30,c0168e30,36,2026-09-08 04:08:34+00:00,2026-09-08 08:18:37+00:00,4.1675,-5.72861369450887,43.04491583506266,-5.740662574768066,-5.7130022048950195,43.02791213989258,43.063018798828125,83.56932425647125,55.9895691
64,35,c0064e35,36,2026-04-13 07:58:17+00:00,2026-04-13 13:08:26+00:00,5.1691666666666665,-0.5938287112447951,38.999123891194664,-0.813842236995697,-0.4127553105354309,38.655555725097656,39.39551544189453,11.714582430436009,51.0344737
16,155,c0016e155,36,2026-08-04 03:08:21+00:00,2026-08-04 14:58:26+00:00,11.834722222222222,-1.4384022454420726,38.24361324310303,-1.63164484500885,-0.8588529825210571,38.03190994262695,38.28043365478515,16.677731974163322,50.30812910000001
16,167,c0016e167,36,2026-08-31 05:48:26+00:00,2026-08-31 09:08:26+00:00,3.3333333333333335,-1.4850455522537231,38.330502616034615,-1.5254193544387815,-1.4083763360977173,38.2931022644043,38.3843994140625,15.905688057589874,50.3890074
476,0,c0476e00,36,2026-03-17 15:28:30+00:00,2026-03-17 17:18:30+00:00,1.8333333333333333,-8.869142638312447,43.10494189792209,-8.888389587402344,-8.859092712402344,43.09691619873047,43.114158630371094,30.207249490043257,56.60912729999999
502,2,c0502e02,36,2026-06-01 16:48:26+00:00,2026-06-01 18:08:26+00:00,1.3333333333333333,-4.644441975487603,37.71665096282959,-4.6600494384765625,-4.623651027679443,37.701881408691406,37.728363037109375,119.44680279750791,50.0138225
574,0,c0574e00,36,2026-03-26 15:38:37+00:00,2026-03-26 18:18:37+00:00,2.6666666666666665,-8.61267508400811,43.29687288072374,-8.630791664123535,-8.601515769958496,43.2847900390625,43.31570053100586,72.88750431894502,56.8042064
33,7,c0033e07,36,2026-02-26 11:58:22+00:00,2026-02-26 23:38:30+00:00,11.668888888888889,-6.4859069850709705,43.16410764058431,-6.652416706085205,-6.372335433959961,43.12705612182617,43.211570739746094,44.17682178398029,56.25383689999999
4,30,c0004e30,36,2026-03-16 13:48:30+00:00,2026-03-17 18:08:33+00:00,28.33416666666667,-5.833601130379571,43.53872479332818,-5.846161842346191,-5.819912910461426,43.530155181884766,43.54597473144531,28.827278798793177,56.62779400000001
1041,8,c1041e08,36,2026-07-24 21:08:17+00:00,2026-07-25 00:28:17+00:00,3.3333333333333335,-6.307901713583204,38.75867907206217,-6.324063301086426,-6.298597812652588,38.74602508544922,38.77275848388672,35.17610788730705,51.220286900000005
12,3,c0012e03,36,2026-02-24 11:08:22+00:00,2026-02-24 20:18:30+00:00,9.168888888888889,-8.055679771635267,40.96665562523736,-8.479673385620117,-7.951494216918945,40.82561492919922,41.143348693847656,44.45087196973249,53.86140910000001
1007,5,c1007e05,36,2026-08-05 13:18:13+00:00,2026-08-05 15:48:09+00:00,2.4988888888888887,-5.40239581796858,36.22002410888672,-5.412956714630127,-5.388760566711426,36.21448516845703,36.22751235961914,51.7312640641678,48.7426428
12,19,c0012e19,36,2026-03-28 12:28:37+00:00,2026-03-28 18:28:37+00:00,6.0,-8.052509109179178,41.027425342135956,-8.583551406860352,-7.995602130889893,40.9779167175293,41.04529571533203,19.697818205254837,53.92467870000001
0,21,c0000e21,36,2026-02-04 16:18:30+00:00,2026-02-05 00:28:30+00:00,8.166666666666666,-5.731557104322645,43.52800464630127,-5.74154806137085,-5.7268757820129395,43.51474380493164,43.5297966003418,9.41937932996109,56.59681680000001
1245,6,c1245e06,35,2026-09-12 15:18:21+00:00,2026-09-12 17:38:17+00:00,2.332222222222222,-9.296944427490235,38.78229293823242,-9.309231758117676,-9.28281593322754,38.77397155761719,38.78776931762695,37.95359435448512,50.3182653
12,16,c0012e16,35,2026-03-24 13:18:34+00:00,2026-03-24 17:58:37+00:00,4.6675,-8.219676835196358,40.87857578822545,-8.251984596252441,-7.941040992736816,40.864356994628906,41.01099395751953,9.952610082472235,52.28933150000001
33,13,c0033e13,35,2026-03-17 15:18:30+00:00,2026-03-17 19:38:30+00:00,4.333333333333333,-6.2592981338500975,42.9868049621582,-6.286555767059326,-6.149108409881592,42.93565368652344,43.325164794921875,421.4734173638014,54.442683
635,1,c0635e01,35,2026-06-29 15:48:26+00:00,2026-06-29 18:38:21+00:00,2.8319444444444444,-3.699551316670009,39.7518805367606,-3.714635133743286,-3.689396858215332,39.7453727722168,39.75944519042969,48.682319749138664,50.510341499999996
779,2,c0779e02,35,2026-06-21 12:48:41+00:00,2026-06-21 15:18:37+00:00,2.4988888888888887,-2.4049427849905833,42.382640620640345,-2.4217936992645264,-2.382981777191162,42.364280700683594,42.3939323425293,93.51527518446852,53.30820660000001
32,46,c0032e46,35,2026-05-29 21:08:34+00:00,2026-05-30 12:18:37+00:00,15.1675,-3.696357011795044,43.20998328072684,-4.496276378631592,-3.6085422039031982,43.16042709350586,43.22867965698242,15.027457385166818,54.42672980000001
948,6,c0948e06,35,2026-06-27 15:08:37+00:00,2026-06-27 16:58:37+00:00,1.8333333333333333,-7.719342790331159,43.56645758492606,-7.725960254669189,-7.710178852081299,43.55849838256836,43.575286865234375,17.19716641200272,55.400565
189,7,c0189e07,35,2026-03-18 12:08:34+00:00,2026-03-18 17:08:37+00:00,5.0008333333333335,0.02259145255333607,43.05771473475865,-0.1351435929536819,0.0450078099966049,43.03480529785156,43.09958267211914,62.32833065022562,54.067963500000005
40,57,c0040e57,35,2026-09-03 13:08:37+00:00,2026-09-04 01:28:34+00:00,12.3325,-0.5338104793003627,42.926326751708984,-0.5452436208724976,-0.5323261022567749,42.92495346069336,42.9395637512207,26.963729491509785,53.924983
56,13,c0056e13,35,2026-04-07 06:18:34+00:00,2026-04-07 14:08:34+00:00,7.833333333333333,-4.842776203155518,43.34472252982003,-4.86284065246582,-4.669572353363037,43.335575103759766,43.381858825683594,118.05926831115318,54.6987666
64,9,c0064e09,35,2026-02-20 07:28:14+00:00,2026-02-20 11:28:14+00:00,4.0,-0.5878178886004857,39.073698316301616,-0.633886456489563,-0.5355794429779053,38.87364959716797,39.38255310058594,14.052047539306052,49.6862661
217,12,c0217e12,35,2026-05-24 11:48:26+00:00,2026-05-24 13:58:26+00:00,2.1666666666666665,-6.868019035884312,38.98065774100167,-6.8810715675354,-6.853837966918945,38.96822738647461,38.995361328125,245.42757688348584,50.0886346
305,2,c0305e02,35,2026-06-04 16:28:26+00:00,2026-06-04 18:18:26+00:00,1.8333333333333333,-5.530892440250942,39.76005979265486,-5.546230316162109,-5.520609378814697,39.75358200073242,39.767921447753906,47.6549426154429,50.6939933
85,17,c0085e17,35,2026-04-08 09:48:34+00:00,2026-04-08 14:08:34+00:00,4.333333333333333,-5.346895354134696,43.2878050667899,-5.4877848625183105,-5.087653636932373,43.22447967529297,43.3863525390625,20.318540923248307,54.68179539999999
78,4,c0078e04,35,2026-03-13 10:08:22+00:00,2026-03-13 12:38:30+00:00,2.502222222222222,0.38331964186259676,42.99068603515625,0.3788309693336487,0.3917600512504577,42.97868347167969,42.994911193847656,38.69214211801883,53.99350110000001
16,130,c0016e130,35,2026-07-07 12:08:29+00:00,2026-07-07 17:48:21+00:00,5.664444444444444,-1.3199822562081474,38.07909088134765,-1.4111719131469729,-1.2814730405807495,37.97944641113281,38.51396179199219,63.12928827261128,48.752800599999986
16,144,c0016e144,35,2026-07-21 06:08:26+00:00,2026-07-21 12:18:26+00:00,6.166666666666667,-1.3244099957602364,38.23179441179548,-1.3847441673278809,-1.2742443084716797,37.83620071411133,38.26641845703125,13.4608956524943,48.89595879999999
106,6,c0106e06,35,2026-03-29 10:48:34+00:00,2026-03-29 13:18:34+00:00,2.5,-4.664495604378836,40.77568610055106,-4.898565292358398,-4.399343013763428,40.63497543334961,40.906394958496094,9.332022283652856,51.675857500000006
110,6,c0110e06,35,2026-04-06 07:18:17+00:00,2026-04-06 09:48:21+00:00,2.5011111111111113,-3.6882260526929582,37.203730882917135,-3.6976993083953857,-3.685266494750977,37.198585510253906,37.21160125732422,8.875684408377186,48.08561170000001
16,177,c0016e177,35,2026-09-14 05:18:26+00:00,2026-09-14 07:38:26+00:00,2.3333333333333335,-1.4310263054711478,38.27129614693778,-1.51235830783844,-1.29823100566864,38.22731018066406,38.3843994140625,11.416993545949795,48.929959000000004
1287,1,c1287e01,34,2026-08-20 10:38:26+00:00,2026-08-20 12:18:29+00:00,1.6675,-3.7445066185558544,36.95600464764763,-3.7535054683685303,-3.7293620109558105,36.94923400878906,36.96293258666992,258.65882067318256,46.511846999999996
1240,0,c1240e00,34,2026-07-18 15:18:26+00:00,2026-07-18 16:58:26+00:00,1.6666666666666667,-2.8982779208351586,36.93462506462546,-2.913584470748902,-2.8887784481048584,36.91521835327149,36.94483947753906,132.12371441978166,46.438708199999994
16,55,c0016e55,34,2026-04-17 05:38:17+00:00,2026-04-17 07:28:17+00:00,1.8333333333333333,-0.9054700048530803,38.15995395884794,-1.2641453742980957,-0.7517684102058411,38.04501724243164,38.31754302978515,6.589155739988709,47.4185694
725,5,c0725e05,34,2026-08-18 09:58:41+00:00,2026-08-18 11:38:37+00:00,1.6655555555555555,-7.204881485770731,42.07949346654556,-7.211131572723389,-7.196480751037598,42.07259750366211,42.087188720703125,137.7084673026973,51.960357200000004
1121,1,c1121e01,34,2026-07-09 12:18:37+00:00,2026-07-09 13:28:37+00:00,1.1666666666666667,-7.8162758771110985,40.90857786290786,-7.829518795013428,-7.802496910095215,40.89933776855469,40.92719650268555,132.4957174309627,50.7624496
418,2,c0418e02,34,2026-06-30 02:58:17+00:00,2026-06-30 06:28:21+00:00,3.5011111111111113,-1.7816280862864327,38.10055306378533,-1.7929991483688354,-1.7689532041549685,38.082401275634766,38.108787536621094,31.87603015643236,47.39544719999999
12,2,c0012e02,34,2026-02-23 11:28:22+00:00,2026-02-23 21:18:30+00:00,9.835555555555555,-8.19684679367963,40.85702054640826,-8.272624969482422,-8.145003318786621,40.835723876953125,40.88103485107422,79.39467972977641,50.77315780000001
3,86,c0003e86,34,2026-07-09 10:08:37+00:00,2026-07-09 15:08:37+00:00,5.0,-8.490952575907988,41.79004355037914,-8.528116226196289,-7.674125671386719,41.444976806640625,41.83187103271485,84.27849337035872,51.8484617
1087,2,c1087e02,34,2026-08-02 13:18:37+00:00,2026-08-02 19:18:34+00:00,5.9991666666666665,0.7778384510208579,42.57314367855297,0.7708722949028015,0.796453595161438,42.5554084777832,42.58748626708984,643.204365385493,51.97855709999999
71,5,c0071e05,34,2026-03-16 10:18:26+00:00,2026-03-16 14:58:30+00:00,4.667777777777777,2.5499597086625942,42.59622899223776,2.531707286834717,2.704789400100708,42.57748794555664,42.71653747558594,28.81660109015166,52.05034070000001
313,23,c0313e23,34,2026-09-15 02:58:34+00:00,2026-09-15 07:48:37+00:00,4.8341666666666665,-5.680243351880242,40.2260518915513,-5.687836647033691,-5.671988010406494,40.20856094360352,40.24066925048828,31.34665267756783,49.748705900000004
814,0,c0814e00,34,2026-04-06 08:58:34+00:00,2026-04-06 13:08:34+00:00,4.166666666666667,-9.082654139574837,43.121348212747016,-9.088638305664062,-9.072423934936523,43.10372543334961,43.135009765625,28.967465606250833,53.518565100000004
754,60,c0754e60,34,2026-07-22 11:48:26+00:00,2026-07-22 12:58:26+00:00,1.1666666666666667,-2.2469269668354706,37.1111021602855,-2.3029019832611084,-2.1971545219421387,37.09927749633789,37.12400817871094,50.32646837270128,46.549567499999995
32,14,c0032e14,34,2026-03-19 13:28:34+00:00,2026-03-20 06:08:34+00:00,16.666666666666668,-3.9518058510387646,43.18675332910874,-4.496276378631592,-3.7607457637786865,43.11592102050781,43.25627517700195,8.60277218272491,52.850057
168,10,c0168e10,34,2026-03-23 12:28:34+00:00,2026-03-23 18:08:37+00:00,5.6675,-5.911092533784754,43.03045194289263,-5.921700954437256,-5.907137870788574,43.02910232543945,43.04397201538086,15.202010812699696,52.9056184
57,18,c0057e18,33,2026-08-13 21:18:17+00:00,2026-08-14 06:28:26+00:00,9.169166666666667,-8.815914674238725,37.98276681611032,-8.819977760314941,-8.806082725524902,37.97493362426758,37.98843765258789,16.093567225709503,46.6320691
359,11,c0359e11,33,2026-07-26 17:28:34+00:00,2026-07-26 18:48:34+00:00,1.3333333333333333,-1.2534398273988203,42.60297809947621,-1.2695788145065308,-1.2435120344161987,42.59098052978515,42.6175537109375,75.41196031113174,50.467295
632,0,c0632e00,33,2026-03-29 08:18:17+00:00,2026-03-29 11:28:21+00:00,3.167777777777778,-5.779294548612652,38.50766985344164,-5.782935619354248,-5.7696852684021,38.49815368652344,38.51172637939453,12.046001425666764,46.6616465
44,5,c0044e05,33,2026-05-21 03:28:17+00:00,2026-05-21 06:08:17+00:00,2.6666666666666665,-6.260324694893577,38.377960898659445,-6.274561405181885,-6.249265193939209,38.37260055541992,38.3861198425293,13.610838314738874,46.598123900000004
484,1,c0484e01,33,2026-03-26 14:38:34+00:00,2026-03-26 20:38:37+00:00,6.0008333333333335,-0.7740646131110914,41.90507172093247,-0.7875718474388123,-0.7619943618774414,41.887481689453125,41.91588592529297,65.14429351985281,49.682124
88,42,c0088e42,33,2026-06-20 13:38:26+00:00,2026-06-20 16:28:26+00:00,2.8333333333333335,-5.192540573351311,37.70381684736772,-5.215567111968994,-5.157381534576416,37.13729476928711,37.73508834838867,122.78181049905189,45.8880792
259,20,c0259e20,33,2026-06-28 14:28:37+00:00,2026-06-28 15:48:37+00:00,1.3333333333333333,-0.2067454859162822,40.64280943437056,-0.228090763092041,-0.1910226643085479,40.63194274902344,40.6595573425293,89.67260343060767,48.3633557
88,66,c0088e66,33,2026-09-06 14:38:21+00:00,2026-09-06 21:38:17+00:00,6.998888888888889,-5.328145402850526,37.5508805477258,-5.367405414581299,-5.012960910797119,37.39547348022461,37.58074951171875,118.67141049914711,45.7682966
564,2,c0564e02,33,2026-08-12 12:58:37+00:00,2026-08-12 15:38:37+00:00,2.6666666666666665,-4.745179190780178,42.06061958544182,-4.751500129699707,-4.737595081329346,42.0527458190918,42.06718444824219,90.61703607413104,50.091323700000004
715,1,c0715e01,33,2026-08-01 17:28:21+00:00,2026-08-01 22:08:17+00:00,4.665555555555556,-3.589640812440352,39.004577983509414,-3.597301959991455,-3.5852630138397217,39.00454330444336,39.004638671875,18.14062454871074,46.9070646
221,3,c0221e03,33,2026-03-04 19:38:30+00:00,2026-03-05 00:58:30+00:00,5.333333333333333,-5.575077764915697,43.101500540068656,-5.649251461029053,-5.49059534072876,43.04226303100586,43.15358352661133,33.69286485389896,51.3703504
754,4,c0754e04,33,2026-05-20 11:38:26+00:00,2026-05-20 12:48:26+00:00,1.1666666666666667,-2.2388482599547417,37.11001702510949,-2.2912309169769287,-2.1971545219421387,37.09927749633789,37.12400817871094,44.14372055935239,45.178668
692,11,c0692e11,33,2026-07-21 08:48:37+00:00,2026-07-21 09:58:37+00:00,1.1666666666666667,2.353422757351037,43.30699469826438,2.3327436447143555,2.3722004890441895,43.28649139404297,43.31512069702149,189.5974904101434,51.3217465
20,6,c0020e06,33,2026-05-08 18:38:26+00:00,2026-05-08 20:48:26+00:00,2.1666666666666665,-6.530928293863933,38.849927150841914,-6.539297103881836,-6.525815963745117,38.843013763427734,38.85647201538086,17.36899455433673,47.0596689
0,107,c0000e107,33,2026-06-21 09:58:37+00:00,2026-06-21 16:38:37+00:00,6.666666666666667,-5.730504570585309,43.52649064497514,-5.74154806137085,-5.7268757820129395,43.51474380493164,43.5297966003418,28.749704464755823,51.880415400000004
692,14,c0692e14,33,2026-08-13 16:28:34+00:00,2026-08-13 18:18:34+00:00,1.8333333333333333,2.3871674971147017,43.26202577533144,2.369736909866333,2.3962180614471436,43.2429313659668,43.27208709716797,163.4371543815535,51.264288900000004
754,57,c0754e57,33,2026-07-17 11:48:26+00:00,2026-07-17 12:48:26+00:00,1.0,-2.2576754382162383,37.11298994584517,-2.3029019832611084,-2.208821058273315,37.09927749633789,37.12400817871094,48.828861073432215,45.18135
167,0,c0167e00,33,2026-02-22 14:18:14+00:00,2026-02-22 15:58:14+00:00,1.6666666666666667,-9.151532375451291,39.33597622495709,-9.160443305969238,-9.133464813232422,39.31925964355469,39.34744644165039,56.66558750787483,47.930801100000004
47,21,c0047e21,32,2026-09-15 14:58:34+00:00,2026-09-15 16:58:34+00:00,2.0,-6.122949197888374,40.04239571094513,-6.137956142425537,-6.111801624298096,40.0345573425293,40.04949569702149,65.09729238699165,46.682017599999995
4,132,c0004e132,32,2026-07-27 14:38:37+00:00,2026-07-28 10:18:37+00:00,19.666666666666668,-5.83109025657177,43.53865945339203,-5.834774494171143,-5.819912910461426,43.530155181884766,43.54597473144531,21.824871790389132,50.33592800000001
126,2,c0126e02,32,2026-07-10 11:38:37+00:00,2026-07-10 13:18:37+00:00,1.6666666666666667,-3.48661882430315,40.00561213493347,-3.4979801177978516,-3.472626209259033,39.9882698059082,40.0164794921875,220.7655125119168,46.40267109999999
754,56,c0754e56,32,2026-07-16 11:58:26+00:00,2026-07-16 12:48:26+00:00,0.8333333333333334,-2.238679975271225,37.10994243621826,-2.3029019832611084,-2.1971545219421387,37.08677291870117,37.123924255371094,52.300053551160765,43.8091105
189,14,c0189e14,32,2026-04-10 12:28:34+00:00,2026-04-10 16:48:37+00:00,4.3341666666666665,0.027735317882616045,43.06826889514923,0.0192893799394369,0.0321570448577404,43.053165435791016,43.09941101074219,41.78603420862875,49.4391985
206,67,c0206e67,32,2026-09-11 14:38:21+00:00,2026-09-11 15:58:21+00:00,1.3333333333333333,-6.647606357932091,37.69848620891571,-6.659268379211426,-6.634149551391602,37.68677520751953,37.71406173706055,117.82268234304829,44.653972800000005
184,3,c0184e03,32,2026-03-04 12:18:30+00:00,2026-03-04 13:38:30+00:00,1.3333333333333333,-6.95593786239624,42.852558732032776,-6.976439476013184,-6.935194492340088,42.83125305175781,42.86526107788086,78.30440289439454,49.717911099999995
1216,0,c1216e00,32,2026-07-09 17:38:21+00:00,2026-07-09 20:38:17+00:00,2.9988888888888887,-4.1020422130823135,36.76301324367523,-4.115240097045898,-4.091982364654541,36.75898742675781,36.784141540527344,45.08333431027698,43.642327
137,3,c0137e03,32,2026-04-06 11:38:34+00:00,2026-04-06 16:08:37+00:00,4.5008333333333335,-4.962478503584862,42.31420814990997,-4.964802265167236,-4.950780868530273,42.31268310546875,42.32709884643555,21.11453623441131,48.8663059
37,81,c0037e81,32,2026-09-18 12:48:34+00:00,2026-09-18 15:48:34+00:00,3.0,-2.0246593728661537,42.07682454586029,-2.0289974212646484,-2.015373706817627,42.05899810791016,42.08757400512695,78.91693991892828,48.4027422
16,98,c0016e98,32,2026-06-02 22:48:17+00:00,2026-06-03 05:08:17+00:00,6.333333333333333,-1.082381870597601,37.95012664794922,-1.0920475721359253,-1.0799622535705566,37.938323974609375,37.953609466552734,21.851923842618127,44.4604212
754,53,c0754e53,31,2026-07-13 11:48:26+00:00,2026-07-13 12:58:26+00:00,1.1666666666666667,-2.246049665635632,37.110638403123424,-2.3029019832611084,-2.1975765228271484,37.08677291870117,37.12400817871094,53.47294458953175,42.440893999999986
760,2,c0760e02,31,2026-06-10 15:28:37+00:00,2026-06-11 01:08:34+00:00,9.665833333333333,-3.7767678153130317,42.27938006001134,-3.7894418239593506,-3.775798320770264,42.27082061767578,42.28491973876953,7.533377889138146,47.202955700000004
826,3,c0826e03,31,2026-06-15 16:18:37+00:00,2026-06-15 17:38:37+00:00,1.3333333333333333,-1.7300353627051077,42.80327150898595,-1.7480719089508057,-1.72197687625885,42.7966423034668,42.81154251098633,118.13305792294436,47.63556720000001
1077,1,c1077e01,31,2026-05-26 00:48:17+00:00,2026-05-26 02:48:17+00:00,2.0,-6.392113316443659,36.8545036315918,-6.40005350112915,-6.387099266052246,36.849483489990234,36.862449645996094,99.33689536305248,42.56185830000002
836,2,c0836e02,31,2026-07-22 02:18:34+00:00,2026-07-22 05:48:34+00:00,3.5,-3.104092682561567,43.334941987068426,-3.1113522052764893,-3.097438335418701,43.32142639160156,43.33729934692383,26.579697993228542,48.287727999999994
3,105,c0003e105,31,2026-08-07 18:08:34+00:00,2026-08-07 20:18:34+00:00,2.1666666666666665,-8.600051695300687,41.994728088378906,-8.609437942504883,-8.59149169921875,41.97751235961914,42.00873565673828,48.97791398331249,47.5018514
4,88,c0004e88,31,2026-05-30 14:58:37+00:00,2026-05-31 06:08:34+00:00,15.165833333333333,-5.833464899370747,43.53803991502331,-5.846161842346191,-5.821556568145752,43.53068923950195,43.54597473144531,15.169902657107777,48.7614615
1237,0,c1237e00,31,2026-07-17 11:58:26+00:00,2026-07-17 15:38:26+00:00,3.6666666666666665,-3.9839540296985256,36.8301870284542,-3.991851568222046,-3.978702306747437,36.81746292114258,36.843013763427734,45.4423509559363,42.324547200000005
4,89,c0004e89,31,2026-05-31 13:58:37+00:00,2026-06-01 17:48:37+00:00,27.833333333333332,-5.8323566067603325,43.53946993427892,-5.834774494171143,-5.819912910461426,43.530155181884766,43.54597473144531,18.63867030146916,48.7644615
726,1,c0726e01,31,2026-04-15 15:58:37+00:00,2026-04-15 17:38:37+00:00,1.6666666666666667,-6.700127632387223,40.183471310523245,-6.70794153213501,-6.681859970092773,40.166259765625,40.193058013916016,65.13505169834744,45.4288837
1130,0,c1130e00,31,2026-06-13 11:18:37+00:00,2026-06-13 14:18:41+00:00,3.0011111111111113,1.3414381819386636,41.853812802222464,1.327833652496338,1.3536334037780762,41.84360122680664,41.87178421020508,159.55630970449084,46.62869549999999
1203,0,c1203e00,31,2026-07-07 14:18:37+00:00,2026-07-07 17:18:34+00:00,2.9991666666666665,-7.735797882080078,42.92728325628465,-7.752341747283936,-7.724114418029785,42.91129302978515,42.940399169921875,52.8767523790808,48.364519299999984
517,1,c0517e01,31,2026-07-10 15:58:26+00:00,2026-07-10 17:48:21+00:00,1.8319444444444444,-1.6923545714347594,37.69004403391192,-1.6995854377746582,-1.675684094429016,37.6794548034668,37.70528793334961,55.619205023664534,42.88115810000001
33,61,c0033e61,31,2026-07-28 16:48:34+00:00,2026-07-28 18:18:34+00:00,1.5,-6.42393950493105,42.98471955330141,-6.434152126312256,-6.40641450881958,42.9644775390625,42.99336624145508,26.515973339156925,48.24589240000001
33,20,c0033e20,31,2026-04-02 22:38:37+00:00,2026-04-03 14:18:34+00:00,15.665833333333333,-6.356651213861281,43.144644214260964,-6.487508773803711,-6.039220809936523,43.087913513183594,43.276710510253906,17.270446914644698,48.39828260000001
3,58,c0003e58,31,2026-06-06 06:38:34+00:00,2026-06-06 10:48:37+00:00,4.1675,-7.007516814816382,41.94457774008474,-7.015959739685059,-7.001208782196045,41.94044876098633,41.95580291748047,28.376634366105716,47.20233869999999
110,72,c0110e72,31,2026-07-13 11:38:26+00:00,2026-07-13 16:28:26+00:00,4.833333333333333,-3.6534264626041537,37.23928709953062,-3.7839794158935542,-3.5574491024017334,37.0823974609375,37.28873825073242,62.7923605819149,42.614990199999994
0,22,c0000e22,30,2026-02-05 17:18:30+00:00,2026-02-06 06:08:30+00:00,12.833333333333334,-5.732612291971843,43.5276902516683,-5.74154806137085,-5.7268757820129395,43.51474380493164,43.5297966003418,11.77002661013765,47.16401400000002
16,12,c0016e12,30,2026-02-06 08:18:14+00:00,2026-02-06 10:08:14+00:00,1.8333333333333333,-0.8764671524365742,38.22361297607422,-0.8832352757453918,-0.8712082505226135,38.214298248291016,38.22764587402344,13.708245241784796,41.888901000000004
1278,0,c1278e00,30,2026-08-07 19:38:34+00:00,2026-08-08 04:58:34+00:00,9.333333333333334,-0.03919484006861843,40.26368103027344,-0.055119801312685,-0.0306192599236965,40.26055145263672,40.27532196044922,72.7228952931075,43.61910839999999
106,14,c0106e14,30,2026-07-16 17:28:37+00:00,2026-07-16 18:58:34+00:00,1.4991666666666668,-4.602672561009725,40.731071090698244,-4.618101119995117,-4.59220027923584,40.72345733642578,40.75162506103515,85.83911866721128,44.247416999999984
64,14,c0064e14,30,2026-02-25 06:48:14+00:00,2026-02-25 08:28:14+00:00,1.6666666666666667,-0.26521544555823,39.0245107014974,-0.499152660369873,-0.1017981991171836,38.874629974365234,39.15534591674805,11.942701339708048,42.53860509999999
64,5,c0064e05,30,2026-02-11 20:58:22+00:00,2026-02-11 22:38:22+00:00,1.6666666666666667,-0.47207786440849303,38.9513858795166,-0.5351215600967407,-0.4492889046669006,38.90071868896485,39.14256286621094,42.79782914675268,42.48521620000001
397,2,c0397e02,30,2026-03-24 09:28:34+00:00,2026-03-24 17:58:37+00:00,8.500833333333333,-0.21736010561386737,41.086653010050455,-0.2173930704593658,-0.2173410207033157,41.08152389526367,41.09551239013672,9.97589853812804,44.371824
507,3,c0507e03,30,2026-07-06 13:58:37+00:00,2026-07-06 15:28:37+00:00,1.5,2.56799689133962,43.17725194295247,2.559387683868408,2.57316517829895,43.16888427734375,43.18560028076172,73.83398864085518,46.526722500000005
3,106,c0003e106,30,2026-08-08 14:38:37+00:00,2026-08-08 17:08:34+00:00,2.4991666666666665,-8.559300947189332,41.983251953125,-8.6072416305542,-7.545280933380127,41.71329116821289,42.00591278076172,67.14029082292275,45.95145439999999
3,115,c0003e115,30,2026-08-21 13:28:37+00:00,2026-08-21 22:48:34+00:00,9.3325,-7.865532191594442,41.658929189046226,-8.66153335571289,-7.789855480194092,41.64461517333984,41.730281829833984,43.20752800991024,45.52387880000001
32,22,c0032e22,30,2026-04-05 10:38:34+00:00,2026-04-05 16:28:37+00:00,5.8341666666666665,-4.051808468500773,43.11584943135579,-4.345662593841553,-3.895591735839844,43.07283401489258,43.21101379394531,72.6275433223663,46.57187
754,18,c0754e18,30,2026-06-04 11:38:26+00:00,2026-06-04 12:48:26+00:00,1.1666666666666667,-2.246943497657776,37.11228370666504,-2.3029019832611084,-2.1971545219421387,37.09927749633789,37.12491989135742,49.26895127692226,41.07401549999999
755,0,c0755e00,30,2026-04-01 08:48:17+00:00,2026-04-01 12:08:21+00:00,3.3344444444444443,-6.897545210520426,38.0797238667806,-6.90176248550415,-6.888433933258057,38.06883239746094,38.081939697265625,16.09168168096497,42.20235500000001
773,3,c0773e03,30,2026-09-17 21:38:34+00:00,2026-09-18 07:38:37+00:00,10.000833333333333,-8.23674128850301,42.64962437947591,-8.243094444274902,-8.226296424865723,42.62971115112305,42.659786224365234,30.849761871512893,46.58263659999999
774,1,c0774e01,30,2026-04-22 13:38:37+00:00,2026-04-22 14:48:37+00:00,1.1666666666666667,-7.711766656239828,40.71563936869303,-7.728970527648926,-7.702224254608154,40.70578384399414,40.733489990234375,84.72100487791803,44.59109259999999
175,17,c0175e17,30,2026-05-30 16:18:26+00:00,2026-05-30 19:58:26+00:00,3.6666666666666665,-6.4488292535146075,39.97043304443359,-6.4622321128845215,-6.436081886291504,39.95873260498047,39.97298431396485,20.84425218870332,43.739855000000006
