{"type":"FeatureCollection","properties":{"source":"Generalitat de Catalunya, Caps de municipi de Catalunya georeferenciats (https://analisi.transparenciacatalunya.cat, dataset wpyq-we8x)","license":"Open data, Generalitat de Catalunya"},"features":[{"type":"Feature","id":"town-250766","properties":{"id":"town-250766","name":"el Cogul","category":"town","municipality":"el Cogul","county":"Garrigues"},"geometry":{"type":"Point","coordinates":[0.68945474,41.46701992]}},{"type":"Feature","id":"town-171962","properties":{"id":"town-171962","name":"Terrades","category":"town","municipality":"Terrades","county":"Alt Empordà"},"geometry":{"type":"Point","coordinates":[2.839785356,42.31039267]}},{"type":"Feature","id":"town-172116","properties":{"id":"town-172116","name":"Verges","category":"town","municipality":"Verges","county":"Baix Empordà"},"geometry":{"type":"Point","coordinates":[3.046577287,42.06040322]}},{"type":"Feature","id":"town-251902","properties":{"id":"town-251902","name":"Salàs de Pallars","category":"town","municipality":"Salàs de Pallars","county":"Pallars Jussà"},"geometry":{"type":"Point","coordinates":[0.931479588,42.21276002]}},{"type":"Feature","id":"town-172142","properties":{"id":"town-172142","name":"Vilabertran","category":"town","municipality":"Vilabertran","county":"Alt Empordà"},"geometry":{"type":"Point","coordinates":[2.981560473,42.28269494]}},{"type":"Feature","id":"town-250334","properties":{"id":"town-250334","name":"Artesa de Lleida","category":"town","municipality":"Artesa de Lleida","county":"Segrià"},"geometry":{"type":"Point","coordinates":[0.70367123,41.55179061]}},{"type":"Feature","id":"town-252192","properties":{"id":"town-252192","name":"Tarroja de Segarra","category":"town","municipality":"Tarroja de Segarra","county":"Segarra"},"geometry":{"type":"Point","coordinates":[1.274248,41.73044795]}},{"type":"Feature","id":"town-171518","properties":{"id":"town-171518","name":"Riumors","category":"town","municipality":"Riumors","county":"Alt Empordà"},"geometry":{"type":"Point","coordinates":[3.042124039,42.22730033]}},{"type":"Feature","id":"town-170852","properties":{"id":"town-170852","name":"Jafre","category":"town","municipality":"Jafre","county":"Baix Empordà"},"geometry":{"type":"Point","coordinates":[3.010617083,42.07197571]}},{"type":"Feature","id":"town-430347","properties":{"id":"town-430347","name":"Bràfim","category":"town","municipality":"Bràfim","county":"Alt Camp"},"geometry":{"type":"Point","coordinates":[1.341290393,41.26874906]}},{"type":"Feature","id":"town-082606","properties":{"id":"town-082606","name":"Santa Perpètua de Mogoda","category":"town","municipality":"Santa Perpètua de Mogoda","county":"Vallès Occidental"},"geometry":{"type":"Point","coordinates":[2.183170164,41.53491925]}},{"type":"Feature","id":"town-250479","properties":{"id":"town-250479","name":"Bellcaire d'Urgell","category":"town","municipality":"Bellcaire d'Urgell","county":"Noguera"},"geometry":{"type":"Point","coordinates":[0.906224822,41.75937145]}},{"type":"Feature","id":"town-081402","properties":{"id":"town-081402","name":"Navarcles","category":"town","municipality":"Navarcles","county":"Bages"},"geometry":{"type":"Point","coordinates":[1.903756546,41.7516175]}},{"type":"Feature","id":"town-080996","properties":{"id":"town-080996","name":"Guardiola de Berguedà","category":"town","municipality":"Guardiola de Berguedà","county":"Berguedà"},"geometry":{"type":"Point","coordinates":[1.87918005,42.23347717]}},{"type":"Feature","id":"town-172001","properties":{"id":"town-172001","name":"Tortellà","category":"town","municipality":"Tortellà","county":"Garrotxa"},"geometry":{"type":"Point","coordinates":[2.630000591,42.2328818]}},{"type":"Feature","id":"town-431665","properties":{"id":"town-431665","name":"Vilallonga del Camp","category":"town","municipality":"Vilallonga del Camp","county":"Tarragonès"},"geometry":{"type":"Point","coordinates":[1.20574366,41.21142924]}},{"type":"Feature","id":"town-250997","properties":{"id":"town-250997","name":"Golmés","category":"town","municipality":"Golmés","county":"Pla d'Urgell"},"geometry":{"type":"Point","coordinates":[0.932518362,41.63253599]}},{"type":"Feature","id":"town-431299","properties":{"id":"town-431299","name":"Riudoms","category":"town","municipality":"Riudoms","county":"Baix Camp"},"geometry":{"type":"Point","coordinates":[1.051519302,41.13889158]}},{"type":"Feature","id":"town-170577","properties":{"id":"town-170577","name":"Corçà","category":"town","municipality":"Corçà","county":"Baix Empordà"},"geometry":{"type":"Point","coordinates":[3.017835075,41.98941248]}},{"type":"Feature","id":"town-172155","properties":{"id":"town-172155","name":"Vilablareix","category":"town","municipality":"Vilablareix","county":"Gironès"},"geometry":{"type":"Point","coordinates":[2.79400671,41.95261121]}},{"type":"Feature","id":"town-171208","properties":{"id":"town-171208","name":"Palau-saverdera","category":"town","municipality":"Palau-saverdera","county":"Alt Empordà"},"geometry":{"type":"Point","coordinates":[3.150017098,42.30804154]}},{"type":"Feature","id":"town-171100","properties":{"id":"town-171100","name":"Mont-ras","category":"town","municipality":"Mont-ras","county":"Baix Empordà"},"geometry":{"type":"Point","coordinates":[3.143230296,41.9091538]}},{"type":"Feature","id":"town-431763","properties":{"id":"town-431763","name":"Vimbodí","category":"town","municipality":"Vimbodí i Poblet","county":"Conca de Barberà"},"geometry":{"type":"Point","coordinates":[1.050959245,41.40014194]}},{"type":"Feature","id":"town-250019","properties":{"id":"town-250019","name":"Abella de la Conca","category":"town","municipality":"Abella de la Conca","county":"Pallars Jussà"},"geometry":{"type":"Point","coordinates":[1.09247165,42.16144193]}},{"type":"Feature","id":"town-171903","properties":{"id":"town-171903","name":"Serinyà","category":"town","municipality":"Serinyà","county":"Pla de l'Estany"},"geometry":{"type":"Point","coordinates":[2.744392576,42.16906301]}},{"type":"Feature","id":"town-081653","properties":{"id":"town-081653","name":"la Pobla de Claramunt","category":"town","municipality":"la Pobla de Claramunt","county":"Anoia"},"geometry":{"type":"Point","coordinates":[1.674780783,41.55420472]}},{"type":"Feature","id":"town-171582","properties":{"id":"town-171582","name":"Sant Climent Sescebes","category":"town","municipality":"Sant Climent Sescebes","county":"Alt Empordà"},"geometry":{"type":"Point","coordinates":[2.980503302,42.36878192]}},{"type":"Feature","id":"town-430213","properties":{"id":"town-430213","name":"Barberà de la Conca","category":"town","municipality":"Barberà de la Conca","county":"Conca de Barberà"},"geometry":{"type":"Point","coordinates":[1.228323935,41.41091586]}},{"type":"Feature","id":"town-171117","properties":{"id":"town-171117","name":"Navata","category":"town","municipality":"Navata","county":"Alt Empordà"},"geometry":{"type":"Point","coordinates":[2.860683132,42.22377294]}},{"type":"Feature","id":"town-251109","properties":{"id":"town-251109","name":"Guissona","category":"town","municipality":"Guissona","county":"Segarra"},"geometry":{"type":"Point","coordinates":[1.288706212,41.78519066]}},{"type":"Feature","id":"town-081120","properties":{"id":"town-081120","name":"Manlleu","category":"town","municipality":"Manlleu","county":"Osona"},"geometry":{"type":"Point","coordinates":[2.283958583,42.00103541]}},{"type":"Feature","id":"town-170372","properties":{"id":"town-170372","name":"Campelles","category":"town","municipality":"Campelles","county":"Ripollès"},"geometry":{"type":"Point","coordinates":[2.140128037,42.29422969]}},{"type":"Feature","id":"town-430995","properties":{"id":"town-430995","name":"la Palma d'Ebre","category":"town","municipality":"la Palma d'Ebre","county":"Ribera d'Ebre"},"geometry":{"type":"Point","coordinates":[0.666168357,41.28287156]}},{"type":"Feature","id":"town-081712","properties":{"id":"town-081712","name":"Prats de Lluçanès","category":"town","municipality":"Prats de Lluçanès","county":"Lluçanès"},"geometry":{"type":"Point","coordinates":[2.029558026,42.00897465]}},{"type":"Feature","id":"town-081923","properties":{"id":"town-081923","name":"Santpedor","category":"town","municipality":"Santpedor","county":"Bages"},"geometry":{"type":"Point","coordinates":[1.839202199,41.78306992]}},{"type":"Feature","id":"town-170209","properties":{"id":"town-170209","name":"Bescanó","category":"town","municipality":"Bescanó","county":"Gironès"},"geometry":{"type":"Point","coordinates":[2.742168943,41.96560048]}},{"type":"Feature","id":"town-251977","properties":{"id":"town-251977","name":"Sant Guim de la Plana","category":"town","municipality":"Sant Guim de la Plana","county":"Segarra"},"geometry":{"type":"Point","coordinates":[1.324076516,41.76294143]}},{"type":"Feature","id":"town-251945","properties":{"id":"town-251945","name":"Sant Ramon","category":"town","municipality":"Sant Ramon","county":"Segarra"},"geometry":{"type":"Point","coordinates":[1.357902627,41.72453272]}},{"type":"Feature","id":"town-430424","properties":{"id":"town-430424","name":"Castellvell del Camp","category":"town","municipality":"Castellvell del Camp","county":"Baix Camp"},"geometry":{"type":"Point","coordinates":[1.096268921,41.18117702]}},{"type":"Feature","id":"town-080790","properties":{"id":"town-080790","name":"l'Estany","category":"town","municipality":"l'Estany","county":"Moianès"},"geometry":{"type":"Point","coordinates":[2.112307789,41.86897946]}},{"type":"Feature","id":"town-170741","properties":{"id":"town-170741","name":"Fortià","category":"town","municipality":"Fortià","county":"Alt Empordà"},"geometry":{"type":"Point","coordinates":[3.040704541,42.24200839]}},{"type":"Feature","id":"town-171805","properties":{"id":"town-171805","name":"Santa Coloma de Farners","category":"town","municipality":"Santa Coloma de Farners","county":"Selva"},"geometry":{"type":"Point","coordinates":[2.662652048,41.8640765]}},{"type":"Feature","id":"town-170010","properties":{"id":"town-170010","name":"Agullana","category":"town","municipality":"Agullana","county":"Alt Empordà"},"geometry":{"type":"Point","coordinates":[2.846670142,42.3938047]}},{"type":"Feature","id":"town-172095","properties":{"id":"town-172095","name":"Vall-llobrega","category":"town","municipality":"Vall-llobrega","county":"Baix Empordà"},"geometry":{"type":"Point","coordinates":[3.126227263,41.88046712]}},{"type":"Feature","id":"town-430862","properties":{"id":"town-430862","name":"Montblanc","category":"town","municipality":"Montblanc","county":"Conca de Barberà"},"geometry":{"type":"Point","coordinates":[1.161499167,41.37656212]}},{"type":"Feature","id":"town-430287","properties":{"id":"town-430287","name":"la Bisbal del Penedès","category":"town","municipality":"la Bisbal del Penedès","county":"Baix Penedès"},"geometry":{"type":"Point","coordinates":[1.487856184,41.28089741]}},{"type":"Feature","id":"town-430483","properties":{"id":"town-430483","name":"Corbera d'Ebre","category":"town","municipality":"Corbera d'Ebre","county":"Terra Alta"},"geometry":{"type":"Point","coordinates":[0.477947926,41.07766046]}},{"type":"Feature","id":"town-170890","properties":{"id":"town-170890","name":"Llagostera","category":"town","municipality":"Llagostera","county":"Gironès"},"geometry":{"type":"Point","coordinates":[2.892017103,41.82891254]}},{"type":"Feature","id":"town-252398","properties":{"id":"town-252398","name":"Anserall","category":"town","municipality":"les Valls de Valira","county":"Alt Urgell"},"geometry":{"type":"Point","coordinates":[1.456522869,42.37901739]}},{"type":"Feature","id":"town-081234","properties":{"id":"town-081234","name":"Molins de Rei","category":"town","municipality":"Molins de Rei","county":"Baix Llobregat"},"geometry":{"type":"Point","coordinates":[2.015893753,41.41390212]}},{"type":"Feature","id":"town-081960","properties":{"id":"town-081960","name":"Sant Andreu de la Barca","category":"town","municipality":"Sant Andreu de la Barca","county":"Baix Llobregat"},"geometry":{"type":"Point","coordinates":[1.975556653,41.44681571]}},{"type":"Feature","id":"town-081542","properties":{"id":"town-081542","name":"Pacs del Penedès","category":"town","municipality":"Pacs del Penedès","county":"Alt Penedès"},"geometry":{"type":"Point","coordinates":[1.669486163,41.36200398]}},{"type":"Feature","id":"town-259059","properties":{"id":"town-259059","name":"Sant Antolí i Vilanova","category":"town","municipality":"Ribera d'Ondara","county":"Segarra"},"geometry":{"type":"Point","coordinates":[1.340967564,41.62558472]}},{"type":"Feature","id":"town-080771","properties":{"id":"town-080771","name":"Esplugues de Llobregat","category":"town","municipality":"Esplugues de Llobregat","county":"Baix Llobregat"},"geometry":{"type":"Point","coordinates":[2.088004774,41.37752166]}},{"type":"Feature","id":"town-082129","properties":{"id":"town-082129","name":"Sant Feliu Sasserra","category":"town","municipality":"Sant Feliu Sasserra","county":"Bages"},"geometry":{"type":"Point","coordinates":[2.022428853,41.94437798]}},{"type":"Feature","id":"town-080556","properties":{"id":"town-080556","name":"Castellcir","category":"town","municipality":"Castellcir","county":"Moianès"},"geometry":{"type":"Point","coordinates":[2.14971647,41.76043865]}},{"type":"Feature","id":"town-251826","properties":{"id":"town-251826","name":"Puigverd de Lleida","category":"town","municipality":"Puigverd de Lleida","county":"Segrià"},"geometry":{"type":"Point","coordinates":[0.733030421,41.54330308]}},{"type":"Feature","id":"town-250432","properties":{"id":"town-250432","name":"Barruera","category":"town","municipality":"la Vall de Boí","county":"Alta Ribagorça"},"geometry":{"type":"Point","coordinates":[0.801124657,42.50537845]}},{"type":"Feature","id":"town-250045","properties":{"id":"town-250045","name":"els Alamús","category":"town","municipality":"els Alamús","county":"Segrià"},"geometry":{"type":"Point","coordinates":[0.739536227,41.61588861]}},{"type":"Feature","id":"town-251207","properties":{"id":"town-251207","name":"Lleida","category":"town","municipality":"Lleida","county":"Segrià"},"geometry":{"type":"Point","coordinates":[0.626648769,41.61481376]}},{"type":"Feature","id":"town-251266","properties":{"id":"town-251266","name":"Llavorsí","category":"town","municipality":"Llavorsí","county":"Pallars Sobirà"},"geometry":{"type":"Point","coordinates":[1.211167277,42.49568176]}},{"type":"Feature","id":"town-430154","properties":{"id":"town-430154","name":"Arbolí","category":"town","municipality":"Arbolí","county":"Baix Camp"},"geometry":{"type":"Point","coordinates":[0.948724552,41.24234715]}},{"type":"Feature","id":"town-171292","properties":{"id":"town-171292","name":"Marzà","category":"town","municipality":"Pedret i Marzà","county":"Alt Empordà"},"geometry":{"type":"Point","coordinates":[3.067521597,42.31080123]}},{"type":"Feature","id":"town-171334","properties":{"id":"town-171334","name":"les Planes d'Hostoles","category":"town","municipality":"les Planes d'Hostoles","county":"Garrotxa"},"geometry":{"type":"Point","coordinates":[2.537176248,42.05553479]}},{"type":"Feature","id":"town-170280","properties":{"id":"town-170280","name":"Brunyola","category":"town","municipality":"Brunyola i Sant Martí Sapresa","county":"Selva"},"geometry":{"type":"Point","coordinates":[2.684296786,41.90455116]}},{"type":"Feature","id":"town-251538","properties":{"id":"town-251538","name":"els Omellons","category":"town","municipality":"els Omellons","county":"Garrigues"},"geometry":{"type":"Point","coordinates":[0.959479049,41.50147978]}},{"type":"Feature","id":"town-252120","properties":{"id":"town-252120","name":"Sunyer","category":"town","municipality":"Sunyer","county":"Segrià"},"geometry":{"type":"Point","coordinates":[0.593018412,41.52325812]}},{"type":"Feature","id":"town-171740","properties":{"id":"town-171740","name":"Sant Miquel de Campmajor","category":"town","municipality":"Sant Miquel de Campmajor","county":"Pla de l'Estany"},"geometry":{"type":"Point","coordinates":[2.684459438,42.126012]}},{"type":"Feature","id":"town-430944","properties":{"id":"town-430944","name":"Móra la Nova","category":"town","municipality":"Móra la Nova","county":"Ribera d'Ebre"},"geometry":{"type":"Point","coordinates":[0.650853043,41.09994375]}},{"type":"Feature","id":"town-171693","properties":{"id":"town-171693","name":"Sant Julià de Ramis","category":"town","municipality":"Sant Julià de Ramis","county":"Gironès"},"geometry":{"type":"Point","coordinates":[2.839585635,42.03454086]}},{"type":"Feature","id":"town-082482","properties":{"id":"town-082482","name":"Santa Eulàlia de Ronçana","category":"town","municipality":"Santa Eulàlia de Ronçana","county":"Vallès Oriental"},"geometry":{"type":"Point","coordinates":[2.22953985,41.65248899]}},{"type":"Feature","id":"town-252477","properties":{"id":"town-252477","name":"Vilamòs","category":"town","municipality":"Vilamòs","county":"Val d'Aran"},"geometry":{"type":"Point","coordinates":[0.726886536,42.74744196]}},{"type":"Feature","id":"town-083089","properties":{"id":"town-083089","name":"Serrateix","category":"town","municipality":"Viver i Serrateix","county":"Berguedà"},"geometry":{"type":"Point","coordinates":[1.776308276,41.94606994]}},{"type":"Feature","id":"town-080961","properties":{"id":"town-080961","name":"Granollers","category":"town","municipality":"Granollers","county":"Vallès Oriental"},"geometry":{"type":"Point","coordinates":[2.287549966,41.60795645]}},{"type":"Feature","id":"town-171328","properties":{"id":"town-171328","name":"Peralada","category":"town","municipality":"Peralada","county":"Alt Empordà"},"geometry":{"type":"Point","coordinates":[3.008139245,42.30824132]}},{"type":"Feature","id":"town-170329","properties":{"id":"town-170329","name":"Cadaqués","category":"town","municipality":"Cadaqués","county":"Alt Empordà"},"geometry":{"type":"Point","coordinates":[3.275869869,42.28808721]}},{"type":"Feature","id":"town-431711","properties":{"id":"town-431711","name":"Vila-seca","category":"town","municipality":"Vila-seca","county":"Tarragonès"},"geometry":{"type":"Point","coordinates":[1.145039098,41.11097195]}},{"type":"Feature","id":"town-082074","properties":{"id":"town-082074","name":"Sant Esteve de Palautordera","category":"town","municipality":"Sant Esteve de Palautordera","county":"Vallès Oriental"},"geometry":{"type":"Point","coordinates":[2.436820784,41.70255129]}},{"type":"Feature","id":"town-431515","properties":{"id":"town-431515","name":"la Torre de Fontaubella","category":"town","municipality":"la Torre de Fontaubella","county":"Priorat"},"geometry":{"type":"Point","coordinates":[0.864296174,41.12436529]}},{"type":"Feature","id":"town-250637","properties":{"id":"town-250637","name":"Canejan","category":"town","municipality":"Canejan","county":"Val d'Aran"},"geometry":{"type":"Point","coordinates":[0.739804236,42.83817812]}},{"type":"Feature","id":"town-251333","properties":{"id":"town-251333","name":"Maials","category":"town","municipality":"Maials","county":"Segrià"},"geometry":{"type":"Point","coordinates":[0.504374083,41.36481356]}},{"type":"Feature","id":"town-083008","properties":{"id":"town-083008","name":"Viladecavalls","category":"town","municipality":"Viladecavalls","county":"Vallès Occidental"},"geometry":{"type":"Point","coordinates":[1.953783969,41.55485863]}},{"type":"Feature","id":"town-170427","properties":{"id":"town-170427","name":"Capmany","category":"town","municipality":"Capmany","county":"Alt Empordà"},"geometry":{"type":"Point","coordinates":[2.921023161,42.37249324]}},{"type":"Feature","id":"town-170062","properties":{"id":"town-170062","name":"Alp","category":"town","municipality":"Alp","county":"Cerdanya"},"geometry":{"type":"Point","coordinates":[1.885389092,42.37256345]}},{"type":"Feature","id":"town-082690","properties":{"id":"town-082690","name":"Seva","category":"town","municipality":"Seva","county":"Osona"},"geometry":{"type":"Point","coordinates":[2.279824361,41.83885377]}},{"type":"Feature","id":"town-259025","properties":{"id":"town-259025","name":"Sant Martí de Maldà","category":"town","municipality":"Sant Martí de Riucorb","county":"Urgell"},"geometry":{"type":"Point","coordinates":[1.054532188,41.55914404]}},{"type":"Feature","id":"town-252326","properties":{"id":"town-252326","name":"Torres de Segre","category":"town","municipality":"Torres de Segre","county":"Segrià"},"geometry":{"type":"Point","coordinates":[0.51357715,41.53526451]}},{"type":"Feature","id":"town-430786","properties":{"id":"town-430786","name":"Masdenverge","category":"town","municipality":"Masdenverge","county":"Montsià"},"geometry":{"type":"Point","coordinates":[0.531035324,40.71580481]}},{"type":"Feature","id":"town-430056","properties":{"id":"town-430056","name":"Alcover","category":"town","municipality":"Alcover","county":"Alt Camp"},"geometry":{"type":"Point","coordinates":[1.168858284,41.2629114]}},{"type":"Feature","id":"town-430580","properties":{"id":"town-430580","name":"la Figuera","category":"town","municipality":"la Figuera","county":"Priorat"},"geometry":{"type":"Point","coordinates":[0.731469274,41.2161734]}},{"type":"Feature","id":"town-170708","properties":{"id":"town-170708","name":"Fontanilles","category":"town","municipality":"Fontanilles","county":"Baix Empordà"},"geometry":{"type":"Point","coordinates":[3.107097027,42.00994757]}},{"type":"Feature","id":"town-170754","properties":{"id":"town-170754","name":"Garrigàs","category":"town","municipality":"Garrigàs","county":"Alt Empordà"},"geometry":{"type":"Point","coordinates":[2.954078557,42.19342359]}},{"type":"Feature","id":"town-171352","properties":{"id":"town-171352","name":"Pont de Molins","category":"town","municipality":"Pont de Molins","county":"Alt Empordà"},"geometry":{"type":"Point","coordinates":[2.925690703,42.3145912]}},{"type":"Feature","id":"town-251351","properties":{"id":"town-251351","name":"Miralcamp","category":"town","municipality":"Miralcamp","county":"Pla d'Urgell"},"geometry":{"type":"Point","coordinates":[0.878953557,41.60528225]}},{"type":"Feature","id":"town-250194","properties":{"id":"town-250194","name":"Almacelles","category":"town","municipality":"Almacelles","county":"Segrià"},"geometry":{"type":"Point","coordinates":[0.437094544,41.73174426]}},{"type":"Feature","id":"town-439044","properties":{"id":"town-439044","name":"l'Aldea","category":"town","municipality":"l'Aldea","county":"Baix Ebre"},"geometry":{"type":"Point","coordinates":[0.622370716,40.74726814]}},{"type":"Feature","id":"town-171557","properties":{"id":"town-171557","name":"Salt","category":"town","municipality":"Salt","county":"Gironès"},"geometry":{"type":"Point","coordinates":[2.793078442,41.97448262]}},{"type":"Feature","id":"town-250791","properties":{"id":"town-250791","name":"Cubells","category":"town","municipality":"Cubells","county":"Noguera"},"geometry":{"type":"Point","coordinates":[0.958899414,41.85159098]}},{"type":"Feature","id":"town-081081","properties":{"id":"town-081081","name":"Lliçà de Vall","category":"town","municipality":"Lliçà de Vall","county":"Vallès Oriental"},"geometry":{"type":"Point","coordinates":[2.239555897,41.58599828]}},{"type":"Feature","id":"town-170084","properties":{"id":"town-170084","name":"Anglès","category":"town","municipality":"Anglès","county":"Selva"},"geometry":{"type":"Point","coordinates":[2.640058649,41.95744641]}},{"type":"Feature","id":"town-081897","properties":{"id":"town-081897","name":"Sant Pere Sallavinera","category":"town","municipality":"Sant Pere Sallavinera","county":"Anoia"},"geometry":{"type":"Point","coordinates":[1.575371533,41.73669103]}},{"type":"Feature","id":"town-250077","properties":{"id":"town-250077","name":"Albatàrrec","category":"town","municipality":"Albatàrrec","county":"Segrià"},"geometry":{"type":"Point","coordinates":[0.604158956,41.57307599]}},{"type":"Feature","id":"town-171365","properties":{"id":"town-171365","name":"Pontós","category":"town","municipality":"Pontós","county":"Alt Empordà"},"geometry":{"type":"Point","coordinates":[2.916566672,42.18665597]}},{"type":"Feature","id":"town-080446","properties":{"id":"town-080446","name":"Capellades","category":"town","municipality":"Capellades","county":"Anoia"},"geometry":{"type":"Point","coordinates":[1.686051806,41.53116161]}},{"type":"Feature","id":"town-082310","properties":{"id":"town-082310","name":"Sant Pere de Ribes","category":"town","municipality":"Sant Pere de Ribes","county":"Garraf"},"geometry":{"type":"Point","coordinates":[1.772090811,41.26226838]}},{"type":"Feature","id":"town-082704","properties":{"id":"town-082704","name":"Sitges","category":"town","municipality":"Sitges","county":"Garraf"},"geometry":{"type":"Point","coordinates":[1.811618107,41.23490746]}},{"type":"Feature","id":"town-251214","properties":{"id":"town-251214","name":"Les","category":"town","municipality":"Les","county":"Val d'Aran"},"geometry":{"type":"Point","coordinates":[0.710457379,42.81008917]}},{"type":"Feature","id":"town-081509","properties":{"id":"town-081509","name":"Can Branques","category":"town","municipality":"Orís","county":"Osona"},"geometry":{"type":"Point","coordinates":[2.239267902,42.05810337]}},{"type":"Feature","id":"town-250539","properties":{"id":"town-250539","name":"Benavent de Segrià","category":"town","municipality":"Benavent de Segrià","county":"Segrià"},"geometry":{"type":"Point","coordinates":[0.633031977,41.6959255]}},{"type":"Feature","id":"town-082303","properties":{"id":"town-082303","name":"Premià de Dalt","category":"town","municipality":"Premià de Dalt","county":"Maresme"},"geometry":{"type":"Point","coordinates":[2.34197767,41.50727392]}},{"type":"Feature","id":"town-251863","properties":{"id":"town-251863","name":"el Miracle","category":"town","municipality":"Riner","county":"Solsonès"},"geometry":{"type":"Point","coordinates":[1.524970684,41.91449934]}},{"type":"Feature","id":"town-082883","properties":{"id":"town-082883","name":"Torrelles de Foix","category":"town","municipality":"Torrelles de Foix","county":"Alt Penedès"},"geometry":{"type":"Point","coordinates":[1.568745858,41.388311]}},{"type":"Feature","id":"town-252496","properties":{"id":"town-252496","name":"Vilanova de l'Aguda","category":"town","municipality":"Vilanova de l'Aguda","county":"Noguera"},"geometry":{"type":"Point","coordinates":[1.252605077,41.91193886]}},{"type":"Feature","id":"town-171714","properties":{"id":"town-171714","name":"Sant Llorenç de la Muga","category":"town","municipality":"Sant Llorenç de la Muga","county":"Alt Empordà"},"geometry":{"type":"Point","coordinates":[2.789555289,42.31998555]}},{"type":"Feature","id":"town-082515","properties":{"id":"town-082515","name":"els Monjos","category":"town","municipality":"Santa Margarida i els Monjos","county":"Alt Penedès"},"geometry":{"type":"Point","coordinates":[1.663443522,41.32239144]}},{"type":"Feature","id":"town-252154","properties":{"id":"town-252154","name":"Talarn","category":"town","municipality":"Talarn","county":"Pallars Jussà"},"geometry":{"type":"Point","coordinates":[0.900185083,42.18554865]}},{"type":"Feature","id":"town-170293","properties":{"id":"town-170293","name":"Boadella d'Empordà","category":"town","municipality":"Boadella i les Escaules","county":"Alt Empordà"},"geometry":{"type":"Point","coordinates":[2.856271057,42.32991431]}},{"type":"Feature","id":"town-430691","properties":{"id":"town-430691","name":"Gratallops","category":"town","municipality":"Gratallops","county":"Priorat"},"geometry":{"type":"Point","coordinates":[0.776797598,41.19333264]}},{"type":"Feature","id":"town-431726","properties":{"id":"town-431726","name":"Vilaverd","category":"town","municipality":"Vilaverd","county":"Conca de Barberà"},"geometry":{"type":"Point","coordinates":[1.177348059,41.33424825]}},{"type":"Feature","id":"town-081629","properties":{"id":"town-081629","name":"els Hostalets de Pierola","category":"town","municipality":"els Hostalets de Pierola","county":"Anoia"},"geometry":{"type":"Point","coordinates":[1.769372473,41.53475862]}},{"type":"Feature","id":"town-250642","properties":{"id":"town-250642","name":"Castellar de la Ribera","category":"town","municipality":"Castellar de la Ribera","county":"Solsonès"},"geometry":{"type":"Point","coordinates":[1.415999097,42.02269309]}},{"type":"Feature","id":"town-431055","properties":{"id":"town-431055","name":"les Piles de Gaià","category":"town","municipality":"les Piles de Gaià","county":"Conca de Barberà"},"geometry":{"type":"Point","coordinates":[1.34195029,41.50386527]}},{"type":"Feature","id":"town-081332","properties":{"id":"town-081332","name":"Montmaneu","category":"town","municipality":"Montmaneu","county":"Anoia"},"geometry":{"type":"Point","coordinates":[1.414611522,41.6256647]}},{"type":"Feature","id":"town-170335","properties":{"id":"town-170335","name":"Caldes de Malavella","category":"town","municipality":"Caldes de Malavella","county":"Selva"},"geometry":{"type":"Point","coordinates":[2.809537259,41.8389004]}},{"type":"Feature","id":"town-252213","properties":{"id":"town-252213","name":"Tírvia","category":"town","municipality":"Tírvia","county":"Pallars Sobirà"},"geometry":{"type":"Point","coordinates":[1.242971327,42.51509054]}},{"type":"Feature","id":"town-083054","properties":{"id":"town-083054","name":"Vilafranca del Penedès","category":"town","municipality":"Vilafranca del Penedès","county":"Alt Penedès"},"geometry":{"type":"Point","coordinates":[1.698173458,41.34640752]}},{"type":"Feature","id":"town-431114","properties":{"id":"town-431114","name":"la Pobla de Montornès","category":"town","municipality":"la Pobla de Montornès","county":"Tarragonès"},"geometry":{"type":"Point","coordinates":[1.414836966,41.17676428]}},{"type":"Feature","id":"town-431346","properties":{"id":"town-431346","name":"el Rourell","category":"town","municipality":"el Rourell","county":"Alt Camp"},"geometry":{"type":"Point","coordinates":[1.218295132,41.22401222]}},{"type":"Feature","id":"town-172057","properties":{"id":"town-172057","name":"Ullastret","category":"town","municipality":"Ullastret","county":"Baix Empordà"},"geometry":{"type":"Point","coordinates":[3.068546281,42.00043733]}},{"type":"Feature","id":"town-080484","properties":{"id":"town-080484","name":"Carme","category":"town","municipality":"Carme","county":"Anoia"},"geometry":{"type":"Point","coordinates":[1.620114914,41.53217802]}},{"type":"Feature","id":"town-430043","properties":{"id":"town-430043","name":"Alcanar","category":"town","municipality":"Alcanar","county":"Montsià"},"geometry":{"type":"Point","coordinates":[0.480770667,40.5432439]}},{"type":"Feature","id":"town-081189","properties":{"id":"town-081189","name":"el Masnou","category":"town","municipality":"el Masnou","county":"Maresme"},"geometry":{"type":"Point","coordinates":[2.316344462,41.47922686]}},{"type":"Feature","id":"town-431592","properties":{"id":"town-431592","name":"Vallfogona de Riucorb","category":"town","municipality":"Vallfogona de Riucorb","county":"Conca de Barberà"},"geometry":{"type":"Point","coordinates":[1.23596702,41.56291705]}},{"type":"Feature","id":"town-430120","properties":{"id":"town-430120","name":"Altafulla","category":"town","municipality":"Altafulla","county":"Tarragonès"},"geometry":{"type":"Point","coordinates":[1.376050084,41.14275013]}},{"type":"Feature","id":"town-250447","properties":{"id":"town-250447","name":"Bassella","category":"town","municipality":"Bassella","county":"Alt Urgell"},"geometry":{"type":"Point","coordinates":[1.295229079,42.00604184]}},{"type":"Feature","id":"town-431212","properties":{"id":"town-431212","name":"Rasquera","category":"town","municipality":"Rasquera","county":"Ribera d'Ebre"},"geometry":{"type":"Point","coordinates":[0.597487437,41.00147843]}},{"type":"Feature","id":"town-430574","properties":{"id":"town-430574","name":"la Febró","category":"town","municipality":"la Febró","county":"Baix Camp"},"geometry":{"type":"Point","coordinates":[1.00397576,41.2772877]}},{"type":"Feature","id":"town-171886","properties":{"id":"town-171886","name":"la Selva de Mar","category":"town","municipality":"la Selva de Mar","county":"Alt Empordà"},"geometry":{"type":"Point","coordinates":[3.186472926,42.32448788]}},{"type":"Feature","id":"town-082975","properties":{"id":"town-082975","name":"Veciana","category":"town","municipality":"Veciana","county":"Anoia"},"geometry":{"type":"Point","coordinates":[1.488401284,41.6561298]}},{"type":"Feature","id":"town-171002","properties":{"id":"town-171002","name":"Masarac","category":"town","municipality":"Masarac","county":"Alt Empordà"},"geometry":{"type":"Point","coordinates":[2.972775685,42.35072187]}},{"type":"Feature","id":"town-080919","properties":{"id":"town-080919","name":"Gelida","category":"town","municipality":"Gelida","county":"Alt Penedès"},"geometry":{"type":"Point","coordinates":[1.863724449,41.44076893]}},{"type":"Feature","id":"town-080305","properties":{"id":"town-080305","name":"Cabrils","category":"town","municipality":"Cabrils","county":"Maresme"},"geometry":{"type":"Point","coordinates":[2.368450483,41.52560018]}},{"type":"Feature","id":"town-250729","properties":{"id":"town-250729","name":"Cervera","category":"town","municipality":"Cervera","county":"Segarra"},"geometry":{"type":"Point","coordinates":[1.271020203,41.66574175]}},{"type":"Feature","id":"town-170669","properties":{"id":"town-170669","name":"Figueres","category":"town","municipality":"Figueres","county":"Alt Empordà"},"geometry":{"type":"Point","coordinates":[2.960796851,42.26725302]}},{"type":"Feature","id":"town-171096","properties":{"id":"town-171096","name":"Montagut","category":"town","municipality":"Montagut i Oix","county":"Garrotxa"},"geometry":{"type":"Point","coordinates":[2.596320619,42.23133756]}},{"type":"Feature","id":"town-170097","properties":{"id":"town-170097","name":"Arbúcies","category":"town","municipality":"Arbúcies","county":"Selva"},"geometry":{"type":"Point","coordinates":[2.514167946,41.81608058]}},{"type":"Feature","id":"town-430640","properties":{"id":"town-430640","name":"Gandesa","category":"town","municipality":"Gandesa","county":"Terra Alta"},"geometry":{"type":"Point","coordinates":[0.439214346,41.052136]}},{"type":"Feature","id":"town-080155","properties":{"id":"town-080155","name":"Badalona","category":"town","municipality":"Badalona","county":"Barcelonès"},"geometry":{"type":"Point","coordinates":[2.24587666,41.45226335]}},{"type":"Feature","id":"town-439018","properties":{"id":"town-439018","name":"Deltebre","category":"town","municipality":"Deltebre","county":"Baix Ebre"},"geometry":{"type":"Point","coordinates":[0.735259155,40.71822152]}},{"type":"Feature","id":"town-430081","properties":{"id":"town-430081","name":"Alfara de Carles","category":"town","municipality":"Alfara de Carles","county":"Baix Ebre"},"geometry":{"type":"Point","coordinates":[0.40056526,40.87334486]}},{"type":"Feature","id":"town-080641","properties":{"id":"town-080641","name":"Castellterçol","category":"town","municipality":"Castellterçol","county":"Moianès"},"geometry":{"type":"Point","coordinates":[2.120534702,41.75148277]}},{"type":"Feature","id":"town-081290","properties":{"id":"town-081290","name":"Muntanyola","category":"town","municipality":"Muntanyola","county":"Osona"},"geometry":{"type":"Point","coordinates":[2.177829111,41.87828835]}},{"type":"Feature","id":"town-431671","properties":{"id":"town-431671","name":"Vilanova d'Escornalbou","category":"town","municipality":"Vilanova d'Escornalbou","county":"Baix Camp"},"geometry":{"type":"Point","coordinates":[0.936626812,41.1128721]}},{"type":"Feature","id":"town-251497","properties":{"id":"town-251497","name":"Oliana","category":"town","municipality":"Oliana","county":"Alt Urgell"},"geometry":{"type":"Point","coordinates":[1.314700495,42.06490075]}},{"type":"Feature","id":"town-170340","properties":{"id":"town-170340","name":"Calonge","category":"town","municipality":"Calonge i Sant Antoni","county":"Baix Empordà"},"geometry":{"type":"Point","coordinates":[3.073651618,41.86266489]}},{"type":"Feature","id":"town-082592","properties":{"id":"town-082592","name":"Santa Maria de Palautordera","category":"town","municipality":"Santa Maria de Palautordera","county":"Vallès Oriental"},"geometry":{"type":"Point","coordinates":[2.445887832,41.69323754]}},{"type":"Feature","id":"town-431476","properties":{"id":"town-431476","name":"Solivella","category":"town","municipality":"Solivella","county":"Conca de Barberà"},"geometry":{"type":"Point","coordinates":[1.177610507,41.45600422]}},{"type":"Feature","id":"town-080425","properties":{"id":"town-080425","name":"Cànoves","category":"town","municipality":"Cànoves i Samalús","county":"Vallès Oriental"},"geometry":{"type":"Point","coordinates":[2.354483393,41.69377287]}},{"type":"Feature","id":"town-171411","properties":{"id":"town-171411","name":"Puigcerdà","category":"town","municipality":"Puigcerdà","county":"Cerdanya"},"geometry":{"type":"Point","coordinates":[1.927164705,42.43123876]}},{"type":"Feature","id":"town-081249","properties":{"id":"town-081249","name":"Mollet del Vallès","category":"town","municipality":"Mollet del Vallès","county":"Vallès Oriental"},"geometry":{"type":"Point","coordinates":[2.211045913,41.53632894]}},{"type":"Feature","id":"town-170767","properties":{"id":"town-170767","name":"Garrigoles","category":"town","municipality":"Garrigoles","county":"Baix Empordà"},"geometry":{"type":"Point","coordinates":[3.020771738,42.10407368]}},{"type":"Feature","id":"town-251235","properties":{"id":"town-251235","name":"Lladorre","category":"town","municipality":"Lladorre","county":"Pallars Sobirà"},"geometry":{"type":"Point","coordinates":[1.249503442,42.62110253]}},{"type":"Feature","id":"town-171485","properties":{"id":"town-171485","name":"Riudarenes","category":"town","municipality":"Riudarenes","county":"Selva"},"geometry":{"type":"Point","coordinates":[2.717045116,41.82258709]}},{"type":"Feature","id":"town-250680","properties":{"id":"town-250680","name":"Castellnou de Seana","category":"town","municipality":"Castellnou de Seana","county":"Pla d'Urgell"},"geometry":{"type":"Point","coordinates":[0.970907309,41.64831778]}},{"type":"Feature","id":"town-081901","properties":{"id":"town-081901","name":"Saldes","category":"town","municipality":"Saldes","county":"Berguedà"},"geometry":{"type":"Point","coordinates":[1.735385192,42.22865905]}},{"type":"Feature","id":"town-430509","properties":{"id":"town-430509","name":"Creixell","category":"town","municipality":"Creixell","county":"Tarragonès"},"geometry":{"type":"Point","coordinates":[1.44069294,41.16774336]}},{"type":"Feature","id":"town-430982","properties":{"id":"town-430982","name":"Nulles","category":"town","municipality":"Nulles","county":"Alt Camp"},"geometry":{"type":"Point","coordinates":[1.295200025,41.24931205]}},{"type":"Feature","id":"town-259078","properties":{"id":"town-259078","name":"Torrefeta","category":"town","municipality":"Torrefeta i Florejacs","county":"Segarra"},"geometry":{"type":"Point","coordinates":[1.27370028,41.75401051]}},{"type":"Feature","id":"town-250501","properties":{"id":"town-250501","name":"Bellpuig","category":"town","municipality":"Bellpuig","county":"Urgell"},"geometry":{"type":"Point","coordinates":[1.011153698,41.62597958]}},{"type":"Feature","id":"town-430458","properties":{"id":"town-430458","name":"Colldejou","category":"town","municipality":"Colldejou","county":"Baix Camp"},"geometry":{"type":"Point","coordinates":[0.887520569,41.09950399]}},{"type":"Feature","id":"town-170221","properties":{"id":"town-170221","name":"la Bisbal d'Empordà","category":"town","municipality":"la Bisbal d'Empordà","county":"Baix Empordà"},"geometry":{"type":"Point","coordinates":[3.038550275,41.95969678]}},{"type":"Feature","id":"town-171181","properties":{"id":"town-171181","name":"Palamós","category":"town","municipality":"Palamós","county":"Baix Empordà"},"geometry":{"type":"Point","coordinates":[3.12937825,41.84678772]}},{"type":"Feature","id":"town-083041","properties":{"id":"town-083041","name":"Vilobí del Penedès","category":"town","municipality":"Vilobí del Penedès","county":"Alt Penedès"},"geometry":{"type":"Point","coordinates":[1.661513802,41.3891697]}},{"type":"Feature","id":"town-430705","properties":{"id":"town-430705","name":"els Guiamets","category":"town","municipality":"els Guiamets","county":"Priorat"},"geometry":{"type":"Point","coordinates":[0.752004305,41.10198728]}},{"type":"Feature","id":"town-171404","properties":{"id":"town-171404","name":"el Port de la Selva","category":"town","municipality":"el Port de la Selva","county":"Alt Empordà"},"geometry":{"type":"Point","coordinates":[3.204721567,42.33843075]}},{"type":"Feature","id":"town-431482","properties":{"id":"town-431482","name":"Tarragona","category":"town","municipality":"Tarragona","county":"Tarragonès"},"geometry":{"type":"Point","coordinates":[1.255330426,41.1169279]}},{"type":"Feature","id":"town-080180","properties":{"id":"town-080180","name":"Balsareny","category":"town","municipality":"Balsareny","county":"Bages"},"geometry":{"type":"Point","coordinates":[1.876765648,41.86311546]}},{"type":"Feature","id":"town-251116","properties":{"id":"town-251116","name":"Valls","category":"town","municipality":"Guixers","county":"Solsonès"},"geometry":{"type":"Point","coordinates":[1.666657653,42.13257009]}},{"type":"Feature","id":"town-082830","properties":{"id":"town-082830","name":"Tona","category":"town","municipality":"Tona","county":"Osona"},"geometry":{"type":"Point","coordinates":[2.228561133,41.85031212]}},{"type":"Feature","id":"town-431750","properties":{"id":"town-431750","name":"Vilalba dels Arcs","category":"town","municipality":"Vilalba dels Arcs","county":"Terra Alta"},"geometry":{"type":"Point","coordinates":[0.410180932,41.12101437]}},{"type":"Feature","id":"town-081419","properties":{"id":"town-081419","name":"Navàs","category":"town","municipality":"Navàs","county":"Bages"},"geometry":{"type":"Point","coordinates":[1.878918213,41.89994691]}},{"type":"Feature","id":"town-431205","properties":{"id":"town-431205","name":"Querol","category":"town","municipality":"Querol","county":"Alt Camp"},"geometry":{"type":"Point","coordinates":[1.397024653,41.42293329]}},{"type":"Feature","id":"town-252000","properties":{"id":"town-252000","name":"Sarroca de Lleida","category":"town","municipality":"Sarroca de Lleida","county":"Segrià"},"geometry":{"type":"Point","coordinates":[0.562054227,41.45843438]}},{"type":"Feature","id":"town-080272","properties":{"id":"town-080272","name":"les Cabanyes","category":"town","municipality":"les Cabanyes","county":"Alt Penedès"},"geometry":{"type":"Point","coordinates":[1.689133527,41.37148025]}},{"type":"Feature","id":"town-170950","properties":{"id":"town-170950","name":"Lloret de Mar","category":"town","municipality":"Lloret de Mar","county":"Selva"},"geometry":{"type":"Point","coordinates":[2.847167472,41.69946593]}},{"type":"Feature","id":"town-082166","properties":{"id":"town-082166","name":"Sant Jaume de Frontanyà","category":"town","municipality":"Sant Jaume de Frontanyà","county":"Berguedà"},"geometry":{"type":"Point","coordinates":[2.023790016,42.18728679]}},{"type":"Feature","id":"town-430555","properties":{"id":"town-430555","name":"Falset","category":"town","municipality":"Falset","county":"Priorat"},"geometry":{"type":"Point","coordinates":[0.820118387,41.14598035]}},{"type":"Feature","id":"town-080082","properties":{"id":"town-080082","name":"Argençola","category":"town","municipality":"Argençola","county":"Anoia"},"geometry":{"type":"Point","coordinates":[1.443554697,41.59783259]}},{"type":"Feature","id":"town-431325","properties":{"id":"town-431325","name":"Rodonyà","category":"town","municipality":"Rodonyà","county":"Alt Camp"},"geometry":{"type":"Point","coordinates":[1.399061774,41.2798289]}},{"type":"Feature","id":"town-259062","properties":{"id":"town-259062","name":"Noves de Segre","category":"town","municipality":"les Valls d'Aguilar","county":"Alt Urgell"},"geometry":{"type":"Point","coordinates":[1.341775398,42.29421091]}},{"type":"Feature","id":"town-171680","properties":{"id":"town-171680","name":"Sant Joan de Mollet","category":"town","municipality":"Sant Joan de Mollet","county":"Gironès"},"geometry":{"type":"Point","coordinates":[2.942718878,42.04566963]}},{"type":"Feature","id":"town-082628","properties":{"id":"town-082628","name":"Sant Vicenç de Castellet","category":"town","municipality":"Sant Vicenç de Castellet","county":"Bages"},"geometry":{"type":"Point","coordinates":[1.863882735,41.66551791]}},{"type":"Feature","id":"town-250714","properties":{"id":"town-250714","name":"Ansovell","category":"town","municipality":"Cava","county":"Alt Urgell"},"geometry":{"type":"Point","coordinates":[1.584345925,42.32536247]}},{"type":"Feature","id":"town-250925","properties":{"id":"town-250925","name":"la Floresta","category":"town","municipality":"la Floresta","county":"Garrigues"},"geometry":{"type":"Point","coordinates":[0.91958904,41.51038466]}},{"type":"Feature","id":"town-082938","properties":{"id":"town-082938","name":"Vallcebre","category":"town","municipality":"Vallcebre","county":"Berguedà"},"geometry":{"type":"Point","coordinates":[1.818215102,42.20393901]}},{"type":"Feature","id":"town-251399","properties":{"id":"town-251399","name":"Martinet","category":"town","municipality":"Montellà i Martinet","county":"Cerdanya"},"geometry":{"type":"Point","coordinates":[1.695029157,42.35997002]}},{"type":"Feature","id":"town-170268","properties":{"id":"town-170268","name":"Borrassà","category":"town","municipality":"Borrassà","county":"Alt Empordà"},"geometry":{"type":"Point","coordinates":[2.926309348,42.22279456]}},{"type":"Feature","id":"town-252022","properties":{"id":"town-252022","name":"Senterada","category":"town","municipality":"Senterada","county":"Pallars Jussà"},"geometry":{"type":"Point","coordinates":[0.937451098,42.32493947]}},{"type":"Feature","id":"town-430748","properties":{"id":"town-430748","name":"Llorenç del Penedès","category":"town","municipality":"Llorenç del Penedès","county":"Baix Penedès"},"geometry":{"type":"Point","coordinates":[1.553134736,41.28291792]}},{"type":"Feature","id":"town-082520","properties":{"id":"town-082520","name":"Barberà del Vallès","category":"town","municipality":"Barberà del Vallès","county":"Vallès Occidental"},"geometry":{"type":"Point","coordinates":[2.124595576,41.51608259]}},{"type":"Feature","id":"town-080240","properties":{"id":"town-080240","name":"Borredà","category":"town","municipality":"Borredà","county":"Berguedà"},"geometry":{"type":"Point","coordinates":[1.994139922,42.13557149]}},{"type":"Feature","id":"town-081995","properties":{"id":"town-081995","name":"Sant Bartomeu del Grau","category":"town","municipality":"Sant Bartomeu del Grau","county":"Osona"},"geometry":{"type":"Point","coordinates":[2.174857958,41.98104603]}},{"type":"Feature","id":"town-430751","properties":{"id":"town-430751","name":"Margalef","category":"town","municipality":"Margalef","county":"Priorat"},"geometry":{"type":"Point","coordinates":[0.75399189,41.28441912]}},{"type":"Feature","id":"town-170216","properties":{"id":"town-170216","name":"Beuda","category":"town","municipality":"Beuda","county":"Garrotxa"},"geometry":{"type":"Point","coordinates":[2.70951599,42.23705333]}},{"type":"Feature","id":"town-430461","properties":{"id":"town-430461","name":"Conesa","category":"town","municipality":"Conesa","county":"Conca de Barberà"},"geometry":{"type":"Point","coordinates":[1.291207359,41.51858251]}},{"type":"Feature","id":"town-251327","properties":{"id":"town-251327","name":"Massoteres","category":"town","municipality":"Massoteres","county":"Segarra"},"geometry":{"type":"Point","coordinates":[1.310738284,41.79748639]}},{"type":"Feature","id":"town-080018","properties":{"id":"town-080018","name":"Abrera","category":"town","municipality":"Abrera","county":"Baix Llobregat"},"geometry":{"type":"Point","coordinates":[1.902601581,41.51617119]}},{"type":"Feature","id":"town-080765","properties":{"id":"town-080765","name":"Esparreguera","category":"town","municipality":"Esparreguera","county":"Baix Llobregat"},"geometry":{"type":"Point","coordinates":[1.870411656,41.53901438]}},{"type":"Feature","id":"town-172023","properties":{"id":"town-172023","name":"Tossa de Mar","category":"town","municipality":"Tossa de Mar","county":"Selva"},"geometry":{"type":"Point","coordinates":[2.931230066,41.7180076]}},{"type":"Feature","id":"town-081537","properties":{"id":"town-081537","name":"Òrrius","category":"town","municipality":"Òrrius","county":"Maresme"},"geometry":{"type":"Point","coordinates":[2.35475897,41.55510488]}},{"type":"Feature","id":"town-171254","properties":{"id":"town-171254","name":"Pardines","category":"town","municipality":"Pardines","county":"Ripollès"},"geometry":{"type":"Point","coordinates":[2.213525583,42.31222037]}},{"type":"Feature","id":"town-250978","properties":{"id":"town-250978","name":"Fulleda","category":"town","municipality":"Fulleda","county":"Garrigues"},"geometry":{"type":"Point","coordinates":[1.024331601,41.46361529]}},{"type":"Feature","id":"town-080116","properties":{"id":"town-080116","name":"Avià","category":"town","municipality":"Avià","county":"Berguedà"},"geometry":{"type":"Point","coordinates":[1.825611891,42.07771723]}},{"type":"Feature","id":"town-170464","properties":{"id":"town-170464","name":"Castellfollit de la Roca","category":"town","municipality":"Castellfollit de la Roca","county":"Garrotxa"},"geometry":{"type":"Point","coordinates":[2.550075627,42.21926791]}},{"type":"Feature","id":"town-170736","properties":{"id":"town-170736","name":"Fornells de la Selva","category":"town","municipality":"Fornells de la Selva","county":"Gironès"},"geometry":{"type":"Point","coordinates":[2.812237664,41.93092034]}},{"type":"Feature","id":"town-430607","properties":{"id":"town-430607","name":"Flix","category":"town","municipality":"Flix","county":"Ribera d'Ebre"},"geometry":{"type":"Point","coordinates":[0.550170156,41.23190229]}},{"type":"Feature","id":"town-250753","properties":{"id":"town-250753","name":"Clariana de Cardener","category":"town","municipality":"Clariana de Cardener","county":"Solsonès"},"geometry":{"type":"Point","coordinates":[1.625028279,41.93384623]}},{"type":"Feature","id":"town-081304","properties":{"id":"town-081304","name":"Montclar","category":"town","municipality":"Montclar","county":"Berguedà"},"geometry":{"type":"Point","coordinates":[1.765440317,42.01818179]}},{"type":"Feature","id":"town-080142","properties":{"id":"town-080142","name":"Aiguafreda","category":"town","municipality":"Aiguafreda","county":"Vallès Oriental"},"geometry":{"type":"Point","coordinates":[2.250544628,41.76798617]}},{"type":"Feature","id":"town-083036","properties":{"id":"town-083036","name":"Vilanova de Sau","category":"town","municipality":"Vilanova de Sau","county":"Osona"},"geometry":{"type":"Point","coordinates":[2.386964443,41.94838126]}},{"type":"Feature","id":"town-250788","properties":{"id":"town-250788","name":"Corbins","category":"town","municipality":"Corbins","county":"Segrià"},"geometry":{"type":"Point","coordinates":[0.692989787,41.69062158]}},{"type":"Feature","id":"town-170101","properties":{"id":"town-170101","name":"Argelaguer","category":"town","municipality":"Argelaguer","county":"Garrotxa"},"geometry":{"type":"Point","coordinates":[2.641583767,42.21317776]}},{"type":"Feature","id":"town-170904","properties":{"id":"town-170904","name":"Llambilles","category":"town","municipality":"Llambilles","county":"Gironès"},"geometry":{"type":"Point","coordinates":[2.859510637,41.9211034]}},{"type":"Feature","id":"town-080235","properties":{"id":"town-080235","name":"Bigues","category":"town","municipality":"Bigues i Riells del Fai","county":"Vallès Oriental"},"geometry":{"type":"Point","coordinates":[2.221915789,41.67728941]}},{"type":"Feature","id":"town-081555","properties":{"id":"town-081555","name":"Palafolls","category":"town","municipality":"Palafolls","county":"Maresme"},"geometry":{"type":"Point","coordinates":[2.749378597,41.66696309]}},{"type":"Feature","id":"town-252555","properties":{"id":"town-252555","name":"Vinaixa","category":"town","municipality":"Vinaixa","county":"Garrigues"},"geometry":{"type":"Point","coordinates":[0.97529967,41.42855666]}},{"type":"Feature","id":"town-430859","properties":{"id":"town-430859","name":"el Molar","category":"town","municipality":"el Molar","county":"Priorat"},"geometry":{"type":"Point","coordinates":[0.70585164,41.16493022]}},{"type":"Feature","id":"town-171621","properties":{"id":"town-171621","name":"Sant Ferriol","category":"town","municipality":"Sant Ferriol","county":"Garrotxa"},"geometry":{"type":"Point","coordinates":[2.668522568,42.19781544]}},{"type":"Feature","id":"town-170643","properties":{"id":"town-170643","name":"Espolla","category":"town","municipality":"Espolla","county":"Alt Empordà"},"geometry":{"type":"Point","coordinates":[3.000865645,42.391085]}},{"type":"Feature","id":"town-171267","properties":{"id":"town-171267","name":"Parlavà","category":"town","municipality":"Parlavà","county":"Baix Empordà"},"geometry":{"type":"Point","coordinates":[3.029928439,42.02214452]}},{"type":"Feature","id":"town-082009","properties":{"id":"town-082009","name":"Sant Boi de Llobregat","category":"town","municipality":"Sant Boi de Llobregat","county":"Baix Llobregat"},"geometry":{"type":"Point","coordinates":[2.045210922,41.34677772]}},{"type":"Feature","id":"town-251673","properties":{"id":"town-251673","name":"Pinós","category":"town","municipality":"Pinós","county":"Solsonès"},"geometry":{"type":"Point","coordinates":[1.539931968,41.83795746]}},{"type":"Feature","id":"town-252094","properties":{"id":"town-252094","name":"Sort","category":"town","municipality":"Sort","county":"Pallars Sobirà"},"geometry":{"type":"Point","coordinates":[1.129821869,42.41113456]}},{"type":"Feature","id":"town-083073","properties":{"id":"town-083073","name":"Vilanova i la Geltrú","category":"town","municipality":"Vilanova i la Geltrú","county":"Garraf"},"geometry":{"type":"Point","coordinates":[1.725919672,41.22426707]}},{"type":"Feature","id":"town-430206","properties":{"id":"town-430206","name":"Banyeres del Penedès","category":"town","municipality":"Banyeres del Penedès","county":"Baix Penedès"},"geometry":{"type":"Point","coordinates":[1.580949266,41.27950692]}},{"type":"Feature","id":"town-080543","properties":{"id":"town-080543","name":"Castellbisbal","category":"town","municipality":"Castellbisbal","county":"Vallès Occidental"},"geometry":{"type":"Point","coordinates":[1.980556465,41.47490537]}},{"type":"Feature","id":"town-082613","properties":{"id":"town-082613","name":"Santa Susanna","category":"town","municipality":"Santa Susanna","county":"Maresme"},"geometry":{"type":"Point","coordinates":[2.707549722,41.63542109]}},{"type":"Feature","id":"town-082750","properties":{"id":"town-082750","name":"Tavèrnoles","category":"town","municipality":"Tavèrnoles","county":"Osona"},"geometry":{"type":"Point","coordinates":[2.326492526,41.95207151]}},{"type":"Feature","id":"town-170911","properties":{"id":"town-170911","name":"Llanars","category":"town","municipality":"Llanars","county":"Ripollès"},"geometry":{"type":"Point","coordinates":[2.343988943,42.32044312]}},{"type":"Feature","id":"town-430430","properties":{"id":"town-430430","name":"el Catllar","category":"town","municipality":"el Catllar","county":"Tarragonès"},"geometry":{"type":"Point","coordinates":[1.326250797,41.17538073]}},{"type":"Feature","id":"town-170865","properties":{"id":"town-170865","name":"la Jonquera","category":"town","municipality":"la Jonquera","county":"Alt Empordà"},"geometry":{"type":"Point","coordinates":[2.874256251,42.41741552]}},{"type":"Feature","id":"town-251641","properties":{"id":"town-251641","name":"Penelles","category":"town","municipality":"Penelles","county":"Noguera"},"geometry":{"type":"Point","coordinates":[0.965575901,41.75760239]}},{"type":"Feature","id":"town-250485","properties":{"id":"town-250485","name":"Bell-lloc d'Urgell","category":"town","municipality":"Bell-lloc d'Urgell","county":"Pla d'Urgell"},"geometry":{"type":"Point","coordinates":[0.779431843,41.62963892]}},{"type":"Feature","id":"town-082299","properties":{"id":"town-082299","name":"Sant Mateu de Bages","category":"town","municipality":"Sant Mateu de Bages","county":"Bages"},"geometry":{"type":"Point","coordinates":[1.732732068,41.79665276]}},{"type":"Feature","id":"town-082747","properties":{"id":"town-082747","name":"Súria","category":"town","municipality":"Súria","county":"Bages"},"geometry":{"type":"Point","coordinates":[1.754309091,41.83124121]}},{"type":"Feature","id":"town-170806","properties":{"id":"town-170806","name":"Gombrèn","category":"town","municipality":"Gombrèn","county":"Ripollès"},"geometry":{"type":"Point","coordinates":[2.090996644,42.24832693]}},{"type":"Feature","id":"town-172253","properties":{"id":"town-172253","name":"Vilamacolum","category":"town","municipality":"Vilamacolum","county":"Alt Empordà"},"geometry":{"type":"Point","coordinates":[3.056801259,42.19643163]}},{"type":"Feature","id":"town-082994","properties":{"id":"town-082994","name":"Vilada","category":"town","municipality":"Vilada","county":"Berguedà"},"geometry":{"type":"Point","coordinates":[1.931538128,42.13711088]}},{"type":"Feature","id":"town-082476","properties":{"id":"town-082476","name":"Santa Eulàlia de Riuprimer","category":"town","municipality":"Santa Eulàlia de Riuprimer","county":"Osona"},"geometry":{"type":"Point","coordinates":[2.188120418,41.91101114]}},{"type":"Feature","id":"town-252249","properties":{"id":"town-252249","name":"els Torms","category":"town","municipality":"els Torms","county":"Garrigues"},"geometry":{"type":"Point","coordinates":[0.719724851,41.39416901]}},{"type":"Feature","id":"town-252043","properties":{"id":"town-252043","name":"Seròs","category":"town","municipality":"Seròs","county":"Segrià"},"geometry":{"type":"Point","coordinates":[0.409552253,41.46329226]}},{"type":"Feature","id":"town-170715","properties":{"id":"town-170715","name":"Fontcoberta","category":"town","municipality":"Fontcoberta","county":"Pla de l'Estany"},"geometry":{"type":"Point","coordinates":[2.789082911,42.14295455]}},{"type":"Feature","id":"town-170617","properties":{"id":"town-170617","name":"Das","category":"town","municipality":"Das","county":"Cerdanya"},"geometry":{"type":"Point","coordinates":[1.87012501,42.36109232]}},{"type":"Feature","id":"town-259010","properties":{"id":"town-259010","name":"Ribera de Cardós","category":"town","municipality":"Vall de Cardós","county":"Pallars Sobirà"},"geometry":{"type":"Point","coordinates":[1.22493649,42.56350469]}},{"type":"Feature","id":"town-170828","properties":{"id":"town-170828","name":"Guils de Cerdanya","category":"town","municipality":"Guils de Cerdanya","county":"Cerdanya"},"geometry":{"type":"Point","coordinates":[1.879405829,42.44853757]}},{"type":"Feature","id":"town-080039","properties":{"id":"town-080039","name":"Alella","category":"town","municipality":"Alella","county":"Maresme"},"geometry":{"type":"Point","coordinates":[2.294956934,41.49373217]}},{"type":"Feature","id":"town-250208","properties":{"id":"town-250208","name":"Almatret","category":"town","municipality":"Almatret","county":"Segrià"},"geometry":{"type":"Point","coordinates":[0.424135707,41.30532865]}},{"type":"Feature","id":"town-081764","properties":{"id":"town-081764","name":"Pujalt","category":"town","municipality":"Pujalt","county":"Anoia"},"geometry":{"type":"Point","coordinates":[1.420825073,41.71714385]}},{"type":"Feature","id":"town-080351","properties":{"id":"town-080351","name":"Calella","category":"town","municipality":"Calella","county":"Maresme"},"geometry":{"type":"Point","coordinates":[2.657224007,41.61337935]}},{"type":"Feature","id":"town-431508","properties":{"id":"town-431508","name":"Tivissa","category":"town","municipality":"Tivissa","county":"Ribera d'Ebre"},"geometry":{"type":"Point","coordinates":[0.731989555,41.04330676]}},{"type":"Feature","id":"town-431129","properties":{"id":"town-431129","name":"Poboleda","category":"town","municipality":"Poboleda","county":"Priorat"},"geometry":{"type":"Point","coordinates":[0.844885206,41.23340985]}},{"type":"Feature","id":"town-170947","properties":{"id":"town-170947","name":"Llívia","category":"town","municipality":"Llívia","county":"Cerdanya"},"geometry":{"type":"Point","coordinates":[1.980855351,42.46447483]}},{"type":"Feature","id":"town-080832","properties":{"id":"town-080832","name":"Folgueroles","category":"town","municipality":"Folgueroles","county":"Osona"},"geometry":{"type":"Point","coordinates":[2.318939366,41.93868614]}},{"type":"Feature","id":"town-250349","properties":{"id":"town-250349","name":"Artesa de Segre","category":"town","municipality":"Artesa de Segre","county":"Noguera"},"geometry":{"type":"Point","coordinates":[1.045328591,41.8956921]}},{"type":"Feature","id":"town-081192","properties":{"id":"town-081192","name":"Masquefa","category":"town","municipality":"Masquefa","county":"Anoia"},"geometry":{"type":"Point","coordinates":[1.811022748,41.50219584]}},{"type":"Feature","id":"town-080497","properties":{"id":"town-080497","name":"Casserres","category":"town","municipality":"Casserres","county":"Berguedà"},"geometry":{"type":"Point","coordinates":[1.841712148,42.01371242]}},{"type":"Feature","id":"town-081115","properties":{"id":"town-081115","name":"Malla","category":"town","municipality":"Malla","county":"Osona"},"geometry":{"type":"Point","coordinates":[2.234648149,41.88706572]}},{"type":"Feature","id":"town-082188","properties":{"id":"town-082188","name":"Sant Joan de Vilatorrada","category":"town","municipality":"Sant Joan de Vilatorrada","county":"Bages"},"geometry":{"type":"Point","coordinates":[1.804859378,41.74548484]}},{"type":"Feature","id":"town-081810","properties":{"id":"town-081810","name":"la Roca del Vallès","category":"town","municipality":"la Roca del Vallès","county":"Vallès Oriental"},"geometry":{"type":"Point","coordinates":[2.325707417,41.58743705]}},{"type":"Feature","id":"town-081206","properties":{"id":"town-081206","name":"Matadepera","category":"town","municipality":"Matadepera","county":"Vallès Occidental"},"geometry":{"type":"Point","coordinates":[2.026405601,41.59681928]}},{"type":"Feature","id":"town-250886","properties":{"id":"town-250886","name":"Estamariu","category":"town","municipality":"Estamariu","county":"Alt Urgell"},"geometry":{"type":"Point","coordinates":[1.522676662,42.37306417]}},{"type":"Feature","id":"town-252069","properties":{"id":"town-252069","name":"el Soleràs","category":"town","municipality":"el Soleràs","county":"Garrigues"},"geometry":{"type":"Point","coordinates":[0.681659372,41.4130345]}},{"type":"Feature","id":"town-250100","properties":{"id":"town-250100","name":"Alcanó","category":"town","municipality":"Alcanó","county":"Segrià"},"geometry":{"type":"Point","coordinates":[0.616776692,41.48124482]}},{"type":"Feature","id":"town-250560","properties":{"id":"town-250560","name":"Bovera","category":"town","municipality":"Bovera","county":"Garrigues"},"geometry":{"type":"Point","coordinates":[0.638865632,41.32647155]}},{"type":"Feature","id":"town-250621","properties":{"id":"town-250621","name":"Camarasa","category":"town","municipality":"Camarasa","county":"Noguera"},"geometry":{"type":"Point","coordinates":[0.877882111,41.87513124]}},{"type":"Feature","id":"town-082798","properties":{"id":"town-082798","name":"Terrassa","category":"town","municipality":"Terrassa","county":"Vallès Occidental"},"geometry":{"type":"Point","coordinates":[2.010333414,41.56341546]}},{"type":"Feature","id":"town-082397","properties":{"id":"town-082397","name":"Sant Quirze Safaja","category":"town","municipality":"Sant Quirze Safaja","county":"Moianès"},"geometry":{"type":"Point","coordinates":[2.155008262,41.72798941]}},{"type":"Feature","id":"town-250156","properties":{"id":"town-250156","name":"Algerri","category":"town","municipality":"Algerri","county":"Noguera"},"geometry":{"type":"Point","coordinates":[0.638537956,41.81608336]}},{"type":"Feature","id":"town-170160","properties":{"id":"town-170160","name":"Bàscara","category":"town","municipality":"Bàscara","county":"Alt Empordà"},"geometry":{"type":"Point","coordinates":[2.910444572,42.15973574]}},{"type":"Feature","id":"town-252542","properties":{"id":"town-252542","name":"Vilanova de la Barca","category":"town","municipality":"Vilanova de la Barca","county":"Segrià"},"geometry":{"type":"Point","coordinates":[0.72904341,41.69105807]}},{"type":"Feature","id":"town-430918","properties":{"id":"town-430918","name":"Mont-ral","category":"town","municipality":"Mont-ral","county":"Alt Camp"},"geometry":{"type":"Point","coordinates":[1.096936669,41.28683328]}},{"type":"Feature","id":"town-250735","properties":{"id":"town-250735","name":"Cervià de les Garrigues","category":"town","municipality":"Cervià de les Garrigues","county":"Garrigues"},"geometry":{"type":"Point","coordinates":[0.858969081,41.42495271]}},{"type":"Feature","id":"town-431554","properties":{"id":"town-431554","name":"Tortosa","category":"town","municipality":"Tortosa","county":"Baix Ebre"},"geometry":{"type":"Point","coordinates":[0.52064304,40.81100812]}},{"type":"Feature","id":"town-251734","properties":{"id":"town-251734","name":"el Pont de Suert","category":"town","municipality":"el Pont de Suert","county":"Alta Ribagorça"},"geometry":{"type":"Point","coordinates":[0.740242992,42.40765539]}},{"type":"Feature","id":"town-430976","properties":{"id":"town-430976","name":"la Nou de Gaià","category":"town","municipality":"la Nou de Gaià","county":"Tarragonès"},"geometry":{"type":"Point","coordinates":[1.373760241,41.18298618]}},{"type":"Feature","id":"town-430496","properties":{"id":"town-430496","name":"Cornudella de Montsant","category":"town","municipality":"Cornudella de Montsant","county":"Priorat"},"geometry":{"type":"Point","coordinates":[0.905807466,41.26564638]}},{"type":"Feature","id":"town-080522","properties":{"id":"town-080522","name":"Castellar de n'Hug","category":"town","municipality":"Castellar de n'Hug","county":"Berguedà"},"geometry":{"type":"Point","coordinates":[2.017188951,42.28287917]}},{"type":"Feature","id":"town-170849","properties":{"id":"town-170849","name":"All","category":"town","municipality":"Isòvol","county":"Cerdanya"},"geometry":{"type":"Point","coordinates":[1.837361267,42.39759264]}},{"type":"Feature","id":"town-430189","properties":{"id":"town-430189","name":"Arnes","category":"town","municipality":"Arnes","county":"Terra Alta"},"geometry":{"type":"Point","coordinates":[0.260882637,40.91000512]}},{"type":"Feature","id":"town-431270","properties":{"id":"town-431270","name":"Riudecanyes","category":"town","municipality":"Riudecanyes","county":"Baix Camp"},"geometry":{"type":"Point","coordinates":[0.960676325,41.1301671]}},{"type":"Feature","id":"town-431628","properties":{"id":"town-431628","name":"Vandellòs","category":"town","municipality":"Vandellòs i l'Hospitalet de l'Infant","county":"Baix Camp"},"geometry":{"type":"Point","coordinates":[0.831280095,41.01989393]}},{"type":"Feature","id":"town-082900","properties":{"id":"town-082900","name":"Ullastrell","category":"town","municipality":"Ullastrell","county":"Vallès Occidental"},"geometry":{"type":"Point","coordinates":[1.959821989,41.52866568]}},{"type":"Feature","id":"town-430831","properties":{"id":"town-430831","name":"el Milà","category":"town","municipality":"el Milà","county":"Alt Camp"},"geometry":{"type":"Point","coordinates":[1.20662969,41.24790685]}},{"type":"Feature","id":"town-170139","properties":{"id":"town-170139","name":"Begur","category":"town","municipality":"Begur","county":"Baix Empordà"},"geometry":{"type":"Point","coordinates":[3.20707327,41.95433767]}},{"type":"Feature","id":"town-170792","properties":{"id":"town-170792","name":"Girona","category":"town","municipality":"Girona","county":"Gironès"},"geometry":{"type":"Point","coordinates":[2.824666339,41.98319092]}},{"type":"Feature","id":"town-082042","properties":{"id":"town-082042","name":"Sant Climent de Llobregat","category":"town","municipality":"Sant Climent de Llobregat","county":"Baix Llobregat"},"geometry":{"type":"Point","coordinates":[1.996035705,41.3376746]}},{"type":"Feature","id":"town-081705","properties":{"id":"town-081705","name":"els Prats de Rei","category":"town","municipality":"els Prats de Rei","county":"Anoia"},"geometry":{"type":"Point","coordinates":[1.541726998,41.7054294]}},{"type":"Feature","id":"town-089058","properties":{"id":"town-089058","name":"la Palma de Cervelló","category":"town","municipality":"la Palma de Cervelló","county":"Baix Llobregat"},"geometry":{"type":"Point","coordinates":[1.970123793,41.41189631]}},{"type":"Feature","id":"town-431520","properties":{"id":"town-431520","name":"la Torre de l'Espanyol","category":"town","municipality":"la Torre de l'Espanyol","county":"Ribera d'Ebre"},"geometry":{"type":"Point","coordinates":[0.625098934,41.19180957]}},{"type":"Feature","id":"town-172137","properties":{"id":"town-172137","name":"Vidreres","category":"town","municipality":"Vidreres","county":"Selva"},"geometry":{"type":"Point","coordinates":[2.779222911,41.78888434]}},{"type":"Feature","id":"town-430901","properties":{"id":"town-430901","name":"la Joncosa del Montmell","category":"town","municipality":"el Montmell","county":"Baix Penedès"},"geometry":{"type":"Point","coordinates":[1.452484559,41.31482135]}},{"type":"Feature","id":"town-251500","properties":{"id":"town-251500","name":"Oliola","category":"town","municipality":"Oliola","county":"Noguera"},"geometry":{"type":"Point","coordinates":[1.173709403,41.87565787]}},{"type":"Feature","id":"town-082589","properties":{"id":"town-082589","name":"Santa Maria d'Oló","category":"town","municipality":"Santa Maria d'Oló","county":"Moianès"},"geometry":{"type":"Point","coordinates":[2.035604967,41.87381952]}},{"type":"Feature","id":"town-251924","properties":{"id":"town-251924","name":"Sant Guim de Freixenet","category":"town","municipality":"Sant Guim de Freixenet","county":"Segarra"},"geometry":{"type":"Point","coordinates":[1.418591093,41.65566775]}},{"type":"Feature","id":"town-171349","properties":{"id":"town-171349","name":"Planoles","category":"town","municipality":"Planoles","county":"Ripollès"},"geometry":{"type":"Point","coordinates":[2.103769293,42.31628262]}},{"type":"Feature","id":"town-082264","properties":{"id":"town-082264","name":"Sant Martí de Tous","category":"town","municipality":"Sant Martí de Tous","county":"Anoia"},"geometry":{"type":"Point","coordinates":[1.524537048,41.55986864]}},{"type":"Feature","id":"town-430897","properties":{"id":"town-430897","name":"Montferri","category":"town","municipality":"Montferri","county":"Alt Camp"},"geometry":{"type":"Point","coordinates":[1.365779712,41.26565945]}},{"type":"Feature","id":"town-252332","properties":{"id":"town-252332","name":"Torre-serona","category":"town","municipality":"Torre-serona","county":"Segrià"},"geometry":{"type":"Point","coordinates":[0.629325377,41.67186223]}},{"type":"Feature","id":"town-250984","properties":{"id":"town-250984","name":"Gavet de la Conca","category":"town","municipality":"Gavet de la Conca","county":"Pallars Jussà"},"geometry":{"type":"Point","coordinates":[0.920409639,42.12336667]}},{"type":"Feature","id":"town-081347","properties":{"id":"town-081347","name":"Figaró","category":"town","municipality":"Figaró-Montmany","county":"Vallès Oriental"},"geometry":{"type":"Point","coordinates":[2.27318706,41.721838]}},{"type":"Feature","id":"town-080673","properties":{"id":"town-080673","name":"Centelles","category":"town","municipality":"Centelles","county":"Osona"},"geometry":{"type":"Point","coordinates":[2.219070942,41.79750909]}},{"type":"Feature","id":"town-081568","properties":{"id":"town-081568","name":"Palau-solità i Plegamans","category":"town","municipality":"Palau-solità i Plegamans","county":"Vallès Occidental"},"geometry":{"type":"Point","coordinates":[2.178570418,41.58737776]}},{"type":"Feature","id":"town-082457","properties":{"id":"town-082457","name":"Santa Coloma de Gramenet","category":"town","municipality":"Santa Coloma de Gramenet","county":"Barcelonès"},"geometry":{"type":"Point","coordinates":[2.208136156,41.451786]}},{"type":"Feature","id":"town-431166","properties":{"id":"town-431166","name":"Prades","category":"town","municipality":"Prades","county":"Baix Camp"},"geometry":{"type":"Point","coordinates":[0.98792525,41.30962174]}},{"type":"Feature","id":"town-089030","properties":{"id":"town-089030","name":"Sant Julià de Cerdanyola","category":"town","municipality":"Sant Julià de Cerdanyola","county":"Berguedà"},"geometry":{"type":"Point","coordinates":[1.892847282,42.2236694]}},{"type":"Feature","id":"town-431606","properties":{"id":"town-431606","name":"Vallmoll","category":"town","municipality":"Vallmoll","county":"Alt Camp"},"geometry":{"type":"Point","coordinates":[1.249025345,41.24244387]}},{"type":"Feature","id":"town-430653","properties":{"id":"town-430653","name":"Garcia","category":"town","municipality":"Garcia","county":"Ribera d'Ebre"},"geometry":{"type":"Point","coordinates":[0.650125375,41.13698576]}},{"type":"Feature","id":"town-439057","properties":{"id":"town-439057","name":"Salou","category":"town","municipality":"Salou","county":"Tarragonès"},"geometry":{"type":"Point","coordinates":[1.134226673,41.08147166]}},{"type":"Feature","id":"town-080348","properties":{"id":"town-080348","name":"Calders","category":"town","municipality":"Calders","county":"Moianès"},"geometry":{"type":"Point","coordinates":[1.9918776,41.78938243]}},{"type":"Feature","id":"town-251850","properties":{"id":"town-251850","name":"el Pla de Sant Tirs","category":"town","municipality":"Ribera d'Urgellet","county":"Alt Urgell"},"geometry":{"type":"Point","coordinates":[1.383365637,42.31235585]}},{"type":"Feature","id":"town-082359","properties":{"id":"town-082359","name":"Sant Pol de Mar","category":"town","municipality":"Sant Pol de Mar","county":"Maresme"},"geometry":{"type":"Point","coordinates":[2.62142265,41.60020983]}},{"type":"Feature","id":"town-170985","properties":{"id":"town-170985","name":"Maià de Montcal","category":"town","municipality":"Maià de Montcal","county":"Garrotxa"},"geometry":{"type":"Point","coordinates":[2.742129247,42.22232301]}},{"type":"Feature","id":"town-250387","properties":{"id":"town-250387","name":"Aitona","category":"town","municipality":"Aitona","county":"Segrià"},"geometry":{"type":"Point","coordinates":[0.458875465,41.49415635]}},{"type":"Feature","id":"town-080478","properties":{"id":"town-080478","name":"Cardona","category":"town","municipality":"Cardona","county":"Bages"},"geometry":{"type":"Point","coordinates":[1.68113098,41.91329668]}},{"type":"Feature","id":"town-081075","properties":{"id":"town-081075","name":"Lliçà d'Amunt","category":"town","municipality":"Lliçà d'Amunt","county":"Vallès Oriental"},"geometry":{"type":"Point","coordinates":[2.238010433,41.61109241]}},{"type":"Feature","id":"town-250273","properties":{"id":"town-250273","name":"Anglesola","category":"town","municipality":"Anglesola","county":"Urgell"},"geometry":{"type":"Point","coordinates":[1.081379442,41.6588682]}},{"type":"Feature","id":"town-081017","properties":{"id":"town-081017","name":"l'Hospitalet de Llobregat","category":"town","municipality":"l'Hospitalet de Llobregat","county":"Barcelonès"},"geometry":{"type":"Point","coordinates":[2.099725367,41.35969846]}},{"type":"Feature","id":"town-170366","properties":{"id":"town-170366","name":"Campdevànol","category":"town","municipality":"Campdevànol","county":"Ripollès"},"geometry":{"type":"Point","coordinates":[2.167213333,42.22446763]}},{"type":"Feature","id":"town-251804","properties":{"id":"town-251804","name":"Puiggròs","category":"town","municipality":"Puiggròs","county":"Garrigues"},"geometry":{"type":"Point","coordinates":[0.889995826,41.55053376]}},{"type":"Feature","id":"town-080266","properties":{"id":"town-080266","name":"el Brull","category":"town","municipality":"el Brull","county":"Osona"},"geometry":{"type":"Point","coordinates":[2.305247767,41.81687675]}},{"type":"Feature","id":"town-171707","properties":{"id":"town-171707","name":"Vallfogona de Ripollès","category":"town","municipality":"Vallfogona de Ripollès","county":"Ripollès"},"geometry":{"type":"Point","coordinates":[2.303632757,42.19538574]}},{"type":"Feature","id":"town-431233","properties":{"id":"town-431233","name":"Reus","category":"town","municipality":"Reus","county":"Baix Camp"},"geometry":{"type":"Point","coordinates":[1.108762995,41.15510545]}},{"type":"Feature","id":"town-252056","properties":{"id":"town-252056","name":"Sidamon","category":"town","municipality":"Sidamon","county":"Pla d'Urgell"},"geometry":{"type":"Point","coordinates":[0.832005153,41.62928979]}},{"type":"Feature","id":"town-430799","properties":{"id":"town-430799","name":"Masllorenç","category":"town","municipality":"Masllorenç","county":"Baix Penedès"},"geometry":{"type":"Point","coordinates":[1.414427941,41.26927629]}},{"type":"Feature","id":"town-081445","properties":{"id":"town-081445","name":"Olvan","category":"town","municipality":"Olvan","county":"Berguedà"},"geometry":{"type":"Point","coordinates":[1.904980123,42.05707803]}},{"type":"Feature","id":"town-172060","properties":{"id":"town-172060","name":"Urús","category":"town","municipality":"Urús","county":"Cerdanya"},"geometry":{"type":"Point","coordinates":[1.854020737,42.35006996]}},{"type":"Feature","id":"town-250523","properties":{"id":"town-250523","name":"Bellvís","category":"town","municipality":"Bellvís","county":"Pla d'Urgell"},"geometry":{"type":"Point","coordinates":[0.817477768,41.6718278]}},{"type":"Feature","id":"town-430672","properties":{"id":"town-430672","name":"Ginestar","category":"town","municipality":"Ginestar","county":"Ribera d'Ebre"},"geometry":{"type":"Point","coordinates":[0.634355505,41.04184318]}},{"type":"Feature","id":"town-430939","properties":{"id":"town-430939","name":"Móra d'Ebre","category":"town","municipality":"Móra d'Ebre","county":"Ribera d'Ebre"},"geometry":{"type":"Point","coordinates":[0.641124373,41.09251056]}},{"type":"Feature","id":"town-080749","properties":{"id":"town-080749","name":"Cubelles","category":"town","municipality":"Cubelles","county":"Garraf"},"geometry":{"type":"Point","coordinates":[1.672372818,41.20831285]}},{"type":"Feature","id":"town-252424","properties":{"id":"town-252424","name":"Verdú","category":"town","municipality":"Verdú","county":"Urgell"},"geometry":{"type":"Point","coordinates":[1.143637907,41.61018266]}},{"type":"Feature","id":"town-171122","properties":{"id":"town-171122","name":"Ogassa","category":"town","municipality":"Ogassa","county":"Ripollès"},"geometry":{"type":"Point","coordinates":[2.276852176,42.26595001]}},{"type":"Feature","id":"town-170237","properties":{"id":"town-170237","name":"Blanes","category":"town","municipality":"Blanes","county":"Selva"},"geometry":{"type":"Point","coordinates":[2.79240678,41.67576646]}},{"type":"Feature","id":"town-082687","properties":{"id":"town-082687","name":"Cercs","category":"town","municipality":"Cercs","county":"Berguedà"},"geometry":{"type":"Point","coordinates":[1.86074923,42.14598452]}},{"type":"Feature","id":"town-251023","properties":{"id":"town-251023","name":"la Granja d'Escarp","category":"town","municipality":"la Granja d'Escarp","county":"Segrià"},"geometry":{"type":"Point","coordinates":[0.352225093,41.41843885]}},{"type":"Feature","id":"town-172229","properties":{"id":"town-172229","name":"Vilaür","category":"town","municipality":"Vilaür","county":"Alt Empordà"},"geometry":{"type":"Point","coordinates":[2.955087148,42.14361013]}},{"type":"Feature","id":"town-080137","properties":{"id":"town-080137","name":"Avinyó Nou","category":"town","municipality":"Avinyonet del Penedès","county":"Alt Penedès"},"geometry":{"type":"Point","coordinates":[1.777332142,41.36103068]}},{"type":"Feature","id":"town-251692","properties":{"id":"town-251692","name":"la Pobla de Cérvoles","category":"town","municipality":"la Pobla de Cérvoles","county":"Garrigues"},"geometry":{"type":"Point","coordinates":[0.915522735,41.36770865]}},{"type":"Feature","id":"town-082567","properties":{"id":"town-082567","name":"Santa Maria de Martorelles","category":"town","municipality":"Santa Maria de Martorelles","county":"Vallès Oriental"},"geometry":{"type":"Point","coordinates":[2.253260234,41.51961736]}},{"type":"Feature","id":"town-170486","properties":{"id":"town-170486","name":"Platja d'Aro","category":"town","municipality":"Castell d'Aro, Platja d'Aro i s'Agaró","county":"Baix Empordà"},"geometry":{"type":"Point","coordinates":[3.068417874,41.81746772]}},{"type":"Feature","id":"town-431037","properties":{"id":"town-431037","name":"Perafort","category":"town","municipality":"Perafort","county":"Tarragonès"},"geometry":{"type":"Point","coordinates":[1.255320372,41.19107296]}},{"type":"Feature","id":"town-251961","properties":{"id":"town-251961","name":"Sant Esteve de la Sarga","category":"town","municipality":"Sant Esteve de la Sarga","county":"Pallars Jussà"},"geometry":{"type":"Point","coordinates":[0.763690094,42.07963463]}},{"type":"Feature","id":"town-172214","properties":{"id":"town-172214","name":"Vilafant","category":"town","municipality":"Vilafant","county":"Alt Empordà"},"geometry":{"type":"Point","coordinates":[2.937576321,42.24698274]}},{"type":"Feature","id":"town-081939","properties":{"id":"town-081939","name":"Sant Iscle de Vallalta","category":"town","municipality":"Sant Iscle de Vallalta","county":"Maresme"},"geometry":{"type":"Point","coordinates":[2.568722657,41.62442404]}},{"type":"Feature","id":"town-081398","properties":{"id":"town-081398","name":"Mura","category":"town","municipality":"Mura","county":"Bages"},"geometry":{"type":"Point","coordinates":[1.976205065,41.69957259]}},{"type":"Feature","id":"town-089019","properties":{"id":"town-089019","name":"Rupit","category":"town","municipality":"Rupit i Pruit","county":"Osona"},"geometry":{"type":"Point","coordinates":[2.464781417,42.02355956]}},{"type":"Feature","id":"town-081580","properties":{"id":"town-081580","name":"el Papiol","category":"town","municipality":"el Papiol","county":"Baix Llobregat"},"geometry":{"type":"Point","coordinates":[2.010620353,41.43899897]}},{"type":"Feature","id":"town-251898","properties":{"id":"town-251898","name":"Rosselló","category":"town","municipality":"Rosselló","county":"Segrià"},"geometry":{"type":"Point","coordinates":[0.595233971,41.69328751]}},{"type":"Feature","id":"town-081458","properties":{"id":"town-081458","name":"Sant Miquel d'Olèrdola","category":"town","municipality":"Olèrdola","county":"Alt Penedès"},"geometry":{"type":"Point","coordinates":[1.722925638,41.3201636]}},{"type":"Feature","id":"town-251790","properties":{"id":"town-251790","name":"Prullans","category":"town","municipality":"Prullans","county":"Cerdanya"},"geometry":{"type":"Point","coordinates":[1.736748641,42.37887292]}},{"type":"Feature","id":"town-082093","properties":{"id":"town-082093","name":"Sant Fost de Campsentelles","category":"town","municipality":"Sant Fost de Campsentelles","county":"Vallès Oriental"},"geometry":{"type":"Point","coordinates":[2.232602775,41.51879754]}},{"type":"Feature","id":"town-431074","properties":{"id":"town-431074","name":"Pira","category":"town","municipality":"Pira","county":"Conca de Barberà"},"geometry":{"type":"Point","coordinates":[1.201947066,41.42395088]}},{"type":"Feature","id":"town-250693","properties":{"id":"town-250693","name":"Castelló de Farfanya","category":"town","municipality":"Castelló de Farfanya","county":"Noguera"},"geometry":{"type":"Point","coordinates":[0.727550228,41.82037035]}},{"type":"Feature","id":"town-082251","properties":{"id":"town-082251","name":"Sant Martí d'Albars","category":"town","municipality":"Sant Martí d'Albars","county":"Lluçanès"},"geometry":{"type":"Point","coordinates":[2.073872971,42.02826716]}},{"type":"Feature","id":"town-080207","properties":{"id":"town-080207","name":"Begues","category":"town","municipality":"Begues","county":"Baix Llobregat"},"geometry":{"type":"Point","coordinates":[1.921745361,41.33267297]}},{"type":"Feature","id":"town-259139","properties":{"id":"town-259139","name":"Riu de Cerdanya","category":"town","municipality":"Riu de Cerdanya","county":"Cerdanya"},"geometry":{"type":"Point","coordinates":[1.826031082,42.34522081]}},{"type":"Feature","id":"town-082877","properties":{"id":"town-082877","name":"Lavit","category":"town","municipality":"Torrelavit","county":"Alt Penedès"},"geometry":{"type":"Point","coordinates":[1.729599364,41.44641656]}},{"type":"Feature","id":"town-430727","properties":{"id":"town-430727","name":"el Lloar","category":"town","municipality":"el Lloar","county":"Priorat"},"geometry":{"type":"Point","coordinates":[0.750910385,41.18593235]}},{"type":"Feature","id":"town-171544","properties":{"id":"town-171544","name":"Sales de Llierca","category":"town","municipality":"Sales de Llierca","county":"Garrotxa"},"geometry":{"type":"Point","coordinates":[2.649819185,42.2356215]}},{"type":"Feature","id":"town-082212","properties":{"id":"town-082212","name":"Sant Just Desvern","category":"town","municipality":"Sant Just Desvern","county":"Baix Llobregat"},"geometry":{"type":"Point","coordinates":[2.075766405,41.38598602]}},{"type":"Feature","id":"town-251581","properties":{"id":"town-251581","name":"el Palau d'Anglesola","category":"town","municipality":"el Palau d'Anglesola","county":"Pla d'Urgell"},"geometry":{"type":"Point","coordinates":[0.88017925,41.65172257]}},{"type":"Feature","id":"town-431384","properties":{"id":"town-431384","name":"Santa Bàrbara","category":"town","municipality":"Santa Bàrbara","county":"Montsià"},"geometry":{"type":"Point","coordinates":[0.492412991,40.7145205]}},{"type":"Feature","id":"town-081957","properties":{"id":"town-081957","name":"Sant Agustí de Lluçanès","category":"town","municipality":"Sant Agustí de Lluçanès","county":"Osona"},"geometry":{"type":"Point","coordinates":[2.127388953,42.08500383]}},{"type":"Feature","id":"town-251386","properties":{"id":"town-251386","name":"Montgai","category":"town","municipality":"Montgai","county":"Noguera"},"geometry":{"type":"Point","coordinates":[0.961007723,41.79986039]}},{"type":"Feature","id":"town-170391","properties":{"id":"town-170391","name":"Camprodon","category":"town","municipality":"Camprodon","county":"Ripollès"},"geometry":{"type":"Point","coordinates":[2.365078268,42.31174178]}},{"type":"Feature","id":"town-172266","properties":{"id":"town-172266","name":"Vilamalla","category":"town","municipality":"Vilamalla","county":"Alt Empordà"},"geometry":{"type":"Point","coordinates":[2.970474501,42.21768389]}},{"type":"Feature","id":"town-082331","properties":{"id":"town-082331","name":"Sant Pere de Torelló","category":"town","municipality":"Sant Pere de Torelló","county":"Osona"},"geometry":{"type":"Point","coordinates":[2.296791299,42.07501465]}},{"type":"Feature","id":"town-170031","properties":{"id":"town-170031","name":"Albanyà","category":"town","municipality":"Albanyà","county":"Alt Empordà"},"geometry":{"type":"Point","coordinates":[2.719766852,42.30422037]}},{"type":"Feature","id":"town-170255","properties":{"id":"town-170255","name":"Bordils","category":"town","municipality":"Bordils","county":"Gironès"},"geometry":{"type":"Point","coordinates":[2.913191442,42.04089786]}},{"type":"Feature","id":"town-081688","properties":{"id":"town-081688","name":"Pontons","category":"town","municipality":"Pontons","county":"Alt Penedès"},"geometry":{"type":"Point","coordinates":[1.5168274,41.41563199]}},{"type":"Feature","id":"town-250220","properties":{"id":"town-250220","name":"Alòs de Balaguer","category":"town","municipality":"Alòs de Balaguer","county":"Noguera"},"geometry":{"type":"Point","coordinates":[0.961095041,41.91225793]}},{"type":"Feature","id":"town-171910","properties":{"id":"town-171910","name":"Serra de Daró","category":"town","municipality":"Serra de Daró","county":"Baix Empordà"},"geometry":{"type":"Point","coordinates":[3.072067372,42.02833404]}},{"type":"Feature","id":"town-251193","properties":{"id":"town-251193","name":"Juneda","category":"town","municipality":"Juneda","county":"Garrigues"},"geometry":{"type":"Point","coordinates":[0.825093631,41.54944683]}},{"type":"Feature","id":"town-251556","properties":{"id":"town-251556","name":"Organyà","category":"town","municipality":"Organyà","county":"Alt Urgell"},"geometry":{"type":"Point","coordinates":[1.32855282,42.21109576]}},{"type":"Feature","id":"town-431362","properties":{"id":"town-431362","name":"la Ràpita","category":"town","municipality":"la Ràpita","county":"Montsià"},"geometry":{"type":"Point","coordinates":[0.592817384,40.62005244]}},{"type":"Feature","id":"town-250595","properties":{"id":"town-250595","name":"Bossòst","category":"town","municipality":"Bossòst","county":"Val d'Aran"},"geometry":{"type":"Point","coordinates":[0.692016272,42.78559396]}},{"type":"Feature","id":"town-250371","properties":{"id":"town-250371","name":"les Avellanes","category":"town","municipality":"les Avellanes i Santa Linya","county":"Noguera"},"geometry":{"type":"Point","coordinates":[0.764000415,41.90789713]}},{"type":"Feature","id":"town-250576","properties":{"id":"town-250576","name":"Es Bòrdes","category":"town","municipality":"Es Bòrdes","county":"Val d'Aran"},"geometry":{"type":"Point","coordinates":[0.719252514,42.73801874]}},{"type":"Feature","id":"town-251044","properties":{"id":"town-251044","name":"Granyena de Segarra","category":"town","municipality":"Granyena de Segarra","county":"Segarra"},"geometry":{"type":"Point","coordinates":[1.246857472,41.62351079]}},{"type":"Feature","id":"town-080692","properties":{"id":"town-080692","name":"Collbató","category":"town","municipality":"Collbató","county":"Baix Llobregat"},"geometry":{"type":"Point","coordinates":[1.828167856,41.5702866]}},{"type":"Feature","id":"town-080214","properties":{"id":"town-080214","name":"Bellprat","category":"town","municipality":"Bellprat","county":"Anoia"},"geometry":{"type":"Point","coordinates":[1.433983011,41.5171521]}},{"type":"Feature","id":"town-430477","properties":{"id":"town-430477","name":"Constantí","category":"town","municipality":"Constantí","county":"Tarragonès"},"geometry":{"type":"Point","coordinates":[1.212592424,41.15385441]}},{"type":"Feature","id":"town-252081","properties":{"id":"town-252081","name":"Vilamur","category":"town","municipality":"Soriguera","county":"Pallars Sobirà"},"geometry":{"type":"Point","coordinates":[1.161413322,42.37967701]}},{"type":"Feature","id":"town-250024","properties":{"id":"town-250024","name":"Àger","category":"town","municipality":"Àger","county":"Noguera"},"geometry":{"type":"Point","coordinates":[0.763678739,41.99956524]}},{"type":"Feature","id":"town-172333","properties":{"id":"town-172333","name":"Vilobí d'Onyar","category":"town","municipality":"Vilobí d'Onyar","county":"Selva"},"geometry":{"type":"Point","coordinates":[2.742548231,41.88850596]}},{"type":"Feature","id":"town-170638","properties":{"id":"town-170638","name":"Espinelves","category":"town","municipality":"Espinelves","county":"Osona"},"geometry":{"type":"Point","coordinates":[2.417266174,41.86898053]}},{"type":"Feature","id":"town-081831","properties":{"id":"town-081831","name":"Roda de Ter","category":"town","municipality":"Roda de Ter","county":"Osona"},"geometry":{"type":"Point","coordinates":[2.309407251,41.98100878]}},{"type":"Feature","id":"town-251155","properties":{"id":"town-251155","name":"Isona","category":"town","municipality":"Isona i Conca Dellà","county":"Pallars Jussà"},"geometry":{"type":"Point","coordinates":[1.04361906,42.11692648]}},{"type":"Feature","id":"town-082785","properties":{"id":"town-082785","name":"Taradell","category":"town","municipality":"Taradell","county":"Osona"},"geometry":{"type":"Point","coordinates":[2.287570008,41.87413939]}},{"type":"Feature","id":"town-080581","properties":{"id":"town-080581","name":"la Gornal","category":"town","municipality":"Castellet i la Gornal","county":"Alt Penedès"},"geometry":{"type":"Point","coordinates":[1.590921193,41.25429298]}},{"type":"Feature","id":"town-251569","properties":{"id":"town-251569","name":"Os de Balaguer","category":"town","municipality":"Os de Balaguer","county":"Noguera"},"geometry":{"type":"Point","coordinates":[0.718616267,41.87132008]}},{"type":"Feature","id":"town-250962","properties":{"id":"town-250962","name":"la Fuliola","category":"town","municipality":"la Fuliola","county":"Urgell"},"geometry":{"type":"Point","coordinates":[1.018525477,41.71301071]}},{"type":"Feature","id":"town-252516","properties":{"id":"town-252516","name":"Vilanova de Segrià","category":"town","municipality":"Vilanova de Segrià","county":"Segrià"},"geometry":{"type":"Point","coordinates":[0.618834708,41.71264518]}},{"type":"Feature","id":"town-081614","properties":{"id":"town-081614","name":"Piera","category":"town","municipality":"Piera","county":"Anoia"},"geometry":{"type":"Point","coordinates":[1.742556235,41.51765402]}},{"type":"Feature","id":"town-171576","properties":{"id":"town-171576","name":"Sant Andreu Salou","category":"town","municipality":"Sant Andreu Salou","county":"Gironès"},"geometry":{"type":"Point","coordinates":[2.825402859,41.87353532]}},{"type":"Feature","id":"town-252017","properties":{"id":"town-252017","name":"Sarroca de Bellera","category":"town","municipality":"Sarroca de Bellera","county":"Pallars Jussà"},"geometry":{"type":"Point","coordinates":[0.881272863,42.35972014]}},{"type":"Feature","id":"town-170963","properties":{"id":"town-170963","name":"les Llosses","category":"town","municipality":"les Llosses","county":"Ripollès"},"geometry":{"type":"Point","coordinates":[2.116808189,42.15054565]}},{"type":"Feature","id":"town-431107","properties":{"id":"town-431107","name":"la Pobla de Massaluca","category":"town","municipality":"la Pobla de Massaluca","county":"Terra Alta"},"geometry":{"type":"Point","coordinates":[0.353761607,41.18025791]}},{"type":"Feature","id":"town-171609","properties":{"id":"town-171609","name":"Sant Feliu de Guíxols","category":"town","municipality":"Sant Feliu de Guíxols","county":"Baix Empordà"},"geometry":{"type":"Point","coordinates":[3.028607211,41.78038557]}},{"type":"Feature","id":"town-431016","properties":{"id":"town-431016","name":"Passanant","category":"town","municipality":"Passanant i Belltall","county":"Conca de Barberà"},"geometry":{"type":"Point","coordinates":[1.196981826,41.53171585]}},{"type":"Feature","id":"town-430445","properties":{"id":"town-430445","name":"la Sénia","category":"town","municipality":"la Sénia","county":"Montsià"},"geometry":{"type":"Point","coordinates":[0.286093403,40.6330809]}},{"type":"Feature","id":"town-252108","properties":{"id":"town-252108","name":"Soses","category":"town","municipality":"Soses","county":"Segrià"},"geometry":{"type":"Point","coordinates":[0.487489382,41.53314601]}},{"type":"Feature","id":"town-251771","properties":{"id":"town-251771","name":"Preixens","category":"town","municipality":"Preixens","county":"Noguera"},"geometry":{"type":"Point","coordinates":[1.050648317,41.79405228]}},{"type":"Feature","id":"town-082016","properties":{"id":"town-082016","name":"Sant Boi de Lluçanès","category":"town","municipality":"Sant Boi de Lluçanès","county":"Osona"},"geometry":{"type":"Point","coordinates":[2.151866839,42.05712634]}},{"type":"Feature","id":"town-171772","properties":{"id":"town-171772","name":"Sant Pau de Segúries","category":"town","municipality":"Sant Pau de Segúries","county":"Ripollès"},"geometry":{"type":"Point","coordinates":[2.364922292,42.26086051]}},{"type":"Feature","id":"town-172121","properties":{"id":"town-172121","name":"Vidrà","category":"town","municipality":"Vidrà","county":"Osona"},"geometry":{"type":"Point","coordinates":[2.30988455,42.12247168]}},{"type":"Feature","id":"town-431690","properties":{"id":"town-431690","name":"Vilaplana","category":"town","municipality":"Vilaplana","county":"Baix Camp"},"geometry":{"type":"Point","coordinates":[1.033187166,41.22856192]}},{"type":"Feature","id":"town-083067","properties":{"id":"town-083067","name":"Vilalba Sasserra","category":"town","municipality":"Vilalba Sasserra","county":"Vallès Oriental"},"geometry":{"type":"Point","coordinates":[2.441078141,41.6527253]}},{"type":"Feature","id":"town-250931","properties":{"id":"town-250931","name":"Fondarella","category":"town","municipality":"Fondarella","county":"Pla d'Urgell"},"geometry":{"type":"Point","coordinates":[0.874474119,41.6346832]}},{"type":"Feature","id":"town-082423","properties":{"id":"town-082423","name":"Marganell","category":"town","municipality":"Marganell","county":"Bages"},"geometry":{"type":"Point","coordinates":[1.789319151,41.64096728]}},{"type":"Feature","id":"town-082508","properties":{"id":"town-082508","name":"Santa Margarida de Montbui","category":"town","municipality":"Santa Margarida de Montbui","county":"Anoia"},"geometry":{"type":"Point","coordinates":[1.607753847,41.57515672]}},{"type":"Feature","id":"town-431264","properties":{"id":"town-431264","name":"la Riera de Gaià","category":"town","municipality":"la Riera de Gaià","county":"Tarragonès"},"geometry":{"type":"Point","coordinates":[1.361681623,41.16485589]}},{"type":"Feature","id":"town-430825","properties":{"id":"town-430825","name":"el Masroig","category":"town","municipality":"el Masroig","county":"Priorat"},"geometry":{"type":"Point","coordinates":[0.731472983,41.12654356]}},{"type":"Feature","id":"town-171175","properties":{"id":"town-171175","name":"Palafrugell","category":"town","municipality":"Palafrugell","county":"Baix Empordà"},"geometry":{"type":"Point","coordinates":[3.164038525,41.91484048]}},{"type":"Feature","id":"town-081213","properties":{"id":"town-081213","name":"Mataró","category":"town","municipality":"Mataró","county":"Maresme"},"geometry":{"type":"Point","coordinates":[2.446258624,41.54082572]}},{"type":"Feature","id":"town-082858","properties":{"id":"town-082858","name":"Torelló","category":"town","municipality":"Torelló","county":"Osona"},"geometry":{"type":"Point","coordinates":[2.262805553,42.04672579]}},{"type":"Feature","id":"town-439039","properties":{"id":"town-439039","name":"Camarles","category":"town","municipality":"Camarles","county":"Baix Ebre"},"geometry":{"type":"Point","coordinates":[0.669673104,40.77214068]}},{"type":"Feature","id":"town-430094","properties":{"id":"town-430094","name":"Alforja","category":"town","municipality":"Alforja","county":"Baix Camp"},"geometry":{"type":"Point","coordinates":[0.975413192,41.21035935]}},{"type":"Feature","id":"town-250169","properties":{"id":"town-250169","name":"Alguaire","category":"town","municipality":"Alguaire","county":"Segrià"},"geometry":{"type":"Point","coordinates":[0.583830422,41.73635395]}},{"type":"Feature","id":"town-250616","properties":{"id":"town-250616","name":"Cabó","category":"town","municipality":"Cabó","county":"Alt Urgell"},"geometry":{"type":"Point","coordinates":[1.247172145,42.238892]}},{"type":"Feature","id":"town-170622","properties":{"id":"town-170622","name":"l'Escala","category":"town","municipality":"l'Escala","county":"Alt Empordà"},"geometry":{"type":"Point","coordinates":[3.132502105,42.12479045]}},{"type":"Feature","id":"town-250241","properties":{"id":"town-250241","name":"València d'Àneu","category":"town","municipality":"Alt Àneu","county":"Pallars Sobirà"},"geometry":{"type":"Point","coordinates":[1.109954836,42.63316189]}},{"type":"Feature","id":"town-172039","properties":{"id":"town-172039","name":"Ultramort","category":"town","municipality":"Ultramort","county":"Baix Empordà"},"geometry":{"type":"Point","coordinates":[3.034477932,42.03667882]}},{"type":"Feature","id":"town-080370","properties":{"id":"town-080370","name":"Calldetenes","category":"town","municipality":"Calldetenes","county":"Osona"},"geometry":{"type":"Point","coordinates":[2.284540336,41.92468966]}},{"type":"Feature","id":"town-082460","properties":{"id":"town-082460","name":"Santa Eugènia de Berga","category":"town","municipality":"Santa Eugènia de Berga","county":"Osona"},"geometry":{"type":"Point","coordinates":[2.283161543,41.90018835]}},{"type":"Feature","id":"town-250870","properties":{"id":"town-250870","name":"Esterri de Cardós","category":"town","municipality":"Esterri de Cardós","county":"Pallars Sobirà"},"geometry":{"type":"Point","coordinates":[1.2617201,42.59266794]}},{"type":"Feature","id":"town-170118","properties":{"id":"town-170118","name":"l'Armentera","category":"town","municipality":"l'Armentera","county":"Alt Empordà"},"geometry":{"type":"Point","coordinates":[3.074523974,42.1721013]}},{"type":"Feature","id":"town-431140","properties":{"id":"town-431140","name":"Porrera","category":"town","municipality":"Porrera","county":"Priorat"},"geometry":{"type":"Point","coordinates":[0.856046971,41.18895869]}},{"type":"Feature","id":"town-170412","properties":{"id":"town-170412","name":"Cantallops","category":"town","municipality":"Cantallops","county":"Alt Empordà"},"geometry":{"type":"Point","coordinates":[2.925318506,42.42200791]}},{"type":"Feature","id":"town-431378","properties":{"id":"town-431378","name":"Sant Jaume dels Domenys","category":"town","municipality":"Sant Jaume dels Domenys","county":"Baix Penedès"},"geometry":{"type":"Point","coordinates":[1.558929195,41.29928078]}},{"type":"Feature","id":"town-170681","properties":{"id":"town-170681","name":"Foixà","category":"town","municipality":"Foixà","county":"Baix Empordà"},"geometry":{"type":"Point","coordinates":[2.99654599,42.0396613]}},{"type":"Feature","id":"town-430022","properties":{"id":"town-430022","name":"Albinyana","category":"town","municipality":"Albinyana","county":"Baix Penedès"},"geometry":{"type":"Point","coordinates":[1.486364127,41.24574482]}},{"type":"Feature","id":"town-171077","properties":{"id":"town-171077","name":"Molló","category":"town","municipality":"Molló","county":"Ripollès"},"geometry":{"type":"Point","coordinates":[2.404610854,42.34677493]}},{"type":"Feature","id":"town-430363","properties":{"id":"town-430363","name":"Cabra del Camp","category":"town","municipality":"Cabra del Camp","county":"Alt Camp"},"geometry":{"type":"Point","coordinates":[1.276943289,41.39529428]}},{"type":"Feature","id":"town-170887","properties":{"id":"town-170887","name":"Lladó","category":"town","municipality":"Lladó","county":"Alt Empordà"},"geometry":{"type":"Point","coordinates":[2.813803126,42.24760608]}},{"type":"Feature","id":"town-080983","properties":{"id":"town-080983","name":"Sant Salvador de Guardiola","category":"town","municipality":"Sant Salvador de Guardiola","county":"Bages"},"geometry":{"type":"Point","coordinates":[1.766947392,41.67944747]}},{"type":"Feature","id":"town-170433","properties":{"id":"town-170433","name":"Queralbs","category":"town","municipality":"Queralbs","county":"Ripollès"},"geometry":{"type":"Point","coordinates":[2.162746129,42.34858311]}},{"type":"Feature","id":"town-251752","properties":{"id":"town-251752","name":"Prats","category":"town","municipality":"Prats i Sansor","county":"Cerdanya"},"geometry":{"type":"Point","coordinates":[1.836920976,42.36498242]}},{"type":"Feature","id":"town-431495","properties":{"id":"town-431495","name":"Tivenys","category":"town","municipality":"Tivenys","county":"Baix Ebre"},"geometry":{"type":"Point","coordinates":[0.5124489,40.90733424]}},{"type":"Feature","id":"town-081672","properties":{"id":"town-081672","name":"Polinyà","category":"town","municipality":"Polinyà","county":"Vallès Occidental"},"geometry":{"type":"Point","coordinates":[2.156558703,41.55763252]}},{"type":"Feature","id":"town-172235","properties":{"id":"town-172235","name":"Vilajuïga","category":"town","municipality":"Vilajuïga","county":"Alt Empordà"},"geometry":{"type":"Point","coordinates":[3.092960052,42.32551009]}},{"type":"Feature","id":"town-080403","properties":{"id":"town-080403","name":"Canet de Mar","category":"town","municipality":"Canet de Mar","county":"Maresme"},"geometry":{"type":"Point","coordinates":[2.582697241,41.58932479]}},{"type":"Feature","id":"town-430810","properties":{"id":"town-430810","name":"Maspujols","category":"town","municipality":"Maspujols","county":"Baix Camp"},"geometry":{"type":"Point","coordinates":[1.045809407,41.18179331]}},{"type":"Feature","id":"town-082172","properties":{"id":"town-082172","name":"Sant Joan Despí","category":"town","municipality":"Sant Joan Despí","county":"Baix Llobregat"},"geometry":{"type":"Point","coordinates":[2.056040487,41.36702729]}},{"type":"Feature","id":"town-170448","properties":{"id":"town-170448","name":"Cassà de la Selva","category":"town","municipality":"Cassà de la Selva","county":"Gironès"},"geometry":{"type":"Point","coordinates":[2.874239415,41.88738229]}},{"type":"Feature","id":"town-170979","properties":{"id":"town-170979","name":"Madremanya","category":"town","municipality":"Madremanya","county":"Gironès"},"geometry":{"type":"Point","coordinates":[2.957240173,41.99007439]}},{"type":"Feature","id":"town-082418","properties":{"id":"town-082418","name":"Sant Sadurní d'Osormort","category":"town","municipality":"Sant Sadurní d'Osormort","county":"Osona"},"geometry":{"type":"Point","coordinates":[2.381485599,41.9019178]}},{"type":"Feature","id":"town-250117","properties":{"id":"town-250117","name":"Alcarràs","category":"town","municipality":"Alcarràs","county":"Segrià"},"geometry":{"type":"Point","coordinates":[0.525200819,41.56312844]}},{"type":"Feature","id":"town-250236","properties":{"id":"town-250236","name":"Alpicat","category":"town","municipality":"Alpicat","county":"Segrià"},"geometry":{"type":"Point","coordinates":[0.555198295,41.66663438]}},{"type":"Feature","id":"town-171984","properties":{"id":"town-171984","name":"Torroella de Fluvià","category":"town","municipality":"Torroella de Fluvià","county":"Alt Empordà"},"geometry":{"type":"Point","coordinates":[3.040968953,42.17487873]}},{"type":"Feature","id":"town-431460","properties":{"id":"town-431460","name":"Senan","category":"town","municipality":"Senan","county":"Conca de Barberà"},"geometry":{"type":"Point","coordinates":[1.088425982,41.46995053]}},{"type":"Feature","id":"town-080804","properties":{"id":"town-080804","name":"Fígols","category":"town","municipality":"Fígols","county":"Berguedà"},"geometry":{"type":"Point","coordinates":[1.83614198,42.18089654]}},{"type":"Feature","id":"town-431397","properties":{"id":"town-431397","name":"Santa Coloma de Queralt","category":"town","municipality":"Santa Coloma de Queralt","county":"Conca de Barberà"},"geometry":{"type":"Point","coordinates":[1.3838885,41.53242245]}},{"type":"Feature","id":"town-082969","properties":{"id":"town-082969","name":"Vallromanes","category":"town","municipality":"Vallromanes","county":"Vallès Oriental"},"geometry":{"type":"Point","coordinates":[2.297940997,41.53156277]}},{"type":"Feature","id":"town-252252","properties":{"id":"town-252252","name":"Tornabous","category":"town","municipality":"Tornabous","county":"Urgell"},"geometry":{"type":"Point","coordinates":[1.053080289,41.70165983]}},{"type":"Feature","id":"town-431153","properties":{"id":"town-431153","name":"Pradell de la Teixeta","category":"town","municipality":"Pradell de la Teixeta","county":"Priorat"},"geometry":{"type":"Point","coordinates":[0.875892926,41.15696234]}},{"type":"Feature","id":"town-082270","properties":{"id":"town-082270","name":"Sant Martí Sarroca","category":"town","municipality":"Sant Martí Sarroca","county":"Alt Penedès"},"geometry":{"type":"Point","coordinates":[1.611534615,41.38477015]}},{"type":"Feature","id":"town-431172","properties":{"id":"town-431172","name":"Prat de Comte","category":"town","municipality":"Prat de Comte","county":"Terra Alta"},"geometry":{"type":"Point","coordinates":[0.405234861,40.98377527]}},{"type":"Feature","id":"town-170675","properties":{"id":"town-170675","name":"Flaçà","category":"town","municipality":"Flaçà","county":"Gironès"},"geometry":{"type":"Point","coordinates":[2.957735312,42.04707389]}},{"type":"Feature","id":"town-080076","properties":{"id":"town-080076","name":"Arenys de Munt","category":"town","municipality":"Arenys de Munt","county":"Maresme"},"geometry":{"type":"Point","coordinates":[2.54038107,41.60899336]}},{"type":"Feature","id":"town-250557","properties":{"id":"town-250557","name":"Biosca","category":"town","municipality":"Biosca","county":"Solsonès"},"geometry":{"type":"Point","coordinates":[1.358748948,41.84227768]}},{"type":"Feature","id":"town-170059","properties":{"id":"town-170059","name":"el Far d'Empordà","category":"town","municipality":"el Far d'Empordà","county":"Alt Empordà"},"geometry":{"type":"Point","coordinates":[2.996235357,42.25167972]}},{"type":"Feature","id":"town-080569","properties":{"id":"town-080569","name":"Castelldefels","category":"town","municipality":"Castelldefels","county":"Baix Llobregat"},"geometry":{"type":"Point","coordinates":[1.97701006,41.28047213]}},{"type":"Feature","id":"town-251667","properties":{"id":"town-251667","name":"Sant Climenç","category":"town","municipality":"Pinell de Solsonès","county":"Solsonès"},"geometry":{"type":"Point","coordinates":[1.418708558,41.95027647]}},{"type":"Feature","id":"town-170600","properties":{"id":"town-170600","name":"Darnius","category":"town","municipality":"Darnius","county":"Alt Empordà"},"geometry":{"type":"Point","coordinates":[2.831958326,42.36855278]}},{"type":"Feature","id":"town-430075","properties":{"id":"town-430075","name":"l'Aleixar","category":"town","municipality":"l'Aleixar","county":"Baix Camp"},"geometry":{"type":"Point","coordinates":[1.046193119,41.20163188]}},{"type":"Feature","id":"town-081141","properties":{"id":"town-081141","name":"Martorell","category":"town","municipality":"Martorell","county":"Baix Llobregat"},"geometry":{"type":"Point","coordinates":[1.930625438,41.47442004]}},{"type":"Feature","id":"town-171539","properties":{"id":"town-171539","name":"Rupià","category":"town","municipality":"Rupià","county":"Baix Empordà"},"geometry":{"type":"Point","coordinates":[3.010858704,42.02041743]}},{"type":"Feature","id":"town-430192","properties":{"id":"town-430192","name":"Ascó","category":"town","municipality":"Ascó","county":"Ribera d'Ebre"},"geometry":{"type":"Point","coordinates":[0.567443286,41.18063105]}},{"type":"Feature","id":"town-081069","properties":{"id":"town-081069","name":"Llinars del Vallès","category":"town","municipality":"Llinars del Vallès","county":"Vallès Oriental"},"geometry":{"type":"Point","coordinates":[2.404456817,41.63898605]}},{"type":"Feature","id":"town-250061","properties":{"id":"town-250061","name":"l'Albagés","category":"town","municipality":"l'Albagés","county":"Garrigues"},"geometry":{"type":"Point","coordinates":[0.739023176,41.44911403]}},{"type":"Feature","id":"town-251364","properties":{"id":"town-251364","name":"la Molsosa","category":"town","municipality":"la Molsosa","county":"Solsonès"},"geometry":{"type":"Point","coordinates":[1.544244425,41.78570609]}},{"type":"Feature","id":"town-431747","properties":{"id":"town-431747","name":"la Vilella Baixa","category":"town","municipality":"la Vilella Baixa","county":"Priorat"},"geometry":{"type":"Point","coordinates":[0.761806057,41.22066563]}},{"type":"Feature","id":"town-170926","properties":{"id":"town-170926","name":"Llançà","category":"town","municipality":"Llançà","county":"Alt Empordà"},"geometry":{"type":"Point","coordinates":[3.161675555,42.36976614]}},{"type":"Feature","id":"town-250292","properties":{"id":"town-250292","name":"Arbeca","category":"town","municipality":"Arbeca","county":"Garrigues"},"geometry":{"type":"Point","coordinates":[0.924154304,41.54165167]}},{"type":"Feature","id":"town-171371","properties":{"id":"town-171371","name":"Mata","category":"town","municipality":"Porqueres","county":"Pla de l'Estany"},"geometry":{"type":"Point","coordinates":[2.783509078,42.10723249]}},{"type":"Feature","id":"town-080902","properties":{"id":"town-080902","name":"Gaià","category":"town","municipality":"Gaià","county":"Bages"},"geometry":{"type":"Point","coordinates":[1.92564494,41.91649269]}},{"type":"Feature","id":"town-251832","properties":{"id":"town-251832","name":"Rialp","category":"town","municipality":"Rialp","county":"Pallars Sobirà"},"geometry":{"type":"Point","coordinates":[1.134765713,42.44413236]}},{"type":"Feature","id":"town-082711","properties":{"id":"town-082711","name":"Sobremunt","category":"town","municipality":"Sobremunt","county":"Lluçanès"},"geometry":{"type":"Point","coordinates":[2.166952101,42.03603896]}},{"type":"Feature","id":"town-250609","properties":{"id":"town-250609","name":"Cabanabona","category":"town","municipality":"Cabanabona","county":"Noguera"},"geometry":{"type":"Point","coordinates":[1.216448648,41.85163381]}},{"type":"Feature","id":"town-171735","properties":{"id":"town-171735","name":"Sant Martí Vell","category":"town","municipality":"Sant Martí Vell","county":"Gironès"},"geometry":{"type":"Point","coordinates":[2.931087857,42.01977807]}},{"type":"Feature","id":"town-251522","properties":{"id":"town-251522","name":"les Oluges","category":"town","municipality":"les Oluges","county":"Segarra"},"geometry":{"type":"Point","coordinates":[1.318928401,41.6972211]}},{"type":"Feature","id":"town-080057","properties":{"id":"town-080057","name":"l'Ametlla del Vallès","category":"town","municipality":"l'Ametlla del Vallès","county":"Vallès Oriental"},"geometry":{"type":"Point","coordinates":[2.259255578,41.67330125]}},{"type":"Feature","id":"town-081363","properties":{"id":"town-081363","name":"Montornès del Vallès","category":"town","municipality":"Montornès del Vallès","county":"Vallès Oriental"},"geometry":{"type":"Point","coordinates":[2.266212986,41.54490131]}},{"type":"Feature","id":"town-251001","properties":{"id":"town-251001","name":"Gósol","category":"town","municipality":"Gósol","county":"Berguedà"},"geometry":{"type":"Point","coordinates":[1.660203284,42.2369569]}},{"type":"Feature","id":"town-250772","properties":{"id":"town-250772","name":"Coll de Nargó","category":"town","municipality":"Coll de Nargó","county":"Alt Urgell"},"geometry":{"type":"Point","coordinates":[1.315770473,42.17470995]}},{"type":"Feature","id":"town-431687","properties":{"id":"town-431687","name":"Vilanova de Prades","category":"town","municipality":"Vilanova de Prades","county":"Conca de Barberà"},"geometry":{"type":"Point","coordinates":[0.955454027,41.34804634]}},{"type":"Feature","id":"town-171959","properties":{"id":"town-171959","name":"la Tallada d'Empordà","category":"town","municipality":"la Tallada d'Empordà","county":"Baix Empordà"},"geometry":{"type":"Point","coordinates":[3.055231691,42.08060748]}},{"type":"Feature","id":"town-080431","properties":{"id":"town-080431","name":"Canyelles","category":"town","municipality":"Canyelles","county":"Garraf"},"geometry":{"type":"Point","coordinates":[1.722171016,41.28615903]}},{"type":"Feature","id":"town-082227","properties":{"id":"town-082227","name":"Sant Llorenç d'Hortons","category":"town","municipality":"Sant Llorenç d'Hortons","county":"Alt Penedès"},"geometry":{"type":"Point","coordinates":[1.824508661,41.46711499]}},{"type":"Feature","id":"town-251095","properties":{"id":"town-251095","name":"Guimerà","category":"town","municipality":"Guimerà","county":"Urgell"},"geometry":{"type":"Point","coordinates":[1.185197254,41.56430098]}},{"type":"Feature","id":"town-431042","properties":{"id":"town-431042","name":"el Perelló","category":"town","municipality":"el Perelló","county":"Baix Ebre"},"geometry":{"type":"Point","coordinates":[0.712376156,40.87548015]}},{"type":"Feature","id":"town-170157","properties":{"id":"town-170157","name":"Banyoles","category":"town","municipality":"Banyoles","county":"Pla de l'Estany"},"geometry":{"type":"Point","coordinates":[2.765370615,42.11810557]}},{"type":"Feature","id":"town-080327","properties":{"id":"town-080327","name":"Caldes d'Estrac","category":"town","municipality":"Caldes d'Estrac","county":"Maresme"},"geometry":{"type":"Point","coordinates":[2.527811321,41.5724984]}},{"type":"Feature","id":"town-171595","properties":{"id":"town-171595","name":"Sant Feliu de Buixalleu","category":"town","municipality":"Sant Feliu de Buixalleu","county":"Selva"},"geometry":{"type":"Point","coordinates":[2.607588551,41.73539007]}},{"type":"Feature","id":"town-171864","properties":{"id":"town-171864","name":"Sarrià de Ter","category":"town","municipality":"Sarrià de Ter","county":"Gironès"},"geometry":{"type":"Point","coordinates":[2.825438112,42.01847569]}},{"type":"Feature","id":"town-081786","properties":{"id":"town-081786","name":"Rajadell","category":"town","municipality":"Rajadell","county":"Bages"},"geometry":{"type":"Point","coordinates":[1.706016465,41.72804121]}},{"type":"Feature","id":"town-080462","properties":{"id":"town-080462","name":"Cardedeu","category":"town","municipality":"Cardedeu","county":"Vallès Oriental"},"geometry":{"type":"Point","coordinates":[2.355953108,41.6385282]}},{"type":"Feature","id":"town-172207","properties":{"id":"town-172207","name":"Viladrau","category":"town","municipality":"Viladrau","county":"Osona"},"geometry":{"type":"Point","coordinates":[2.389982465,41.84751635]}},{"type":"Feature","id":"town-081108","properties":{"id":"town-081108","name":"Malgrat de Mar","category":"town","municipality":"Malgrat de Mar","county":"Maresme"},"geometry":{"type":"Point","coordinates":[2.741868343,41.64616227]}},{"type":"Feature","id":"town-170388","properties":{"id":"town-170388","name":"Campllong","category":"town","municipality":"Campllong","county":"Gironès"},"geometry":{"type":"Point","coordinates":[2.830076097,41.89075607]}},{"type":"Feature","id":"town-252265","properties":{"id":"town-252265","name":"Torrebesses","category":"town","municipality":"Torrebesses","county":"Segrià"},"geometry":{"type":"Point","coordinates":[0.595093687,41.42664815]}},{"type":"Feature","id":"town-080229","properties":{"id":"town-080229","name":"Berga","category":"town","municipality":"Berga","county":"Berguedà"},"geometry":{"type":"Point","coordinates":[1.846218116,42.10436455]}},{"type":"Feature","id":"town-171637","properties":{"id":"town-171637","name":"Sant Gregori","category":"town","municipality":"Sant Gregori","county":"Gironès"},"geometry":{"type":"Point","coordinates":[2.76017203,41.99070008]}},{"type":"Feature","id":"town-080667","properties":{"id":"town-080667","name":"Castellví de Rosanes","category":"town","municipality":"Castellví de Rosanes","county":"Baix Llobregat"},"geometry":{"type":"Point","coordinates":[1.900291407,41.44878533]}},{"type":"Feature","id":"town-082541","properties":{"id":"town-082541","name":"l'Esquirol","category":"town","municipality":"l'Esquirol","county":"Osona"},"geometry":{"type":"Point","coordinates":[2.370095341,42.03482801]}},{"type":"Feature","id":"town-171931","properties":{"id":"town-171931","name":"Sils","category":"town","municipality":"Sils","county":"Selva"},"geometry":{"type":"Point","coordinates":[2.742934015,41.81082984]}},{"type":"Feature","id":"town-081173","properties":{"id":"town-081173","name":"les Masies de Voltregà","category":"town","municipality":"les Masies de Voltregà","county":"Osona"},"geometry":{"type":"Point","coordinates":[2.250337422,42.01275913]}},{"type":"Feature","id":"town-250390","properties":{"id":"town-250390","name":"Gerri de la Sal","category":"town","municipality":"Baix Pallars","county":"Pallars Sobirà"},"geometry":{"type":"Point","coordinates":[1.064277037,42.32339338]}},{"type":"Feature","id":"town-082652","properties":{"id":"town-082652","name":"Sant Vicenç de Torelló","category":"town","municipality":"Sant Vicenç de Torelló","county":"Osona"},"geometry":{"type":"Point","coordinates":[2.273774384,42.06143523]}},{"type":"Feature","id":"town-251240","properties":{"id":"town-251240","name":"Lladurs","category":"town","municipality":"Lladurs","county":"Solsonès"},"geometry":{"type":"Point","coordinates":[1.508250669,42.04466667]}},{"type":"Feature","id":"town-170502","properties":{"id":"town-170502","name":"Cervià de Ter","category":"town","municipality":"Cervià de Ter","county":"Gironès"},"geometry":{"type":"Point","coordinates":[2.909650204,42.0677124]}},{"type":"Feature","id":"town-251121","properties":{"id":"town-251121","name":"Ivars de Noguera","category":"town","municipality":"Ivars de Noguera","county":"Noguera"},"geometry":{"type":"Point","coordinates":[0.585879641,41.85017882]}},{"type":"Feature","id":"town-081252","properties":{"id":"town-081252","name":"Montcada","category":"town","municipality":"Montcada i Reixac","county":"Vallès Occidental"},"geometry":{"type":"Point","coordinates":[2.18799215,41.48660514]}},{"type":"Feature","id":"town-170123","properties":{"id":"town-170123","name":"Avinyonet de Puigventós","category":"town","municipality":"Avinyonet de Puigventós","county":"Alt Empordà"},"geometry":{"type":"Point","coordinates":[2.914701715,42.24953483]}},{"type":"Feature","id":"town-081825","properties":{"id":"town-081825","name":"el Pont de Vilomara","category":"town","municipality":"el Pont de Vilomara i Rocafort","county":"Bages"},"geometry":{"type":"Point","coordinates":[1.870647966,41.69996822]}},{"type":"Feature","id":"town-430017","properties":{"id":"town-430017","name":"Santes Creus","category":"town","municipality":"Aiguamúrcia","county":"Alt Camp"},"geometry":{"type":"Point","coordinates":[1.363265165,41.34647073]}},{"type":"Feature","id":"town-080713","properties":{"id":"town-080713","name":"Copons","category":"town","municipality":"Copons","county":"Anoia"},"geometry":{"type":"Point","coordinates":[1.518707744,41.63711085]}},{"type":"Feature","id":"town-082634","properties":{"id":"town-082634","name":"Sant Vicenç dels Horts","category":"town","municipality":"Sant Vicenç dels Horts","county":"Baix Llobregat"},"geometry":{"type":"Point","coordinates":[2.009983041,41.3933921]}},{"type":"Feature","id":"town-430666","properties":{"id":"town-430666","name":"els Garidells","category":"town","municipality":"els Garidells","county":"Alt Camp"},"geometry":{"type":"Point","coordinates":[1.246729151,41.20736643]}},{"type":"Feature","id":"town-171169","properties":{"id":"town-171169","name":"Osor","category":"town","municipality":"Osor","county":"Selva"},"geometry":{"type":"Point","coordinates":[2.55748816,41.94547022]}},{"type":"Feature","id":"town-259097","properties":{"id":"town-259097","name":"Sorribes de la Vansa","category":"town","municipality":"la Vansa i Fórnols","county":"Alt Urgell"},"geometry":{"type":"Point","coordinates":[1.480406563,42.23358473]}},{"type":"Feature","id":"town-250215","properties":{"id":"town-250215","name":"Almenar","category":"town","municipality":"Almenar","county":"Segrià"},"geometry":{"type":"Point","coordinates":[0.567895095,41.797844]}},{"type":"Feature","id":"town-431359","properties":{"id":"town-431359","name":"Salomó","category":"town","municipality":"Salomó","county":"Tarragonès"},"geometry":{"type":"Point","coordinates":[1.374588576,41.22942496]}},{"type":"Feature","id":"town-171058","properties":{"id":"town-171058","name":"Mieres","category":"town","municipality":"Mieres","county":"Garrotxa"},"geometry":{"type":"Point","coordinates":[2.638125319,42.12305622]}},{"type":"Feature","id":"town-250463","properties":{"id":"town-250463","name":"Belianes","category":"town","municipality":"Belianes","county":"Urgell"},"geometry":{"type":"Point","coordinates":[1.017511477,41.56172812]}},{"type":"Feature","id":"town-171450","properties":{"id":"town-171450","name":"Ribes de Freser","category":"town","municipality":"Ribes de Freser","county":"Ripollès"},"geometry":{"type":"Point","coordinates":[2.167638307,42.30616631]}},{"type":"Feature","id":"town-080850","properties":{"id":"town-080850","name":"Guardiola de Font-rubí","category":"town","municipality":"Font-rubí","county":"Alt Penedès"},"geometry":{"type":"Point","coordinates":[1.651764519,41.41421386]}},{"type":"Feature","id":"town-170656","properties":{"id":"town-170656","name":"Esponellà","category":"town","municipality":"Esponellà","county":"Pla de l'Estany"},"geometry":{"type":"Point","coordinates":[2.795073253,42.17893414]}},{"type":"Feature","id":"town-431286","properties":{"id":"town-431286","name":"Riudecols","category":"town","municipality":"Riudecols","county":"Baix Camp"},"geometry":{"type":"Point","coordinates":[0.976047452,41.16851499]}},{"type":"Feature","id":"town-080594","properties":{"id":"town-080594","name":"Castellfollit del Boix","category":"town","municipality":"Castellfollit del Boix","county":"Bages"},"geometry":{"type":"Point","coordinates":[1.683674881,41.66675844]}},{"type":"Feature","id":"town-081770","properties":{"id":"town-081770","name":"la Quar","category":"town","municipality":"la Quar","county":"Berguedà"},"geometry":{"type":"Point","coordinates":[1.9616501,42.08101613]}},{"type":"Feature","id":"town-172076","properties":{"id":"town-172076","name":"Sant Esteve d'en Bas","category":"town","municipality":"la Vall d'en Bas","county":"Garrotxa"},"geometry":{"type":"Point","coordinates":[2.459062907,42.11825566]}},{"type":"Feature","id":"town-252430","properties":{"id":"town-252430","name":"Vielha","category":"town","municipality":"Vielha e Mijaran","county":"Val d'Aran"},"geometry":{"type":"Point","coordinates":[0.795650851,42.70196997]}},{"type":"Feature","id":"town-251459","properties":{"id":"town-251459","name":"Nalec","category":"town","municipality":"Nalec","county":"Urgell"},"geometry":{"type":"Point","coordinates":[1.11516823,41.56018113]}},{"type":"Feature","id":"town-082802","properties":{"id":"town-082802","name":"Tavertet","category":"town","municipality":"Tavertet","county":"Osona"},"geometry":{"type":"Point","coordinates":[2.419269161,41.99572974]}},{"type":"Feature","id":"town-251272","properties":{"id":"town-251272","name":"Lles de Cerdanya","category":"town","municipality":"Lles de Cerdanya","county":"Cerdanya"},"geometry":{"type":"Point","coordinates":[1.687552467,42.39033693]}},{"type":"Feature","id":"town-251517","properties":{"id":"town-251517","name":"el Pi de Sant Just","category":"town","municipality":"Olius","county":"Solsonès"},"geometry":{"type":"Point","coordinates":[1.555208806,41.97752823]}},{"type":"Feature","id":"town-431303","properties":{"id":"town-431303","name":"Rocafort de Queralt","category":"town","municipality":"Rocafort de Queralt","county":"Conca de Barberà"},"geometry":{"type":"Point","coordinates":[1.281495138,41.47803104]}},{"type":"Feature","id":"town-431401","properties":{"id":"town-431401","name":"Santa Oliva","category":"town","municipality":"Santa Oliva","county":"Baix Penedès"},"geometry":{"type":"Point","coordinates":[1.55069958,41.25311797]}},{"type":"Feature","id":"town-080977","properties":{"id":"town-080977","name":"Gualba","category":"town","municipality":"Gualba","county":"Vallès Oriental"},"geometry":{"type":"Point","coordinates":[2.501889753,41.73155161]}},{"type":"Feature","id":"town-082917","properties":{"id":"town-082917","name":"Vacarisses","category":"town","municipality":"Vacarisses","county":"Vallès Occidental"},"geometry":{"type":"Point","coordinates":[1.917909239,41.60722834]}},{"type":"Feature","id":"town-081038","properties":{"id":"town-081038","name":"Jorba","category":"town","municipality":"Jorba","county":"Anoia"},"geometry":{"type":"Point","coordinates":[1.54743913,41.60189937]}},{"type":"Feature","id":"town-259118","properties":{"id":"town-259118","name":"les Pallargues","category":"town","municipality":"els Plans de Sió","county":"Segarra"},"geometry":{"type":"Point","coordinates":[1.19717837,41.76205895]}},{"type":"Feature","id":"town-171306","properties":{"id":"town-171306","name":"la Pera","category":"town","municipality":"la Pera","county":"Baix Empordà"},"geometry":{"type":"Point","coordinates":[2.973314569,42.02041258]}},{"type":"Feature","id":"town-082824","properties":{"id":"town-082824","name":"Tiana","category":"town","municipality":"Tiana","county":"Maresme"},"geometry":{"type":"Point","coordinates":[2.268902679,41.48189047]}},{"type":"Feature","id":"town-430234","properties":{"id":"town-430234","name":"Bellmunt del Priorat","category":"town","municipality":"Bellmunt del Priorat","county":"Priorat"},"geometry":{"type":"Point","coordinates":[0.766749088,41.16525256]}},{"type":"Feature","id":"town-431227","properties":{"id":"town-431227","name":"Renau","category":"town","municipality":"Renau","county":"Tarragonès"},"geometry":{"type":"Point","coordinates":[1.311192711,41.2247584]}},{"type":"Feature","id":"town-080898","properties":{"id":"town-080898","name":"Gavà","category":"town","municipality":"Gavà","county":"Baix Llobregat"},"geometry":{"type":"Point","coordinates":[2.003335671,41.30315785]}},{"type":"Feature","id":"town-431191","properties":{"id":"town-431191","name":"Puigpelat","category":"town","municipality":"Puigpelat","county":"Alt Camp"},"geometry":{"type":"Point","coordinates":[1.296914752,41.27988736]}},{"type":"Feature","id":"town-080253","properties":{"id":"town-080253","name":"el Bruc","category":"town","municipality":"el Bruc","county":"Anoia"},"geometry":{"type":"Point","coordinates":[1.784022875,41.57762008]}},{"type":"Feature","id":"town-171946","properties":{"id":"town-171946","name":"Sant Martí Sacalm","category":"town","municipality":"Susqueda","county":"Selva"},"geometry":{"type":"Point","coordinates":[2.546977827,42.014545]}},{"type":"Feature","id":"town-170470","properties":{"id":"town-170470","name":"Castelló d'Empúries","category":"town","municipality":"Castelló d'Empúries","county":"Alt Empordà"},"geometry":{"type":"Point","coordinates":[3.074434461,42.25832371]}},{"type":"Feature","id":"town-082362","properties":{"id":"town-082362","name":"Sant Quintí de Mediona","category":"town","municipality":"Sant Quintí de Mediona","county":"Alt Penedès"},"geometry":{"type":"Point","coordinates":[1.662971905,41.46218118]}},{"type":"Feature","id":"town-081803","properties":{"id":"town-081803","name":"Ripollet","category":"town","municipality":"Ripollet","county":"Vallès Occidental"},"geometry":{"type":"Point","coordinates":[2.155081583,41.49710519]}},{"type":"Feature","id":"town-250426","properties":{"id":"town-250426","name":"Gualter","category":"town","municipality":"la Baronia de Rialb","county":"Noguera"},"geometry":{"type":"Point","coordinates":[1.196218307,41.93238493]}},{"type":"Feature","id":"town-081424","properties":{"id":"town-081424","name":"la Nou de Berguedà","category":"town","municipality":"la Nou de Berguedà","county":"Berguedà"},"geometry":{"type":"Point","coordinates":[1.8848739,42.16576059]}},{"type":"Feature","id":"town-172018","properties":{"id":"town-172018","name":"Toses","category":"town","municipality":"Toses","county":"Ripollès"},"geometry":{"type":"Point","coordinates":[2.016986439,42.32164368]}},{"type":"Feature","id":"town-179032","properties":{"id":"town-179032","name":"Bonmatí","category":"town","municipality":"Sant Julià del Llor i Bonmatí","county":"Selva"},"geometry":{"type":"Point","coordinates":[2.664109899,41.97041015]}},{"type":"Feature","id":"town-431009","properties":{"id":"town-431009","name":"els Pallaresos","category":"town","municipality":"els Pallaresos","county":"Tarragonès"},"geometry":{"type":"Point","coordinates":[1.26952816,41.17517029]}},{"type":"Feature","id":"town-250313","properties":{"id":"town-250313","name":"Arres de Jos","category":"town","municipality":"Arres","county":"Val d'Aran"},"geometry":{"type":"Point","coordinates":[0.71138294,42.75490068]}},{"type":"Feature","id":"town-170558","properties":{"id":"town-170558","name":"Colomers","category":"town","municipality":"Colomers","county":"Baix Empordà"},"geometry":{"type":"Point","coordinates":[2.987594776,42.08417207]}},{"type":"Feature","id":"town-170561","properties":{"id":"town-170561","name":"Cornellà del Terri","category":"town","municipality":"Cornellà del Terri","county":"Pla de l'Estany"},"geometry":{"type":"Point","coordinates":[2.816020886,42.09002599]}},{"type":"Feature","id":"town-172174","properties":{"id":"town-172174","name":"Viladamat","category":"town","municipality":"Viladamat","county":"Alt Empordà"},"geometry":{"type":"Point","coordinates":[3.074770992,42.13345727]}},{"type":"Feature","id":"town-252483","properties":{"id":"town-252483","name":"Vilanova de Bellpuig","category":"town","municipality":"Vilanova de Bellpuig","county":"Pla d'Urgell"},"geometry":{"type":"Point","coordinates":[0.96076488,41.61475992]}},{"type":"Feature","id":"town-431444","properties":{"id":"town-431444","name":"la Secuita","category":"town","municipality":"la Secuita","county":"Tarragonès"},"geometry":{"type":"Point","coordinates":[1.279593598,41.20464645]}},{"type":"Feature","id":"town-431779","properties":{"id":"town-431779","name":"Vinebre","category":"town","municipality":"Vinebre","county":"Ribera d'Ebre"},"geometry":{"type":"Point","coordinates":[0.590805719,41.18406803]}},{"type":"Feature","id":"town-082068","properties":{"id":"town-082068","name":"Sant Cugat Sesgarrigues","category":"town","municipality":"Sant Cugat Sesgarrigues","county":"Alt Penedès"},"geometry":{"type":"Point","coordinates":[1.752830001,41.36437236]}},{"type":"Feature","id":"town-430379","properties":{"id":"town-430379","name":"Calafell","category":"town","municipality":"Calafell","county":"Baix Penedès"},"geometry":{"type":"Point","coordinates":[1.568641739,41.20115852]}},{"type":"Feature","id":"town-080500","properties":{"id":"town-080500","name":"Llinars","category":"town","municipality":"Castellar del Riu","county":"Berguedà"},"geometry":{"type":"Point","coordinates":[1.804794078,42.11708061]}},{"type":"Feature","id":"town-250518","properties":{"id":"town-250518","name":"Bellver de Cerdanya","category":"town","municipality":"Bellver de Cerdanya","county":"Cerdanya"},"geometry":{"type":"Point","coordinates":[1.774353422,42.37065432]}},{"type":"Feature","id":"town-080924","properties":{"id":"town-080924","name":"Gironella","category":"town","municipality":"Gironella","county":"Berguedà"},"geometry":{"type":"Point","coordinates":[1.882829957,42.03355592]}},{"type":"Feature","id":"town-081350","properties":{"id":"town-081350","name":"Montmeló","category":"town","municipality":"Montmeló","county":"Vallès Oriental"},"geometry":{"type":"Point","coordinates":[2.248068696,41.5515773]}},{"type":"Feature","id":"town-082191","properties":{"id":"town-082191","name":"Vilassar de Mar","category":"town","municipality":"Vilassar de Mar","county":"Maresme"},"geometry":{"type":"Point","coordinates":[2.392600072,41.502293]}},{"type":"Feature","id":"town-172272","properties":{"id":"town-172272","name":"Vilamaniscle","category":"town","municipality":"Vilamaniscle","county":"Alt Empordà"},"geometry":{"type":"Point","coordinates":[3.067773732,42.37515955]}},{"type":"Feature","id":"town-082153","properties":{"id":"town-082153","name":"Sant Hipòlit de Voltregà","category":"town","municipality":"Sant Hipòlit de Voltregà","county":"Osona"},"geometry":{"type":"Point","coordinates":[2.23642223,42.01533257]}},{"type":"Feature","id":"town-081574","properties":{"id":"town-081574","name":"Pallejà","category":"town","municipality":"Pallejà","county":"Baix Llobregat"},"geometry":{"type":"Point","coordinates":[1.996614979,41.42143064]}},{"type":"Feature","id":"town-250582","properties":{"id":"town-250582","name":"les Borges Blanques","category":"town","municipality":"les Borges Blanques","county":"Garrigues"},"geometry":{"type":"Point","coordinates":[0.867716983,41.52125107]}},{"type":"Feature","id":"town-081094","properties":{"id":"town-081094","name":"Santa Eulàlia de Puig-oriol","category":"town","municipality":"Lluçà","county":"Lluçanès"},"geometry":{"type":"Point","coordinates":[2.072504134,42.06830434]}},{"type":"Feature","id":"town-431439","properties":{"id":"town-431439","name":"Savallà del Comtat","category":"town","municipality":"Savallà del Comtat","county":"Conca de Barberà"},"geometry":{"type":"Point","coordinates":[1.298932311,41.543117]}},{"type":"Feature","id":"town-252271","properties":{"id":"town-252271","name":"la Torre de Capdella","category":"town","municipality":"la Torre de Cabdella","county":"Pallars Jussà"},"geometry":{"type":"Point","coordinates":[0.982531466,42.42190746]}},{"type":"Feature","id":"town-171523","properties":{"id":"town-171523","name":"Roses","category":"town","municipality":"Roses","county":"Alt Empordà"},"geometry":{"type":"Point","coordinates":[3.17788689,42.26219149]}},{"type":"Feature","id":"town-171851","properties":{"id":"town-171851","name":"Sant Joan les Fonts","category":"town","municipality":"Sant Joan les Fonts","county":"Garrotxa"},"geometry":{"type":"Point","coordinates":[2.511779666,42.21264488]}},{"type":"Feature","id":"town-250864","properties":{"id":"town-250864","name":"Esterri d'Àneu","category":"town","municipality":"Esterri d'Àneu","county":"Pallars Sobirà"},"geometry":{"type":"Point","coordinates":[1.122276439,42.62864203]}},{"type":"Feature","id":"town-252402","properties":{"id":"town-252402","name":"Vallfogona de Balaguer","category":"town","municipality":"Vallfogona de Balaguer","county":"Noguera"},"geometry":{"type":"Point","coordinates":[0.813743489,41.75246935]}},{"type":"Feature","id":"town-171925","properties":{"id":"town-171925","name":"Setcases","category":"town","municipality":"Setcases","county":"Ripollès"},"geometry":{"type":"Point","coordinates":[2.30117955,42.37537123]}},{"type":"Feature","id":"town-251403","properties":{"id":"town-251403","name":"Montferrer","category":"town","municipality":"Montferrer i Castellbò","county":"Alt Urgell"},"geometry":{"type":"Point","coordinates":[1.428255324,42.34170497]}},{"type":"Feature","id":"town-172109","properties":{"id":"town-172109","name":"Ventalló","category":"town","municipality":"Ventalló","county":"Alt Empordà"},"geometry":{"type":"Point","coordinates":[3.026876583,42.14887521]}},{"type":"Feature","id":"town-170499","properties":{"id":"town-170499","name":"Celrà","category":"town","municipality":"Celrà","county":"Gironès"},"geometry":{"type":"Point","coordinates":[2.878947284,42.02469083]}},{"type":"Feature","id":"town-081799","properties":{"id":"town-081799","name":"Rellinars","category":"town","municipality":"Rellinars","county":"Vallès Occidental"},"geometry":{"type":"Point","coordinates":[1.910811449,41.63735287]}},{"type":"Feature","id":"town-251291","properties":{"id":"town-251291","name":"Llobera","category":"town","municipality":"Llobera","county":"Solsonès"},"geometry":{"type":"Point","coordinates":[1.463082434,41.92224253]}},{"type":"Feature","id":"town-430614","properties":{"id":"town-430614","name":"Forès","category":"town","municipality":"Forès","county":"Conca de Barberà"},"geometry":{"type":"Point","coordinates":[1.238109362,41.49446126]}},{"type":"Feature","id":"town-430326","properties":{"id":"town-430326","name":"Bot","category":"town","municipality":"Bot","county":"Terra Alta"},"geometry":{"type":"Point","coordinates":[0.384818011,41.00915665]}},{"type":"Feature","id":"town-431135","properties":{"id":"town-431135","name":"el Pont d'Armentera","category":"town","municipality":"el Pont d'Armentera","county":"Alt Camp"},"geometry":{"type":"Point","coordinates":[1.362805361,41.38367447]}},{"type":"Feature","id":"town-080847","properties":{"id":"town-080847","name":"Fonollosa","category":"town","municipality":"Fonollosa","county":"Bages"},"geometry":{"type":"Point","coordinates":[1.668692236,41.76339325]}},{"type":"Feature","id":"town-082665","properties":{"id":"town-082665","name":"Cerdanyola del Vallès","category":"town","municipality":"Cerdanyola del Vallès","county":"Vallès Occidental"},"geometry":{"type":"Point","coordinates":[2.140571964,41.4913073]}},{"type":"Feature","id":"town-250030","properties":{"id":"town-250030","name":"Agramunt","category":"town","municipality":"Agramunt","county":"Urgell"},"geometry":{"type":"Point","coordinates":[1.098859253,41.78723928]}},{"type":"Feature","id":"town-250812","properties":{"id":"town-250812","name":"l'Espluga Calba","category":"town","municipality":"l'Espluga Calba","county":"Garrigues"},"geometry":{"type":"Point","coordinates":[1.003650523,41.4950131]}},{"type":"Feature","id":"town-172044","properties":{"id":"town-172044","name":"Ullà","category":"town","municipality":"Ullà","county":"Baix Empordà"},"geometry":{"type":"Point","coordinates":[3.107679315,42.05070167]}},{"type":"Feature","id":"town-081516","properties":{"id":"town-081516","name":"Oristà","category":"town","municipality":"Oristà","county":"Lluçanès"},"geometry":{"type":"Point","coordinates":[2.060736976,41.93224773]}},{"type":"Feature","id":"town-081385","properties":{"id":"town-081385","name":"Moià","category":"town","municipality":"Moià","county":"Moianès"},"geometry":{"type":"Point","coordinates":[2.097144427,41.81305607]}},{"type":"Feature","id":"town-081228","properties":{"id":"town-081228","name":"Sant Joan de Mediona","category":"town","municipality":"Mediona","county":"Alt Penedès"},"geometry":{"type":"Point","coordinates":[1.611263745,41.47748045]}},{"type":"Feature","id":"town-251636","properties":{"id":"town-251636","name":"la Coma","category":"town","municipality":"la Coma i la Pedra","county":"Solsonès"},"geometry":{"type":"Point","coordinates":[1.589748936,42.17604808]}},{"type":"Feature","id":"town-080168","properties":{"id":"town-080168","name":"Bagà","category":"town","municipality":"Bagà","county":"Berguedà"},"geometry":{"type":"Point","coordinates":[1.861926322,42.25281558]}},{"type":"Feature","id":"town-081944","properties":{"id":"town-081944","name":"Sant Adrià de Besòs","category":"town","municipality":"Sant Adrià de Besòs","county":"Barcelonès"},"geometry":{"type":"Point","coordinates":[2.218173528,41.43058547]}},{"type":"Feature","id":"town-083020","properties":{"id":"town-083020","name":"Vilanova del Camí","category":"town","municipality":"Vilanova del Camí","county":"Anoia"},"geometry":{"type":"Point","coordinates":[1.635338079,41.57194132]}},{"type":"Feature","id":"town-430385","properties":{"id":"town-430385","name":"Cambrils","category":"town","municipality":"Cambrils","county":"Baix Camp"},"geometry":{"type":"Point","coordinates":[1.051688034,41.07432746]}},{"type":"Feature","id":"town-250175","properties":{"id":"town-250175","name":"Alins","category":"town","municipality":"Alins","county":"Pallars Sobirà"},"geometry":{"type":"Point","coordinates":[1.317472691,42.54879499]}},{"type":"Feature","id":"town-171833","properties":{"id":"town-171833","name":"Sant Esteve de Llémena","category":"town","municipality":"Sant Aniol de Finestres","county":"Garrotxa"},"geometry":{"type":"Point","coordinates":[2.614794031,42.06350107]}},{"type":"Feature","id":"town-430957","properties":{"id":"town-430957","name":"el Morell","category":"town","municipality":"el Morell","county":"Tarragonès"},"geometry":{"type":"Point","coordinates":[1.208875583,41.19219179]}},{"type":"Feature","id":"town-082346","properties":{"id":"town-082346","name":"Sant Pere de Vilamajor","category":"town","municipality":"Sant Pere de Vilamajor","county":"Vallès Oriental"},"geometry":{"type":"Point","coordinates":[2.388373648,41.68414842]}},{"type":"Feature","id":"town-081461","properties":{"id":"town-081461","name":"Olesa de Bonesvalls","category":"town","municipality":"Olesa de Bonesvalls","county":"Alt Penedès"},"geometry":{"type":"Point","coordinates":[1.850525294,41.35179497]}},{"type":"Feature","id":"town-082114","properties":{"id":"town-082114","name":"Sant Feliu de Llobregat","category":"town","municipality":"Sant Feliu de Llobregat","county":"Baix Llobregat"},"geometry":{"type":"Point","coordinates":[2.045552047,41.38089988]}},{"type":"Feature","id":"town-251312","properties":{"id":"town-251312","name":"Massalcoreig","category":"town","municipality":"Massalcoreig","county":"Segrià"},"geometry":{"type":"Point","coordinates":[0.359062697,41.45916493]}},{"type":"Feature","id":"town-171390","properties":{"id":"town-171390","name":"les Preses","category":"town","municipality":"les Preses","county":"Garrotxa"},"geometry":{"type":"Point","coordinates":[2.461175183,42.14118307]}},{"type":"Feature","id":"town-080386","properties":{"id":"town-080386","name":"Callús","category":"town","municipality":"Callús","county":"Bages"},"geometry":{"type":"Point","coordinates":[1.784135265,41.78127786]}},{"type":"Feature","id":"town-171289","properties":{"id":"town-171289","name":"Pau","category":"town","municipality":"Pau","county":"Alt Empordà"},"geometry":{"type":"Point","coordinates":[3.116168969,42.31581559]}},{"type":"Feature","id":"town-431785","properties":{"id":"town-431785","name":"Vinyols","category":"town","municipality":"Vinyols i els Arcs","county":"Baix Camp"},"geometry":{"type":"Point","coordinates":[1.03947161,41.11377139]}},{"type":"Feature","id":"town-082732","properties":{"id":"town-082732","name":"Sant Pau d'Ordal","category":"town","municipality":"Subirats","county":"Alt Penedès"},"geometry":{"type":"Point","coordinates":[1.796183728,41.38350871]}},{"type":"Feature","id":"town-082135","properties":{"id":"town-082135","name":"Sant Fruitós de Bages","category":"town","municipality":"Sant Fruitós de Bages","county":"Bages"},"geometry":{"type":"Point","coordinates":[1.873697176,41.75083128]}},{"type":"Feature","id":"town-082037","properties":{"id":"town-082037","name":"Sant Cebrià de Vallalta","category":"town","municipality":"Sant Cebrià de Vallalta","county":"Maresme"},"geometry":{"type":"Point","coordinates":[2.599659686,41.61975383]}},{"type":"Feature","id":"town-431080","properties":{"id":"town-431080","name":"el Pla de Santa Maria","category":"town","municipality":"el Pla de Santa Maria","county":"Alt Camp"},"geometry":{"type":"Point","coordinates":[1.288852863,41.36562491]}},{"type":"Feature","id":"town-431704","properties":{"id":"town-431704","name":"Vila-rodona","category":"town","municipality":"Vila-rodona","county":"Alt Camp"},"geometry":{"type":"Point","coordinates":[1.358117024,41.31083706]}},{"type":"Feature","id":"town-081043","properties":{"id":"town-081043","name":"la Llacuna","category":"town","municipality":"la Llacuna","county":"Anoia"},"geometry":{"type":"Point","coordinates":[1.533788903,41.47257065]}},{"type":"Feature","id":"town-179011","properties":{"id":"town-179011","name":"Sant Sadurní de l'Heura","category":"town","municipality":"Cruïlles, Monells i Sant Sadurní de l'Heura","county":"Baix Empordà"},"geometry":{"type":"Point","coordinates":[2.990801454,41.95652847]}},{"type":"Feature","id":"town-081918","properties":{"id":"town-081918","name":"Sallent","category":"town","municipality":"Sallent","county":"Bages"},"geometry":{"type":"Point","coordinates":[1.896504192,41.82435229]}},{"type":"Feature","id":"town-080615","properties":{"id":"town-080615","name":"Castellgalí","category":"town","municipality":"Castellgalí","county":"Bages"},"geometry":{"type":"Point","coordinates":[1.839720016,41.67642196]}},{"type":"Feature","id":"town-081430","properties":{"id":"town-081430","name":"Òdena","category":"town","municipality":"Òdena","county":"Anoia"},"geometry":{"type":"Point","coordinates":[1.642396633,41.6063498]}},{"type":"Feature","id":"town-430265","properties":{"id":"town-430265","name":"Benissanet","category":"town","municipality":"Benissanet","county":"Ribera d'Ebre"},"geometry":{"type":"Point","coordinates":[0.634595291,41.05670629]}},{"type":"Feature","id":"town-082819","properties":{"id":"town-082819","name":"Teià","category":"town","municipality":"Teià","county":"Maresme"},"geometry":{"type":"Point","coordinates":[2.319523126,41.49963426]}},{"type":"Feature","id":"town-171827","properties":{"id":"town-171827","name":"Santa Llogaia d'Àlguema","category":"town","municipality":"Santa Llogaia d'Àlguema","county":"Alt Empordà"},"geometry":{"type":"Point","coordinates":[2.952019792,42.23332858]}},{"type":"Feature","id":"town-171463","properties":{"id":"town-171463","name":"Can Salvà","category":"town","municipality":"Riells i Viabrea","county":"Selva"},"geometry":{"type":"Point","coordinates":[2.558162486,41.72520182]}},{"type":"Feature","id":"town-171194","properties":{"id":"town-171194","name":"Santa Eulàlia","category":"town","municipality":"Palau de Santa Eulàlia","county":"Alt Empordà"},"geometry":{"type":"Point","coordinates":[2.964613902,42.17331099]}},{"type":"Feature","id":"town-172327","properties":{"id":"town-172327","name":"Vilopriu","category":"town","municipality":"Vilopriu","county":"Baix Empordà"},"geometry":{"type":"Point","coordinates":[2.992002681,42.10419864]}},{"type":"Feature","id":"town-251057","properties":{"id":"town-251057","name":"Granyena de les Garrigues","category":"town","municipality":"Granyena de les Garrigues","county":"Garrigues"},"geometry":{"type":"Point","coordinates":[0.649206595,41.43284446]}},{"type":"Feature","id":"town-430290","properties":{"id":"town-430290","name":"Blancafort","category":"town","municipality":"Blancafort","county":"Conca de Barberà"},"geometry":{"type":"Point","coordinates":[1.15925662,41.43785849]}},{"type":"Feature","id":"town-430712","properties":{"id":"town-430712","name":"Horta de Sant Joan","category":"town","municipality":"Horta de Sant Joan","county":"Terra Alta"},"geometry":{"type":"Point","coordinates":[0.316800183,40.95390522]}},{"type":"Feature","id":"town-082554","properties":{"id":"town-082554","name":"Santa Maria de Merlès","category":"town","municipality":"Santa Maria de Merlès","county":"Berguedà"},"geometry":{"type":"Point","coordinates":[1.978037719,42.00101566]}},{"type":"Feature","id":"town-251689","properties":{"id":"town-251689","name":"el Poal","category":"town","municipality":"el Poal","county":"Pla d'Urgell"},"geometry":{"type":"Point","coordinates":[0.856747415,41.67816923]}},{"type":"Feature","id":"town-081265","properties":{"id":"town-081265","name":"Montgat","category":"town","municipality":"Montgat","county":"Maresme"},"geometry":{"type":"Point","coordinates":[2.279058431,41.46660361]}},{"type":"Feature","id":"town-082845","properties":{"id":"town-082845","name":"Tordera","category":"town","municipality":"Tordera","county":"Maresme"},"geometry":{"type":"Point","coordinates":[2.718241819,41.70160253]}},{"type":"Feature","id":"town-252311","properties":{"id":"town-252311","name":"Torrelameu","category":"town","municipality":"Torrelameu","county":"Noguera"},"geometry":{"type":"Point","coordinates":[0.702082985,41.70469051]}},{"type":"Feature","id":"town-080575","properties":{"id":"town-080575","name":"Castell de l'Areny","category":"town","municipality":"Castell de l'Areny","county":"Berguedà"},"geometry":{"type":"Point","coordinates":[1.945378653,42.17318734]}},{"type":"Feature","id":"town-170314","properties":{"id":"town-170314","name":"Cabanelles","category":"town","municipality":"Cabanelles","county":"Alt Empordà"},"geometry":{"type":"Point","coordinates":[2.819698027,42.23084785]}},{"type":"Feature","id":"town-082671","properties":{"id":"town-082671","name":"Sentmenat","category":"town","municipality":"Sentmenat","county":"Vallès Occidental"},"geometry":{"type":"Point","coordinates":[2.135427871,41.60866493]}},{"type":"Feature","id":"town-430136","properties":{"id":"town-430136","name":"l'Ametlla de Mar","category":"town","municipality":"l'Ametlla de Mar","county":"Baix Ebre"},"geometry":{"type":"Point","coordinates":[0.803165906,40.88395787]}},{"type":"Feature","id":"town-171241","properties":{"id":"town-171241","name":"Pals","category":"town","municipality":"Pals","county":"Baix Empordà"},"geometry":{"type":"Point","coordinates":[3.144940997,41.97099257]}},{"type":"Feature","id":"town-082286","properties":{"id":"town-082286","name":"Sant Martí Sesgueioles","category":"town","municipality":"Sant Martí Sesgueioles","county":"Anoia"},"geometry":{"type":"Point","coordinates":[1.488299494,41.70230578]}},{"type":"Feature","id":"town-431093","properties":{"id":"town-431093","name":"la Pobla de Mafumet","category":"town","municipality":"la Pobla de Mafumet","county":"Tarragonès"},"geometry":{"type":"Point","coordinates":[1.209706004,41.18757797]}},{"type":"Feature","id":"town-081691","properties":{"id":"town-081691","name":"el Prat de Llobregat","category":"town","municipality":"el Prat de Llobregat","county":"Baix Llobregat"},"geometry":{"type":"Point","coordinates":[2.093103274,41.33051297]}},{"type":"Feature","id":"town-431573","properties":{"id":"town-431573","name":"Ulldemolins","category":"town","municipality":"Ulldemolins","county":"Priorat"},"geometry":{"type":"Point","coordinates":[0.876395017,41.32259103]}},{"type":"Feature","id":"town-439023","properties":{"id":"town-439023","name":"Sant Jaume d'Enveja","category":"town","municipality":"Sant Jaume d'Enveja","county":"Montsià"},"geometry":{"type":"Point","coordinates":[0.719470283,40.70705096]}},{"type":"Feature","id":"town-080095","properties":{"id":"town-080095","name":"Argentona","category":"town","municipality":"Argentona","county":"Maresme"},"geometry":{"type":"Point","coordinates":[2.400663981,41.55472727]}},{"type":"Feature","id":"town-081859","properties":{"id":"town-081859","name":"Rubió","category":"town","municipality":"Rubió","county":"Anoia"},"geometry":{"type":"Point","coordinates":[1.569969141,41.64445396]}},{"type":"Feature","id":"town-080811","properties":{"id":"town-080811","name":"Mosqueroles","category":"town","municipality":"Fogars de Montclús","county":"Vallès Oriental"},"geometry":{"type":"Point","coordinates":[2.443172895,41.72792023]}},{"type":"Feature","id":"town-430038","properties":{"id":"town-430038","name":"l'Albiol","category":"town","municipality":"l'Albiol","county":"Baix Camp"},"geometry":{"type":"Point","coordinates":[1.089126795,41.25205056]}},{"type":"Feature","id":"town-082956","properties":{"id":"town-082956","name":"Vallirana","category":"town","municipality":"Vallirana","county":"Baix Llobregat"},"geometry":{"type":"Point","coordinates":[1.931888806,41.38800715]}},{"type":"Feature","id":"town-082233","properties":{"id":"town-082233","name":"Sant Llorenç Savall","category":"town","municipality":"Sant Llorenç Savall","county":"Vallès Occidental"},"geometry":{"type":"Point","coordinates":[2.058309974,41.67872541]}},{"type":"Feature","id":"town-250899","properties":{"id":"town-250899","name":"Burg","category":"town","municipality":"Farrera","county":"Pallars Sobirà"},"geometry":{"type":"Point","coordinates":[1.273561963,42.50371096]}},{"type":"Feature","id":"town-080288","properties":{"id":"town-080288","name":"Canaletes","category":"town","municipality":"Cabrera d'Anoia","county":"Anoia"},"geometry":{"type":"Point","coordinates":[1.70390571,41.47780316]}},{"type":"Feature","id":"town-082248","properties":{"id":"town-082248","name":"Sant Martí de Centelles","category":"town","municipality":"Sant Martí de Centelles","county":"Osona"},"geometry":{"type":"Point","coordinates":[2.204582558,41.76562438]}},{"type":"Feature","id":"town-082981","properties":{"id":"town-082981","name":"Vic","category":"town","municipality":"Vic","county":"Osona"},"geometry":{"type":"Point","coordinates":[2.254339978,41.93049048]}},{"type":"Feature","id":"town-081154","properties":{"id":"town-081154","name":"Martorelles","category":"town","municipality":"Martorelles","county":"Vallès Oriental"},"geometry":{"type":"Point","coordinates":[2.243262968,41.52552477]}},{"type":"Feature","id":"town-250450","properties":{"id":"town-250450","name":"Bausen","category":"town","municipality":"Bausen","county":"Val d'Aran"},"geometry":{"type":"Point","coordinates":[0.716881022,42.83466984]}},{"type":"Feature","id":"town-259123","properties":{"id":"town-259123","name":"Gimenells","category":"town","municipality":"Gimenells i el Pla de la Font","county":"Segrià"},"geometry":{"type":"Point","coordinates":[0.38953973,41.65232145]}},{"type":"Feature","id":"town-082439","properties":{"id":"town-082439","name":"Santa Cecília de Voltregà","category":"town","municipality":"Santa Cecília de Voltregà","county":"Osona"},"geometry":{"type":"Point","coordinates":[2.222286785,41.99314225]}},{"type":"Feature","id":"town-081136","properties":{"id":"town-081136","name":"Manresa","category":"town","municipality":"Manresa","county":"Bages"},"geometry":{"type":"Point","coordinates":[1.826997476,41.72326357]}},{"type":"Feature","id":"town-430537","properties":{"id":"town-430537","name":"Duesaigües","category":"town","municipality":"Duesaigües","county":"Baix Camp"},"geometry":{"type":"Point","coordinates":[0.930800358,41.14611309]}},{"type":"Feature","id":"town-430629","properties":{"id":"town-430629","name":"Freginals","category":"town","municipality":"Freginals","county":"Montsià"},"geometry":{"type":"Point","coordinates":[0.520036336,40.67172662]}},{"type":"Feature","id":"town-439060","properties":{"id":"town-439060","name":"l'Ampolla","category":"town","municipality":"l'Ampolla","county":"Baix Ebre"},"geometry":{"type":"Point","coordinates":[0.710140873,40.81225126]}},{"type":"Feature","id":"town-250328","properties":{"id":"town-250328","name":"Arsèguel","category":"town","municipality":"Arsèguel","county":"Alt Urgell"},"geometry":{"type":"Point","coordinates":[1.582630187,42.35019415]}},{"type":"Feature","id":"town-080517","properties":{"id":"town-080517","name":"Castellar del Vallès","category":"town","municipality":"Castellar del Vallès","county":"Vallès Occidental"},"geometry":{"type":"Point","coordinates":[2.087229617,41.61726822]}},{"type":"Feature","id":"town-082107","properties":{"id":"town-082107","name":"Sant Feliu de Codines","category":"town","municipality":"Sant Feliu de Codines","county":"Vallès Oriental"},"geometry":{"type":"Point","coordinates":[2.164079984,41.68884482]}},{"type":"Feature","id":"town-439076","properties":{"id":"town-439076","name":"la Canonja","category":"town","municipality":"la Canonja","county":"Tarragonès"},"geometry":{"type":"Point","coordinates":[1.179098666,41.12341376]}},{"type":"Feature","id":"town-082726","properties":{"id":"town-082726","name":"Sora","category":"town","municipality":"Sora","county":"Osona"},"geometry":{"type":"Point","coordinates":[2.160576058,42.1125243]}},{"type":"Feature","id":"town-430398","properties":{"id":"town-430398","name":"Capafonts","category":"town","municipality":"Capafonts","county":"Baix Camp"},"geometry":{"type":"Point","coordinates":[1.027527497,41.2949715]}},{"type":"Feature","id":"town-080930","properties":{"id":"town-080930","name":"Gisclareny","category":"town","municipality":"Gisclareny","county":"Berguedà"},"geometry":{"type":"Point","coordinates":[1.786712961,42.24992145]}},{"type":"Feature","id":"town-251370","properties":{"id":"town-251370","name":"Mollerussa","category":"town","municipality":"Mollerussa","county":"Pla d'Urgell"},"geometry":{"type":"Point","coordinates":[0.893696867,41.62983521]}},{"type":"Feature","id":"town-250096","properties":{"id":"town-250096","name":"l'Albi","category":"town","municipality":"l'Albi","county":"Garrigues"},"geometry":{"type":"Point","coordinates":[0.936579849,41.42289588]}},{"type":"Feature","id":"town-251765","properties":{"id":"town-251765","name":"Preixana","category":"town","municipality":"Preixana","county":"Urgell"},"geometry":{"type":"Point","coordinates":[1.037644841,41.60778066]}},{"type":"Feature","id":"town-251180","properties":{"id":"town-251180","name":"Juncosa","category":"town","municipality":"Juncosa","county":"Garrigues"},"geometry":{"type":"Point","coordinates":[0.775369774,41.37156183]}},{"type":"Feature","id":"town-171766","properties":{"id":"town-171766","name":"Sant Mori","category":"town","municipality":"Sant Mori","county":"Alt Empordà"},"geometry":{"type":"Point","coordinates":[2.990767175,42.15377593]}},{"type":"Feature","id":"town-171156","properties":{"id":"town-171156","name":"Ordis","category":"town","municipality":"Ordis","county":"Alt Empordà"},"geometry":{"type":"Point","coordinates":[2.90674003,42.21861666]}},{"type":"Feature","id":"town-171978","properties":{"id":"town-171978","name":"Torrent","category":"town","municipality":"Torrent","county":"Baix Empordà"},"geometry":{"type":"Point","coordinates":[3.127693016,41.95201087]}},{"type":"Feature","id":"town-251425","properties":{"id":"town-251425","name":"Montoliu de Lleida","category":"town","municipality":"Montoliu de Lleida","county":"Segrià"},"geometry":{"type":"Point","coordinates":[0.58890293,41.56056712]}},{"type":"Feature","id":"town-430304","properties":{"id":"town-430304","name":"Bonastre","category":"town","municipality":"Bonastre","county":"Baix Penedès"},"geometry":{"type":"Point","coordinates":[1.439895627,41.22080971]}},{"type":"Feature","id":"town-080958","properties":{"id":"town-080958","name":"Granera","category":"town","municipality":"Granera","county":"Moianès"},"geometry":{"type":"Point","coordinates":[2.056667057,41.72544093]}},{"type":"Feature","id":"town-081379","properties":{"id":"town-081379","name":"Montseny","category":"town","municipality":"Montseny","county":"Vallès Oriental"},"geometry":{"type":"Point","coordinates":[2.394910036,41.75915817]}},{"type":"Feature","id":"town-251749","properties":{"id":"town-251749","name":"la Portella","category":"town","municipality":"la Portella","county":"Segrià"},"geometry":{"type":"Point","coordinates":[0.639320944,41.73988949]}},{"type":"Feature","id":"town-252189","properties":{"id":"town-252189","name":"Tarrés","category":"town","municipality":"Tarrés","county":"Garrigues"},"geometry":{"type":"Point","coordinates":[1.019648039,41.4225704]}},{"type":"Feature","id":"town-081022","properties":{"id":"town-081022","name":"Igualada","category":"town","municipality":"Igualada","county":"Anoia"},"geometry":{"type":"Point","coordinates":[1.617228953,41.57868135]}},{"type":"Feature","id":"town-081878","properties":{"id":"town-081878","name":"Sabadell","category":"town","municipality":"Sabadell","county":"Vallès Occidental"},"geometry":{"type":"Point","coordinates":[2.108276488,41.54622002]}},{"type":"Feature","id":"town-431068","properties":{"id":"town-431068","name":"el Pinell de Brai","category":"town","municipality":"el Pinell de Brai","county":"Terra Alta"},"geometry":{"type":"Point","coordinates":[0.51439464,41.01546909]}},{"type":"Feature","id":"town-252458","properties":{"id":"town-252458","name":"Vilaller","category":"town","municipality":"Vilaller","county":"Alta Ribagorça"},"geometry":{"type":"Point","coordinates":[0.715791498,42.47670342]}},{"type":"Feature","id":"town-250143","properties":{"id":"town-250143","name":"Alfés","category":"town","municipality":"Alfés","county":"Segrià"},"geometry":{"type":"Point","coordinates":[0.62100072,41.52161842]}},{"type":"Feature","id":"town-171812","properties":{"id":"town-171812","name":"Santa Cristina d'Aro","category":"town","municipality":"Santa Cristina d'Aro","county":"Baix Empordà"},"geometry":{"type":"Point","coordinates":[2.996348425,41.81268616]}},{"type":"Feature","id":"town-080945","properties":{"id":"town-080945","name":"la Granada","category":"town","municipality":"la Granada","county":"Alt Penedès"},"geometry":{"type":"Point","coordinates":[1.718923634,41.37841979]}},{"type":"Feature","id":"town-250674","properties":{"id":"town-250674","name":"Castelldans","category":"town","municipality":"Castelldans","county":"Garrigues"},"geometry":{"type":"Point","coordinates":[0.765323867,41.49774416]}},{"type":"Feature","id":"town-251930","properties":{"id":"town-251930","name":"Sant Llorenç de Morunys","category":"town","municipality":"Sant Llorenç de Morunys","county":"Solsonès"},"geometry":{"type":"Point","coordinates":[1.591892963,42.13703472]}},{"type":"Feature","id":"town-081976","properties":{"id":"town-081976","name":"Sant Andreu de Llavaneres","category":"town","municipality":"Sant Andreu de Llavaneres","county":"Maresme"},"geometry":{"type":"Point","coordinates":[2.483267663,41.5744215]}},{"type":"Feature","id":"town-431251","properties":{"id":"town-431251","name":"Riba-roja d'Ebre","category":"town","municipality":"Riba-roja d'Ebre","county":"Ribera d'Ebre"},"geometry":{"type":"Point","coordinates":[0.487612602,41.25070535]}},{"type":"Feature","id":"town-080312","properties":{"id":"town-080312","name":"Calaf","category":"town","municipality":"Calaf","county":"Anoia"},"geometry":{"type":"Point","coordinates":[1.510944003,41.73401913]}},{"type":"Feature","id":"town-171426","properties":{"id":"town-171426","name":"Quart","category":"town","municipality":"Quart","county":"Gironès"},"geometry":{"type":"Point","coordinates":[2.839871945,41.93979289]}},{"type":"Feature","id":"town-082922","properties":{"id":"town-082922","name":"Vallbona d'Anoia","category":"town","municipality":"Vallbona d'Anoia","county":"Anoia"},"geometry":{"type":"Point","coordinates":[1.70767214,41.51872664]}},{"type":"Feature","id":"town-250058","properties":{"id":"town-250058","name":"Alàs","category":"town","municipality":"Alàs i Cerc","county":"Alt Urgell"},"geometry":{"type":"Point","coordinates":[1.508278479,42.35140371]}},{"type":"Feature","id":"town-082378","properties":{"id":"town-082378","name":"Sant Quirze de Besora","category":"town","municipality":"Sant Quirze de Besora","county":"Osona"},"geometry":{"type":"Point","coordinates":[2.222831485,42.10015944]}},{"type":"Feature","id":"town-250365","properties":{"id":"town-250365","name":"Aspa","category":"town","municipality":"Aspa","county":"Segrià"},"geometry":{"type":"Point","coordinates":[0.672325006,41.49559161]}},{"type":"Feature","id":"town-170405","properties":{"id":"town-170405","name":"Canet d'Adri","category":"town","municipality":"Canet d'Adri","county":"Gironès"},"geometry":{"type":"Point","coordinates":[2.737025253,42.03342444]}},{"type":"Feature","id":"town-170932","properties":{"id":"town-170932","name":"Llers","category":"town","municipality":"Llers","county":"Alt Empordà"},"geometry":{"type":"Point","coordinates":[2.912353205,42.29540888]}},{"type":"Feature","id":"town-430635","properties":{"id":"town-430635","name":"la Galera","category":"town","municipality":"la Galera","county":"Montsià"},"geometry":{"type":"Point","coordinates":[0.463373507,40.68163899]}},{"type":"Feature","id":"town-081287","properties":{"id":"town-081287","name":"Monistrol de Calders","category":"town","municipality":"Monistrol de Calders","county":"Moianès"},"geometry":{"type":"Point","coordinates":[2.013870057,41.75984801]}},{"type":"Feature","id":"town-251728","properties":{"id":"town-251728","name":"Ponts","category":"town","municipality":"Ponts","county":"Noguera"},"geometry":{"type":"Point","coordinates":[1.18619719,41.91567944]}},{"type":"Feature","id":"town-081751","properties":{"id":"town-081751","name":"Puig-reig","category":"town","municipality":"Puig-reig","county":"Berguedà"},"geometry":{"type":"Point","coordinates":[1.878837767,41.97473919]}},{"type":"Feature","id":"town-431248","properties":{"id":"town-431248","name":"la Riba","category":"town","municipality":"la Riba","county":"Alt Camp"},"geometry":{"type":"Point","coordinates":[1.178031912,41.31825095]}},{"type":"Feature","id":"town-430350","properties":{"id":"town-430350","name":"Cabacés","category":"town","municipality":"Cabacés","county":"Priorat"},"geometry":{"type":"Point","coordinates":[0.733648623,41.24744466]}},{"type":"Feature","id":"town-171143","properties":{"id":"town-171143","name":"Olot","category":"town","municipality":"Olot","county":"Garrotxa"},"geometry":{"type":"Point","coordinates":[2.489740859,42.18257737]}},{"type":"Feature","id":"town-080044","properties":{"id":"town-080044","name":"Alpens","category":"town","municipality":"Alpens","county":"Lluçanès"},"geometry":{"type":"Point","coordinates":[2.101272672,42.11932091]}},{"type":"Feature","id":"town-431613","properties":{"id":"town-431613","name":"Valls","category":"town","municipality":"Valls","county":"Alt Camp"},"geometry":{"type":"Point","coordinates":[1.247752539,41.28417563]}},{"type":"Feature","id":"town-170144","properties":{"id":"town-170144","name":"la Vajol","category":"town","municipality":"la Vajol","county":"Alt Empordà"},"geometry":{"type":"Point","coordinates":[2.800194482,42.40380195]}},{"type":"Feature","id":"town-431541","properties":{"id":"town-431541","name":"Torroja del Priorat","category":"town","municipality":"Torroja del Priorat","county":"Priorat"},"geometry":{"type":"Point","coordinates":[0.810642279,41.21337866]}},{"type":"Feature","id":"town-080734","properties":{"id":"town-080734","name":"Cornellà de Llobregat","category":"town","municipality":"Cornellà de Llobregat","county":"Baix Llobregat"},"geometry":{"type":"Point","coordinates":[2.070534547,41.35574736]}},{"type":"Feature","id":"town-251431","properties":{"id":"town-251431","name":"Montornès de Segarra","category":"town","municipality":"Montornès de Segarra","county":"Segarra"},"geometry":{"type":"Point","coordinates":[1.229567753,41.60074469]}},{"type":"Feature","id":"town-170519","properties":{"id":"town-170519","name":"Cistella","category":"town","municipality":"Cistella","county":"Alt Empordà"},"geometry":{"type":"Point","coordinates":[2.847275069,42.26868136]}},{"type":"Feature","id":"town-171501","properties":{"id":"town-171501","name":"Riudellots de la Selva","category":"town","municipality":"Riudellots de la Selva","county":"Selva"},"geometry":{"type":"Point","coordinates":[2.803296238,41.89281813]}},{"type":"Feature","id":"town-430884","properties":{"id":"town-430884","name":"Montbrió del Camp","category":"town","municipality":"Montbrió del Camp","county":"Baix Camp"},"geometry":{"type":"Point","coordinates":[1.003519447,41.12072351]}},{"type":"Feature","id":"town-251706","properties":{"id":"town-251706","name":"Bellaguarda","category":"town","municipality":"Bellaguarda","county":"Garrigues"},"geometry":{"type":"Point","coordinates":[0.735957765,41.33764555]}},{"type":"Feature","id":"town-251137","properties":{"id":"town-251137","name":"Ivars d'Urgell","category":"town","municipality":"Ivars d'Urgell","county":"Pla d'Urgell"},"geometry":{"type":"Point","coordinates":[0.985676464,41.68291349]}},{"type":"Feature","id":"town-081666","properties":{"id":"town-081666","name":"la Pobla de Lillet","category":"town","municipality":"la Pobla de Lillet","county":"Berguedà"},"geometry":{"type":"Point","coordinates":[1.974161588,42.2441492]}},{"type":"Feature","id":"town-082140","properties":{"id":"town-082140","name":"Vilassar de Dalt","category":"town","municipality":"Vilassar de Dalt","county":"Maresme"},"geometry":{"type":"Point","coordinates":[2.358405823,41.51720521]}},{"type":"Feature","id":"town-251654","properties":{"id":"town-251654","name":"Peramola","category":"town","municipality":"Peramola","county":"Alt Urgell"},"geometry":{"type":"Point","coordinates":[1.267801318,42.05717298]}},{"type":"Feature","id":"town-250411","properties":{"id":"town-250411","name":"Barbens","category":"town","municipality":"Barbens","county":"Pla d'Urgell"},"geometry":{"type":"Point","coordinates":[1.018357494,41.67901523]}},{"type":"Feature","id":"town-251462","properties":{"id":"town-251462","name":"Navès","category":"town","municipality":"Navès","county":"Solsonès"},"geometry":{"type":"Point","coordinates":[1.64011245,41.99079699]}},{"type":"Feature","id":"town-082080","properties":{"id":"town-082080","name":"Sant Esteve Sesrovires","category":"town","municipality":"Sant Esteve Sesrovires","county":"Baix Llobregat"},"geometry":{"type":"Point","coordinates":[1.873842327,41.49344352]}},{"type":"Feature","id":"town-171655","properties":{"id":"town-171655","name":"Sant Jaume de Llierca","category":"town","municipality":"Sant Jaume de Llierca","county":"Garrotxa"},"geometry":{"type":"Point","coordinates":[2.60858452,42.21286335]}},{"type":"Feature","id":"town-252445","properties":{"id":"town-252445","name":"Vilagrassa","category":"town","municipality":"Vilagrassa","county":"Urgell"},"geometry":{"type":"Point","coordinates":[1.10576315,41.64855772]}},{"type":"Feature","id":"town-171236","properties":{"id":"town-171236","name":"Palol de Revardit","category":"town","municipality":"Palol de Revardit","county":"Pla de l'Estany"},"geometry":{"type":"Point","coordinates":[2.796199255,42.06988381]}},{"type":"Feature","id":"town-431188","properties":{"id":"town-431188","name":"Pratdip","category":"town","municipality":"Pratdip","county":"Baix Camp"},"geometry":{"type":"Point","coordinates":[0.870944606,41.05081868]}},{"type":"Feature","id":"town-081483","properties":{"id":"town-081483","name":"Olivella","category":"town","municipality":"Olivella","county":"Garraf"},"geometry":{"type":"Point","coordinates":[1.81099001,41.31039899]}},{"type":"Feature","id":"town-171848","properties":{"id":"town-171848","name":"Santa Pau","category":"town","municipality":"Santa Pau","county":"Garrotxa"},"geometry":{"type":"Point","coordinates":[2.57136437,42.14426939]}},{"type":"Feature","id":"town-431652","properties":{"id":"town-431652","name":"Vilabella","category":"town","municipality":"Vilabella","county":"Alt Camp"},"geometry":{"type":"Point","coordinates":[1.329941491,41.24683568]}},{"type":"Feature","id":"town-080654","properties":{"id":"town-080654","name":"la Múnia","category":"town","municipality":"Castellví de la Marca","county":"Alt Penedès"},"geometry":{"type":"Point","coordinates":[1.619221713,41.32679226]}},{"type":"Feature","id":"town-250498","properties":{"id":"town-250498","name":"Bellmunt d'Urgell","category":"town","municipality":"Bellmunt d'Urgell","county":"Noguera"},"geometry":{"type":"Point","coordinates":[0.952096614,41.77432666]}},{"type":"Feature","id":"town-259101","properties":{"id":"town-259101","name":"Tuixent","category":"town","municipality":"Josa i Tuixén","county":"Alt Urgell"},"geometry":{"type":"Point","coordinates":[1.565835825,42.23082968]}},{"type":"Feature","id":"town-171997","properties":{"id":"town-171997","name":"Torroella de Montgrí","category":"town","municipality":"Torroella de Montgrí","county":"Baix Empordà"},"geometry":{"type":"Point","coordinates":[3.126102808,42.04107057]}},{"type":"Feature","id":"town-431457","properties":{"id":"town-431457","name":"la Selva del Camp","category":"town","municipality":"la Selva del Camp","county":"Baix Camp"},"geometry":{"type":"Point","coordinates":[1.137083404,41.21534896]}},{"type":"Feature","id":"town-081727","properties":{"id":"town-081727","name":"Premià de Mar","category":"town","municipality":"Premià de Mar","county":"Maresme"},"geometry":{"type":"Point","coordinates":[2.358107443,41.49239183]}},{"type":"Feature","id":"town-082205","properties":{"id":"town-082205","name":"Sant Julià de Vilatorta","category":"town","municipality":"Sant Julià de Vilatorta","county":"Osona"},"geometry":{"type":"Point","coordinates":[2.325098974,41.92192644]}},{"type":"Feature","id":"town-252206","properties":{"id":"town-252206","name":"Térmens","category":"town","municipality":"Térmens","county":"Noguera"},"geometry":{"type":"Point","coordinates":[0.760563433,41.71746482]}},{"type":"Feature","id":"town-171215","properties":{"id":"town-171215","name":"Palau-sator","category":"town","municipality":"Palau-sator","county":"Baix Empordà"},"geometry":{"type":"Point","coordinates":[3.110515817,41.98936748]}},{"type":"Feature","id":"town-080885","properties":{"id":"town-080885","name":"la Garriga","category":"town","municipality":"la Garriga","county":"Vallès Oriental"},"geometry":{"type":"Point","coordinates":[2.285700594,41.68517517]}},{"type":"Feature","id":"town-172168","properties":{"id":"town-172168","name":"Viladasens","category":"town","municipality":"Viladasens","county":"Gironès"},"geometry":{"type":"Point","coordinates":[2.930170671,42.09572281]}},{"type":"Feature","id":"town-082495","properties":{"id":"town-082495","name":"Santa Fe del Penedès","category":"town","municipality":"Santa Fe del Penedès","county":"Alt Penedès"},"geometry":{"type":"Point","coordinates":[1.720947074,41.38454505]}},{"type":"Feature","id":"town-430115","properties":{"id":"town-430115","name":"Almoster","category":"town","municipality":"Almoster","county":"Baix Camp"},"geometry":{"type":"Point","coordinates":[1.113597785,41.19774418]}},{"type":"Feature","id":"town-250946","properties":{"id":"town-250946","name":"Foradada","category":"town","municipality":"Foradada","county":"Noguera"},"geometry":{"type":"Point","coordinates":[1.012445694,41.87677525]}},{"type":"Feature","id":"town-430069","properties":{"id":"town-430069","name":"Aldover","category":"town","municipality":"Aldover","county":"Baix Ebre"},"geometry":{"type":"Point","coordinates":[0.500058469,40.87990045]}},{"type":"Feature","id":"town-430521","properties":{"id":"town-430521","name":"Xerta","category":"town","municipality":"Xerta","county":"Baix Ebre"},"geometry":{"type":"Point","coordinates":[0.490609099,40.90643521]}},{"type":"Feature","id":"town-430516","properties":{"id":"town-430516","name":"Cunit","category":"town","municipality":"Cunit","county":"Baix Penedès"},"geometry":{"type":"Point","coordinates":[1.634466186,41.1984463]}},{"type":"Feature","id":"town-080333","properties":{"id":"town-080333","name":"Caldes de Montbui","category":"town","municipality":"Caldes de Montbui","county":"Vallès Oriental"},"geometry":{"type":"Point","coordinates":[2.162930303,41.6344595]}},{"type":"Feature","id":"town-251919","properties":{"id":"town-251919","name":"Sanaüja","category":"town","municipality":"Sanaüja","county":"Segarra"},"geometry":{"type":"Point","coordinates":[1.310801656,41.87629584]}},{"type":"Feature","id":"town-259031","properties":{"id":"town-259031","name":"la Guingueta d'Àneu","category":"town","municipality":"la Guingueta d'Àneu","county":"Pallars Sobirà"},"geometry":{"type":"Point","coordinates":[1.131331231,42.59494465]}},{"type":"Feature","id":"town-251288","properties":{"id":"town-251288","name":"Llimiana","category":"town","municipality":"Llimiana","county":"Pallars Jussà"},"geometry":{"type":"Point","coordinates":[0.916153921,42.07496634]}},{"type":"Feature","id":"town-080459","properties":{"id":"town-080459","name":"Capolat","category":"town","municipality":"Capolat","county":"Berguedà"},"geometry":{"type":"Point","coordinates":[1.753092189,42.07797169]}},{"type":"Feature","id":"town-430167","properties":{"id":"town-430167","name":"l'Arboç","category":"town","municipality":"l'Arboç","county":"Baix Penedès"},"geometry":{"type":"Point","coordinates":[1.60352186,41.26763802]}},{"type":"Feature","id":"town-170195","properties":{"id":"town-170195","name":"Besalú","category":"town","municipality":"Besalú","county":"Garrotxa"},"geometry":{"type":"Point","coordinates":[2.699512098,42.19889185]}},{"type":"Feature","id":"town-431310","properties":{"id":"town-431310","name":"Roda de Berà","category":"town","municipality":"Roda de Berà","county":"Tarragonès"},"geometry":{"type":"Point","coordinates":[1.45440035,41.18597879]}},{"type":"Feature","id":"town-171030","properties":{"id":"town-171030","name":"Maçanet de la Selva","category":"town","municipality":"Maçanet de la Selva","county":"Selva"},"geometry":{"type":"Point","coordinates":[2.730836365,41.77744856]}},{"type":"Feature","id":"town-080399","properties":{"id":"town-080399","name":"Campins","category":"town","municipality":"Campins","county":"Vallès Oriental"},"geometry":{"type":"Point","coordinates":[2.463430993,41.72464351]}},{"type":"Feature","id":"town-170274","properties":{"id":"town-170274","name":"Breda","category":"town","municipality":"Breda","county":"Selva"},"geometry":{"type":"Point","coordinates":[2.556951659,41.74853898]}},{"type":"Feature","id":"town-082401","properties":{"id":"town-082401","name":"Sant Sadurní d'Anoia","category":"town","municipality":"Sant Sadurní d'Anoia","county":"Alt Penedès"},"geometry":{"type":"Point","coordinates":[1.786538997,41.42409689]}},{"type":"Feature","id":"town-081167","properties":{"id":"town-081167","name":"les Masies de Roda","category":"town","municipality":"les Masies de Roda","county":"Osona"},"geometry":{"type":"Point","coordinates":[2.317599769,41.98979005]}},{"type":"Feature","id":"town-170524","properties":{"id":"town-170524","name":"Siurana","category":"town","municipality":"Siurana","county":"Alt Empordà"},"geometry":{"type":"Point","coordinates":[2.994110033,42.20947449]}},{"type":"Feature","id":"town-252038","properties":{"id":"town-252038","name":"la Seu d'Urgell","category":"town","municipality":"la Seu d'Urgell","county":"Alt Urgell"},"geometry":{"type":"Point","coordinates":[1.46201318,42.35816328]}},{"type":"Feature","id":"town-250122","properties":{"id":"town-250122","name":"Alcoletge","category":"town","municipality":"Alcoletge","county":"Segrià"},"geometry":{"type":"Point","coordinates":[0.694161884,41.64730417]}},{"type":"Feature","id":"town-170025","properties":{"id":"town-170025","name":"Aiguaviva","category":"town","municipality":"Aiguaviva","county":"Gironès"},"geometry":{"type":"Point","coordinates":[2.761759172,41.93831797]}},{"type":"Feature","id":"town-080121","properties":{"id":"town-080121","name":"Avinyó","category":"town","municipality":"Avinyó","county":"Bages"},"geometry":{"type":"Point","coordinates":[1.971318448,41.86375268]}},{"type":"Feature","id":"town-431418","properties":{"id":"town-431418","name":"Pontils","category":"town","municipality":"Pontils","county":"Conca de Barberà"},"geometry":{"type":"Point","coordinates":[1.387808724,41.47726612]}},{"type":"Feature","id":"town-430593","properties":{"id":"town-430593","name":"Figuerola del Camp","category":"town","municipality":"Figuerola del Camp","county":"Alt Camp"},"geometry":{"type":"Point","coordinates":[1.264965381,41.37144108]}},{"type":"Feature","id":"town-430271","properties":{"id":"town-430271","name":"la Bisbal de Falset","category":"town","municipality":"la Bisbal de Falset","county":"Priorat"},"geometry":{"type":"Point","coordinates":[0.72336181,41.28027021]}},{"type":"Feature","id":"town-080060","properties":{"id":"town-080060","name":"Arenys de Mar","category":"town","municipality":"Arenys de Mar","county":"Maresme"},"geometry":{"type":"Point","coordinates":[2.551497556,41.57938543]}},{"type":"Feature","id":"town-172288","properties":{"id":"town-172288","name":"Vilanant","category":"town","municipality":"Vilanant","county":"Alt Empordà"},"geometry":{"type":"Point","coordinates":[2.888685182,42.25459633]}},{"type":"Feature","id":"town-081056","properties":{"id":"town-081056","name":"la Llagosta","category":"town","municipality":"la Llagosta","county":"Vallès Oriental"},"geometry":{"type":"Point","coordinates":[2.192966992,41.51291664]}},{"type":"Feature","id":"town-170545","properties":{"id":"town-170545","name":"Colera","category":"town","municipality":"Colera","county":"Alt Empordà"},"geometry":{"type":"Point","coordinates":[3.150766201,42.4038487]}},{"type":"Feature","id":"town-080728","properties":{"id":"town-080728","name":"Corbera de Llobregat","category":"town","municipality":"Corbera de Llobregat","county":"Baix Llobregat"},"geometry":{"type":"Point","coordinates":[1.923042237,41.41779856]}},{"type":"Feature","id":"town-170998","properties":{"id":"town-170998","name":"Meranges","category":"town","municipality":"Meranges","county":"Cerdanya"},"geometry":{"type":"Point","coordinates":[1.786868672,42.44618451]}},{"type":"Feature","id":"town-251575","properties":{"id":"town-251575","name":"Ossó de Sió","category":"town","municipality":"Ossó de Sió","county":"Urgell"},"geometry":{"type":"Point","coordinates":[1.159434416,41.75488002]}},{"type":"Feature","id":"town-080608","properties":{"id":"town-080608","name":"Castellfollit de Riubregós","category":"town","municipality":"Castellfollit de Riubregós","county":"Anoia"},"geometry":{"type":"Point","coordinates":[1.438227878,41.77617437]}},{"type":"Feature","id":"town-082055","properties":{"id":"town-082055","name":"Sant Cugat del Vallès","category":"town","municipality":"Sant Cugat del Vallès","county":"Vallès Occidental"},"geometry":{"type":"Point","coordinates":[2.084930177,41.47080524]}},{"type":"Feature","id":"town-252521","properties":{"id":"town-252521","name":"Vila-sana","category":"town","municipality":"Vila-sana","county":"Pla d'Urgell"},"geometry":{"type":"Point","coordinates":[0.927562392,41.6632981]}},{"type":"Feature","id":"town-250254","properties":{"id":"town-250254","name":"Salardú","category":"town","municipality":"Naut Aran","county":"Val d'Aran"},"geometry":{"type":"Point","coordinates":[0.901170239,42.70671213]}},{"type":"Feature","id":"town-431423","properties":{"id":"town-431423","name":"Sarral","category":"town","municipality":"Sarral","county":"Conca de Barberà"},"geometry":{"type":"Point","coordinates":[1.248578906,41.44460276]}},{"type":"Feature","id":"town-250827","properties":{"id":"town-250827","name":"Espot","category":"town","municipality":"Espot","county":"Pallars Sobirà"},"geometry":{"type":"Point","coordinates":[1.088960845,42.57581977]}},{"type":"Feature","id":"town-251253","properties":{"id":"town-251253","name":"Llardecans","category":"town","municipality":"Llardecans","county":"Segrià"},"geometry":{"type":"Point","coordinates":[0.550051577,41.37403299]}},{"type":"Feature","id":"town-172180","properties":{"id":"town-172180","name":"Vilademuls","category":"town","municipality":"Vilademuls","county":"Pla de l'Estany"},"geometry":{"type":"Point","coordinates":[2.887874229,42.13868986]}},{"type":"Feature","id":"town-431536","properties":{"id":"town-431536","name":"Torredembarra","category":"town","municipality":"Torredembarra","county":"Tarragonès"},"geometry":{"type":"Point","coordinates":[1.395631328,41.14566163]}},{"type":"Feature","id":"town-171642","properties":{"id":"town-171642","name":"Sant Hilari Sacalm","category":"town","municipality":"Sant Hilari Sacalm","county":"Selva"},"geometry":{"type":"Point","coordinates":[2.508763908,41.8791776]}},{"type":"Feature","id":"town-170813","properties":{"id":"town-170813","name":"Gualta","category":"town","municipality":"Gualta","county":"Baix Empordà"},"geometry":{"type":"Point","coordinates":[3.103551845,42.02850116]}},{"type":"Feature","id":"town-081640","properties":{"id":"town-081640","name":"el Pla del Penedès","category":"town","municipality":"el Pla del Penedès","county":"Alt Penedès"},"geometry":{"type":"Point","coordinates":[1.712946612,41.41750955]}},{"type":"Feature","id":"town-081607","properties":{"id":"town-081607","name":"Perafita","category":"town","municipality":"Perafita","county":"Lluçanès"},"geometry":{"type":"Point","coordinates":[2.10679646,42.04226209]}},{"type":"Feature","id":"town-250404","properties":{"id":"town-250404","name":"Balaguer","category":"town","municipality":"Balaguer","county":"Noguera"},"geometry":{"type":"Point","coordinates":[0.805297348,41.78973778]}},{"type":"Feature","id":"town-171753","properties":{"id":"town-171753","name":"Sant Miquel de Fluvià","category":"town","municipality":"Sant Miquel de Fluvià","county":"Alt Empordà"},"geometry":{"type":"Point","coordinates":[2.991704388,42.17196777]}},{"type":"Feature","id":"town-080636","properties":{"id":"town-080636","name":"Castellolí","category":"town","municipality":"Castellolí","county":"Anoia"},"geometry":{"type":"Point","coordinates":[1.700683894,41.59835563]}},{"type":"Feature","id":"town-082763","properties":{"id":"town-082763","name":"Tagamanent","category":"town","municipality":"Tagamanent","county":"Vallès Oriental"},"geometry":{"type":"Point","coordinates":[2.267121372,41.7376325]}},{"type":"Feature","id":"town-259084","properties":{"id":"town-259084","name":"Fígols","category":"town","municipality":"Fígols i Alinyà","county":"Alt Urgell"},"geometry":{"type":"Point","coordinates":[1.33956335,42.20286242]}},{"type":"Feature","id":"town-080291","properties":{"id":"town-080291","name":"Cabrera de Mar","category":"town","municipality":"Cabrera de Mar","county":"Maresme"},"geometry":{"type":"Point","coordinates":[2.393297337,41.52590089]}},{"type":"Feature","id":"town-170694","properties":{"id":"town-170694","name":"el Vilar d'Urtx","category":"town","municipality":"Fontanals de Cerdanya","county":"Cerdanya"},"geometry":{"type":"Point","coordinates":[1.89937373,42.38492915]}},{"type":"Feature","id":"town-171479","properties":{"id":"town-171479","name":"Ripoll","category":"town","municipality":"Ripoll","county":"Ripollès"},"geometry":{"type":"Point","coordinates":[2.190587139,42.20086675]}},{"type":"Feature","id":"town-082536","properties":{"id":"town-082536","name":"Santa Maria de Besora","category":"town","municipality":"Santa Maria de Besora","county":"Osona"},"geometry":{"type":"Point","coordinates":[2.257911373,42.12681151]}},{"type":"Feature","id":"town-081271","properties":{"id":"town-081271","name":"Monistrol de Montserrat","category":"town","municipality":"Monistrol de Montserrat","county":"Bages"},"geometry":{"type":"Point","coordinates":[1.842495088,41.60962346]}},{"type":"Feature","id":"town-080879","properties":{"id":"town-080879","name":"Gallifa","category":"town","municipality":"Gallifa","county":"Vallès Occidental"},"geometry":{"type":"Point","coordinates":[2.115452621,41.69323491]}},{"type":"Feature","id":"town-251348","properties":{"id":"town-251348","name":"Menàrguens","category":"town","municipality":"Menàrguens","county":"Noguera"},"geometry":{"type":"Point","coordinates":[0.743556424,41.72959752]}},{"type":"Feature","id":"town-252287","properties":{"id":"town-252287","name":"Torrefarrera","category":"town","municipality":"Torrefarrera","county":"Segrià"},"geometry":{"type":"Point","coordinates":[0.606638548,41.67321621]}},{"type":"Feature","id":"town-430764","properties":{"id":"town-430764","name":"Marçà","category":"town","municipality":"Marçà","county":"Priorat"},"geometry":{"type":"Point","coordinates":[0.8002487,41.12609573]}},{"type":"Feature","id":"town-430108","properties":{"id":"town-430108","name":"Alió","category":"town","municipality":"Alió","county":"Alt Camp"},"geometry":{"type":"Point","coordinates":[1.30634069,41.29466394]}},{"type":"Feature","id":"town-170353","properties":{"id":"town-170353","name":"Camós","category":"town","municipality":"Camós","county":"Pla de l'Estany"},"geometry":{"type":"Point","coordinates":[2.767199365,42.09417137]}},{"type":"Feature","id":"town-252304","properties":{"id":"town-252304","name":"Torregrossa","category":"town","municipality":"Torregrossa","county":"Pla d'Urgell"},"geometry":{"type":"Point","coordinates":[0.831862911,41.58107247]}},{"type":"Feature","id":"town-080752","properties":{"id":"town-080752","name":"Dosrius","category":"town","municipality":"Dosrius","county":"Maresme"},"geometry":{"type":"Point","coordinates":[2.406755957,41.59434163]}},{"type":"Feature","id":"town-170307","properties":{"id":"town-170307","name":"Cabanes","category":"town","municipality":"Cabanes","county":"Alt Empordà"},"geometry":{"type":"Point","coordinates":[2.978283233,42.30700041]}},{"type":"Feature","id":"town-250138","properties":{"id":"town-250138","name":"Alfarràs","category":"town","municipality":"Alfarràs","county":"Segrià"},"geometry":{"type":"Point","coordinates":[0.570449974,41.82951572]}},{"type":"Feature","id":"town-430141","properties":{"id":"town-430141","name":"Amposta","category":"town","municipality":"Amposta","county":"Montsià"},"geometry":{"type":"Point","coordinates":[0.58108201,40.71330218]}},{"type":"Feature","id":"town-252228","properties":{"id":"town-252228","name":"Tiurana","category":"town","municipality":"Tiurana","county":"Noguera"},"geometry":{"type":"Point","coordinates":[1.255582012,41.97582543]}},{"type":"Feature","id":"town-251305","properties":{"id":"town-251305","name":"Maldà","category":"town","municipality":"Maldà","county":"Urgell"},"geometry":{"type":"Point","coordinates":[1.040077271,41.5509404]}},{"type":"Feature","id":"town-431567","properties":{"id":"town-431567","name":"Ulldecona","category":"town","municipality":"Ulldecona","county":"Montsià"},"geometry":{"type":"Point","coordinates":[0.448875456,40.59823916]}},{"type":"Feature","id":"town-430419","properties":{"id":"town-430419","name":"Caseres","category":"town","municipality":"Caseres","county":"Terra Alta"},"geometry":{"type":"Point","coordinates":[0.250766135,41.03853899]}},{"type":"Feature","id":"town-430402","properties":{"id":"town-430402","name":"Capçanes","category":"town","municipality":"Capçanes","county":"Priorat"},"geometry":{"type":"Point","coordinates":[0.781537268,41.09986046]}},{"type":"Feature","id":"town-170046","properties":{"id":"town-170046","name":"Albons","category":"town","municipality":"Albons","county":"Baix Empordà"},"geometry":{"type":"Point","coordinates":[3.085288573,42.10439847]}},{"type":"Feature","id":"town-430803","properties":{"id":"town-430803","name":"la Masó","category":"town","municipality":"la Masó","county":"Alt Camp"},"geometry":{"type":"Point","coordinates":[1.222803463,41.23488639]}},{"type":"Feature","id":"town-252075","properties":{"id":"town-252075","name":"Solsona","category":"town","municipality":"Solsona","county":"Solsonès"},"geometry":{"type":"Point","coordinates":[1.518177593,41.99434845]}},{"type":"Feature","id":"town-431589","properties":{"id":"town-431589","name":"Vallclara","category":"town","municipality":"Vallclara","county":"Conca de Barberà"},"geometry":{"type":"Point","coordinates":[0.982252141,41.37736714]}},{"type":"Feature","id":"town-080787","properties":{"id":"town-080787","name":"l'Espunyola","category":"town","municipality":"l'Espunyola","county":"Berguedà"},"geometry":{"type":"Point","coordinates":[1.770222278,42.0530156]}},{"type":"Feature","id":"town-252385","properties":{"id":"town-252385","name":"Vallbona de les Monges","category":"town","municipality":"Vallbona de les Monges","county":"Urgell"},"geometry":{"type":"Point","coordinates":[1.088563444,41.52501575]}},{"type":"Feature","id":"town-251229","properties":{"id":"town-251229","name":"Linyola","category":"town","municipality":"Linyola","county":"Pla d'Urgell"},"geometry":{"type":"Point","coordinates":[0.904673448,41.71071948]}},{"type":"Feature","id":"town-171432","properties":{"id":"town-171432","name":"Rabós","category":"town","municipality":"Rabós","county":"Alt Empordà"},"geometry":{"type":"Point","coordinates":[3.028524999,42.37906434]}},{"type":"Feature","id":"town-082649","properties":{"id":"town-082649","name":"Sant Vicenç de Montalt","category":"town","municipality":"Sant Vicenç de Montalt","county":"Maresme"},"geometry":{"type":"Point","coordinates":[2.509331421,41.57833386]}},{"type":"Feature","id":"town-250306","properties":{"id":"town-250306","name":"el Pont de Bar","category":"town","municipality":"el Pont de Bar","county":"Alt Urgell"},"geometry":{"type":"Point","coordinates":[1.605169559,42.372336]}},{"type":"Feature","id":"town-179026","properties":{"id":"town-179026","name":"Vulpellac","category":"town","municipality":"Forallac","county":"Baix Empordà"},"geometry":{"type":"Point","coordinates":[3.054249433,41.9601012]}},{"type":"Feature","id":"town-080620","properties":{"id":"town-080620","name":"Castellnou de Bages","category":"town","municipality":"Castellnou de Bages","county":"Bages"},"geometry":{"type":"Point","coordinates":[1.837371486,41.83428246]}},{"type":"Feature","id":"town-170789","properties":{"id":"town-170789","name":"Ger","category":"town","municipality":"Ger","county":"Cerdanya"},"geometry":{"type":"Point","coordinates":[1.844213611,42.41076591]}},{"type":"Feature","id":"town-430249","properties":{"id":"town-430249","name":"Bellvei","category":"town","municipality":"Bellvei","county":"Baix Penedès"},"geometry":{"type":"Point","coordinates":[1.576592377,41.24129713]}},{"type":"Feature","id":"town-080706","properties":{"id":"town-080706","name":"Collsuspina","category":"town","municipality":"Collsuspina","county":"Moianès"},"geometry":{"type":"Point","coordinates":[2.175212812,41.82560516]}},{"type":"Feature","id":"town-251615","properties":{"id":"town-251615","name":"el Pont de Claverol","category":"town","municipality":"Conca de Dalt","county":"Pallars Jussà"},"geometry":{"type":"Point","coordinates":[0.971516787,42.24475867]}},{"type":"Feature","id":"town-080023","properties":{"id":"town-080023","name":"Aguilar de Segarra","category":"town","municipality":"Aguilar de Segarra","county":"Bages"},"geometry":{"type":"Point","coordinates":[1.631966008,41.73916911]}},{"type":"Feature","id":"town-080826","properties":{"id":"town-080826","name":"Fogars de la Selva","category":"town","municipality":"Fogars de la Selva","county":"Selva"},"geometry":{"type":"Point","coordinates":[2.671644331,41.7350115]}},{"type":"Feature","id":"town-170242","properties":{"id":"town-170242","name":"Bolvir","category":"town","municipality":"Bolvir","county":"Cerdanya"},"geometry":{"type":"Point","coordinates":[1.879890862,42.41782046]}},{"type":"Feature","id":"town-252509","properties":{"id":"town-252509","name":"Vilanova de Meià","category":"town","municipality":"Vilanova de Meià","county":"Noguera"},"geometry":{"type":"Point","coordinates":[1.022675463,41.99526464]}},{"type":"Feature","id":"town-082779","properties":{"id":"town-082779","name":"Talamanca","category":"town","municipality":"Talamanca","county":"Bages"},"geometry":{"type":"Point","coordinates":[1.977249747,41.73815732]}},{"type":"Feature","id":"town-430332","properties":{"id":"town-430332","name":"Botarell","category":"town","municipality":"Botarell","county":"Baix Camp"},"geometry":{"type":"Point","coordinates":[0.989014862,41.13605157]}},{"type":"Feature","id":"town-251039","properties":{"id":"town-251039","name":"la Curullada","category":"town","municipality":"Granyanella","county":"Segarra"},"geometry":{"type":"Point","coordinates":[1.228047765,41.66573437]}},{"type":"Feature","id":"town-081521","properties":{"id":"town-081521","name":"Can Bou","category":"town","municipality":"Orpí","county":"Anoia"},"geometry":{"type":"Point","coordinates":[1.606864529,41.52865549]}},{"type":"Feature","id":"town-430542","properties":{"id":"town-430542","name":"l'Espluga de Francolí","category":"town","municipality":"l'Espluga de Francolí","county":"Conca de Barberà"},"geometry":{"type":"Point","coordinates":[1.1044433,41.39663893]}},{"type":"Feature","id":"town-170834","properties":{"id":"town-170834","name":"Hostalric","category":"town","municipality":"Hostalric","county":"Selva"},"geometry":{"type":"Point","coordinates":[2.636836674,41.74599253]}},{"type":"Feature","id":"town-089045","properties":{"id":"town-089045","name":"Badia del Vallès","category":"town","municipality":"Badia del Vallès","county":"Vallès Occidental"},"geometry":{"type":"Point","coordinates":[2.113347047,41.50907052]}},{"type":"Feature","id":"town-252173","properties":{"id":"town-252173","name":"Tàrrega","category":"town","municipality":"Tàrrega","county":"Urgell"},"geometry":{"type":"Point","coordinates":[1.13936906,41.64640449]}},{"type":"Feature","id":"town-259046","properties":{"id":"town-259046","name":"Guàrdia de Noguera","category":"town","municipality":"Castell de Mur","county":"Pallars Jussà"},"geometry":{"type":"Point","coordinates":[0.877256985,42.09188847]}},{"type":"Feature","id":"town-430846","properties":{"id":"town-430846","name":"Miravet","category":"town","municipality":"Miravet","county":"Ribera d'Ebre"},"geometry":{"type":"Point","coordinates":[0.597571412,41.03791957]}},{"type":"Feature","id":"town-083015","properties":{"id":"town-083015","name":"Viladecans","category":"town","municipality":"Viladecans","county":"Baix Llobregat"},"geometry":{"type":"Point","coordinates":[2.020400769,41.31578999]}},{"type":"Feature","id":"town-430960","properties":{"id":"town-430960","name":"la Morera de Montsant","category":"town","municipality":"la Morera de Montsant","county":"Priorat"},"geometry":{"type":"Point","coordinates":[0.841819466,41.26495766]}},{"type":"Feature","id":"town-171870","properties":{"id":"town-171870","name":"Camallera","category":"town","municipality":"Saus, Camallera i Llampaies","county":"Alt Empordà"},"geometry":{"type":"Point","coordinates":[2.963758519,42.1231327]}},{"type":"Feature","id":"town-082021","properties":{"id":"town-082021","name":"Sant Celoni","category":"town","municipality":"Sant Celoni","county":"Vallès Oriental"},"geometry":{"type":"Point","coordinates":[2.492009735,41.68997481]}},{"type":"Feature","id":"town-171024","properties":{"id":"town-171024","name":"Maçanet de Cabrenys","category":"town","municipality":"Maçanet de Cabrenys","county":"Alt Empordà"},"geometry":{"type":"Point","coordinates":[2.7480676,42.38593602]}},{"type":"Feature","id":"town-082861","properties":{"id":"town-082861","name":"la Torre de Claramunt","category":"town","municipality":"la Torre de Claramunt","county":"Anoia"},"geometry":{"type":"Point","coordinates":[1.658337008,41.53352327]}},{"type":"Feature","id":"town-431331","properties":{"id":"town-431331","name":"Roquetes","category":"town","municipality":"Roquetes","county":"Baix Ebre"},"geometry":{"type":"Point","coordinates":[0.50298736,40.82039282]}},{"type":"Feature","id":"town-431021","properties":{"id":"town-431021","name":"Paüls","category":"town","municipality":"Paüls","county":"Baix Ebre"},"geometry":{"type":"Point","coordinates":[0.400361806,40.92243962]}},{"type":"Feature","id":"town-171668","properties":{"id":"town-171668","name":"Sant Jordi Desvalls","category":"town","municipality":"Sant Jordi Desvalls","county":"Gironès"},"geometry":{"type":"Point","coordinates":[2.953832637,42.07206414]}},{"type":"Feature","id":"town-082325","properties":{"id":"town-082325","name":"Sant Pere de Riudebitlles","category":"town","municipality":"Sant Pere de Riudebitlles","county":"Alt Penedès"},"geometry":{"type":"Point","coordinates":[1.702993774,41.45402406]}},{"type":"Feature","id":"town-430228","properties":{"id":"town-430228","name":"Batea","category":"town","municipality":"Batea","county":"Terra Alta"},"geometry":{"type":"Point","coordinates":[0.311413833,41.09446232]}},{"type":"Feature","id":"town-252115","properties":{"id":"town-252115","name":"Sudanell","category":"town","municipality":"Sudanell","county":"Segrià"},"geometry":{"type":"Point","coordinates":[0.567232421,41.55761329]}},{"type":"Feature","id":"town-430568","properties":{"id":"town-430568","name":"la Fatarella","category":"town","municipality":"la Fatarella","county":"Terra Alta"},"geometry":{"type":"Point","coordinates":[0.473250114,41.16236912]}},{"type":"Feature","id":"town-431649","properties":{"id":"town-431649","name":"Vespella de Gaià","category":"town","municipality":"Vespella de Gaià","county":"Tarragonès"},"geometry":{"type":"Point","coordinates":[1.362570803,41.1951994]}},{"type":"Feature","id":"town-172305","properties":{"id":"town-172305","name":"Vila-sacra","category":"town","municipality":"Vila-sacra","county":"Alt Empordà"},"geometry":{"type":"Point","coordinates":[3.018132233,42.26549857]}},{"type":"Feature","id":"town-430770","properties":{"id":"town-430770","name":"Mas de Barberans","category":"town","municipality":"Mas de Barberans","county":"Montsià"},"geometry":{"type":"Point","coordinates":[0.373914393,40.73468861]}},{"type":"Feature","id":"town-430733","properties":{"id":"town-430733","name":"Llorac","category":"town","municipality":"Llorac","county":"Conca de Barberà"},"geometry":{"type":"Point","coordinates":[1.307518497,41.55656078]}},{"type":"Feature","id":"town-171498","properties":{"id":"town-171498","name":"Riudaura","category":"town","municipality":"Riudaura","county":"Garrotxa"},"geometry":{"type":"Point","coordinates":[2.406803371,42.18857199]}},{"type":"Feature","id":"town-082896","properties":{"id":"town-082896","name":"Torrelles de Llobregat","category":"town","municipality":"Torrelles de Llobregat","county":"Baix Llobregat"},"geometry":{"type":"Point","coordinates":[1.98115644,41.35893901]}},{"type":"Feature","id":"town-082384","properties":{"id":"town-082384","name":"Sant Quirze del Vallès","category":"town","municipality":"Sant Quirze del Vallès","county":"Vallès Occidental"},"geometry":{"type":"Point","coordinates":[2.080789249,41.53310367]}},{"type":"Feature","id":"town-082444","properties":{"id":"town-082444","name":"Santa Coloma de Cervelló","category":"town","municipality":"Santa Coloma de Cervelló","county":"Baix Llobregat"},"geometry":{"type":"Point","coordinates":[2.015794152,41.36740424]}},{"type":"Feature","id":"town-251410","properties":{"id":"town-251410","name":"Montoliu de Segarra","category":"town","municipality":"Montoliu de Segarra","county":"Segarra"},"geometry":{"type":"Point","coordinates":[1.270111952,41.59009782]}},{"type":"Feature","id":"town-430688","properties":{"id":"town-430688","name":"Godall","category":"town","municipality":"Godall","county":"Montsià"},"geometry":{"type":"Point","coordinates":[0.469734342,40.65506982]}},{"type":"Feature","id":"town-171387","properties":{"id":"town-171387","name":"Portbou","category":"town","municipality":"Portbou","county":"Alt Empordà"},"geometry":{"type":"Point","coordinates":[3.158606152,42.42586273]}},{"type":"Feature","id":"town-171019","properties":{"id":"town-171019","name":"Massanes","category":"town","municipality":"Massanes","county":"Selva"},"geometry":{"type":"Point","coordinates":[2.65177868,41.76590217]}},{"type":"Feature","id":"town-172082","properties":{"id":"town-172082","name":"l'Hostalnou de Bianya","category":"town","municipality":"la Vall de Bianya","county":"Garrotxa"},"geometry":{"type":"Point","coordinates":[2.453614237,42.21097336]}},{"type":"Feature","id":"town-251811","properties":{"id":"town-251811","name":"Puigverd d'Agramunt","category":"town","municipality":"Puigverd d'Agramunt","county":"Urgell"},"geometry":{"type":"Point","coordinates":[1.122034943,41.77727831]}},{"type":"Feature","id":"town-081593","properties":{"id":"town-081593","name":"Parets del Vallès","category":"town","municipality":"Parets del Vallès","county":"Vallès Oriental"},"geometry":{"type":"Point","coordinates":[2.234374942,41.57305833]}},{"type":"Feature","id":"town-081884","properties":{"id":"town-081884","name":"Sagàs","category":"town","municipality":"Sagàs","county":"Berguedà"},"geometry":{"type":"Point","coordinates":[1.963008757,42.05192664]}},{"type":"Feature","id":"town-081326","properties":{"id":"town-081326","name":"Montmajor","category":"town","municipality":"Montmajor","county":"Berguedà"},"geometry":{"type":"Point","coordinates":[1.735139512,42.01764703]}},{"type":"Feature","id":"town-172240","properties":{"id":"town-172240","name":"Vilallonga de Ter","category":"town","municipality":"Vilallonga de Ter","county":"Ripollès"},"geometry":{"type":"Point","coordinates":[2.312139512,42.33115611]}},{"type":"Feature","id":"town-171788","properties":{"id":"town-171788","name":"Sant Pere Pescador","category":"town","municipality":"Sant Pere Pescador","county":"Alt Empordà"},"geometry":{"type":"Point","coordinates":[3.081960079,42.18815677]}},{"type":"Feature","id":"town-252234","properties":{"id":"town-252234","name":"Torà","category":"town","municipality":"Torà","county":"Solsonès"},"geometry":{"type":"Point","coordinates":[1.402776614,41.81276729]}},{"type":"Feature","id":"town-430311","properties":{"id":"town-430311","name":"les Borges del Camp","category":"town","municipality":"les Borges del Camp","county":"Baix Camp"},"geometry":{"type":"Point","coordinates":[1.019367456,41.17201807]}},{"type":"Feature","id":"town-170078","properties":{"id":"town-170078","name":"Amer","category":"town","municipality":"Amer","county":"Selva"},"geometry":{"type":"Point","coordinates":[2.603018891,42.00924462]}},{"type":"Feature","id":"town-250083","properties":{"id":"town-250083","name":"Albesa","category":"town","municipality":"Albesa","county":"Noguera"},"geometry":{"type":"Point","coordinates":[0.660407593,41.75136441]}},{"type":"Feature","id":"town-080364","properties":{"id":"town-080364","name":"Calonge de Segarra","category":"town","municipality":"Calonge de Segarra","county":"Anoia"},"geometry":{"type":"Point","coordinates":[1.481977441,41.76408573]}},{"type":"Feature","id":"town-080538","properties":{"id":"town-080538","name":"el Borràs","category":"town","municipality":"Castellbell i el Vilar","county":"Bages"},"geometry":{"type":"Point","coordinates":[1.863881187,41.62999235]}},{"type":"Feature","id":"town-252347","properties":{"id":"town-252347","name":"Tremp","category":"town","municipality":"Tremp","county":"Pallars Jussà"},"geometry":{"type":"Point","coordinates":[0.895259127,42.16741026]}},{"type":"Feature","id":"town-080109","properties":{"id":"town-080109","name":"Artés","category":"town","municipality":"Artés","county":"Bages"},"geometry":{"type":"Point","coordinates":[1.953516241,41.7981938]}},{"type":"Feature","id":"town-430173","properties":{"id":"town-430173","name":"l'Argentera","category":"town","municipality":"l'Argentera","county":"Baix Camp"},"geometry":{"type":"Point","coordinates":[0.909283103,41.13750071]}},{"type":"Feature","id":"town-080410","properties":{"id":"town-080410","name":"Canovelles","category":"town","municipality":"Canovelles","county":"Vallès Oriental"},"geometry":{"type":"Point","coordinates":[2.277179111,41.62183857]}},{"type":"Feature","id":"town-250851","properties":{"id":"town-250851","name":"Estaràs","category":"town","municipality":"Estaràs","county":"Segarra"},"geometry":{"type":"Point","coordinates":[1.37825372,41.69158636]}},{"type":"Feature","id":"town-171674","properties":{"id":"town-171674","name":"Sant Joan de les Abadesses","category":"town","municipality":"Sant Joan de les Abadesses","county":"Ripollès"},"geometry":{"type":"Point","coordinates":[2.284821954,42.23277865]}},{"type":"Feature","id":"town-171061","properties":{"id":"town-171061","name":"Mollet de Peralada","category":"town","municipality":"Mollet de Peralada","county":"Alt Empordà"},"geometry":{"type":"Point","coordinates":[2.999774376,42.35980952]}},{"type":"Feature","id":"town-082943","properties":{"id":"town-082943","name":"Vallgorguina","category":"town","municipality":"Vallgorguina","county":"Vallès Oriental"},"geometry":{"type":"Point","coordinates":[2.510551073,41.64741254]}},{"type":"Feature","id":"town-251543","properties":{"id":"town-251543","name":"els Omells de na Gaia","category":"town","municipality":"els Omells de na Gaia","county":"Urgell"},"geometry":{"type":"Point","coordinates":[1.074888402,41.49987077]}},{"type":"Feature","id":"town-170871","properties":{"id":"town-170871","name":"Juià","category":"town","municipality":"Juià","county":"Gironès"},"geometry":{"type":"Point","coordinates":[2.906798884,42.0171174]}},{"type":"Feature","id":"town-171447","properties":{"id":"town-171447","name":"Regencós","category":"town","municipality":"Regencós","county":"Baix Empordà"},"geometry":{"type":"Point","coordinates":[3.169889969,41.95244587]}},{"type":"Feature","id":"town-080193","properties":{"id":"town-080193","name":"Barcelona","category":"town","municipality":"Barcelona","county":"Barcelonès"},"geometry":{"type":"Point","coordinates":[2.177032927,41.38272127]}},{"type":"Feature","id":"town-430252","properties":{"id":"town-430252","name":"Benifallet","category":"town","municipality":"Benifallet","county":"Baix Ebre"},"geometry":{"type":"Point","coordinates":[0.517808189,40.97390262]}},{"type":"Feature","id":"town-170583","properties":{"id":"town-170583","name":"Crespià","category":"town","municipality":"Crespià","county":"Pla de l'Estany"},"geometry":{"type":"Point","coordinates":[2.798479828,42.18712202]}},{"type":"Feature","id":"town-080689","properties":{"id":"town-080689","name":"Cervelló","category":"town","municipality":"Cervelló","county":"Baix Llobregat"},"geometry":{"type":"Point","coordinates":[1.959104276,41.39610698]}},{"type":"Feature","id":"town-170773","properties":{"id":"town-170773","name":"Garriguella","category":"town","municipality":"Garriguella","county":"Alt Empordà"},"geometry":{"type":"Point","coordinates":[3.064274139,42.34228001]}},{"type":"Feature","id":"town-251484","properties":{"id":"town-251484","name":"Cambrils","category":"town","municipality":"Odèn","county":"Solsonès"},"geometry":{"type":"Point","coordinates":[1.38728764,42.13329489]}},{"type":"Feature","id":"town-252167","properties":{"id":"town-252167","name":"Talavera","category":"town","municipality":"Talavera","county":"Segarra"},"geometry":{"type":"Point","coordinates":[1.338203694,41.58205385]}},{"type":"Feature","id":"town-251018","properties":{"id":"town-251018","name":"la Granadella","category":"town","municipality":"la Granadella","county":"Garrigues"},"geometry":{"type":"Point","coordinates":[0.664842266,41.35552]}},{"type":"Feature","id":"town-172348","properties":{"id":"town-172348","name":"Biure","category":"town","municipality":"Biure","county":"Alt Empordà"},"geometry":{"type":"Point","coordinates":[2.894998835,42.33765799]}},{"type":"Feature","id":"town-430923","properties":{"id":"town-430923","name":"Mont-roig del Camp","category":"town","municipality":"Mont-roig del Camp","county":"Baix Camp"},"geometry":{"type":"Point","coordinates":[0.957769917,41.08825085]}},{"type":"Feature","id":"town-252537","properties":{"id":"town-252537","name":"el Vilosell","category":"town","municipality":"el Vilosell","county":"Garrigues"},"geometry":{"type":"Point","coordinates":[0.946623661,41.38394808]}},{"type":"Feature","id":"town-081000","properties":{"id":"town-081000","name":"Gurb","category":"town","municipality":"Gurb","county":"Osona"},"geometry":{"type":"Point","coordinates":[2.2444015,41.94004888]}},{"type":"Feature","id":"town-080174","properties":{"id":"town-080174","name":"els Hostalets de Balenyà","category":"town","municipality":"Balenyà","county":"Osona"},"geometry":{"type":"Point","coordinates":[2.235818873,41.81368983]}},{"type":"Feature","id":"town-431732","properties":{"id":"town-431732","name":"la Vilella Alta","category":"town","municipality":"la Vilella Alta","county":"Priorat"},"geometry":{"type":"Point","coordinates":[0.780464754,41.22541256]}},{"type":"Feature","id":"town-089024","properties":{"id":"town-089024","name":"Vilanova del Vallès","category":"town","municipality":"Vilanova del Vallès","county":"Vallès Oriental"},"geometry":{"type":"Point","coordinates":[2.289150335,41.55417729]}},{"type":"Feature","id":"town-080863","properties":{"id":"town-080863","name":"Corró d'Avall","category":"town","municipality":"les Franqueses del Vallès","county":"Vallès Oriental"},"geometry":{"type":"Point","coordinates":[2.297473315,41.63627782]}},{"type":"Feature","id":"town-081982","properties":{"id":"town-081982","name":"Sant Antoni de Vilamajor","category":"town","municipality":"Sant Antoni de Vilamajor","county":"Vallès Oriental"},"geometry":{"type":"Point","coordinates":[2.401225232,41.67353114]}},{"type":"Feature","id":"town-081635","properties":{"id":"town-081635","name":"Pineda de Mar","category":"town","municipality":"Pineda de Mar","county":"Maresme"},"geometry":{"type":"Point","coordinates":[2.68933842,41.62744225]}},{"type":"Feature","id":"town-250707","properties":{"id":"town-250707","name":"Castellserà","category":"town","municipality":"Castellserà","county":"Urgell"},"geometry":{"type":"Point","coordinates":[0.986958685,41.7469]}},{"type":"Feature","id":"town-250352","properties":{"id":"town-250352","name":"la Sentiu de Sió","category":"town","municipality":"la Sentiu de Sió","county":"Noguera"},"geometry":{"type":"Point","coordinates":[0.878457386,41.80480472]}},{"type":"Feature","id":"town-251713","properties":{"id":"town-251713","name":"la Pobla de Segur","category":"town","municipality":"la Pobla de Segur","county":"Pallars Jussà"},"geometry":{"type":"Point","coordinates":[0.96885546,42.24982897]}},{"type":"Feature","id":"town-081846","properties":{"id":"town-081846","name":"Rubí","category":"town","municipality":"Rubí","county":"Vallès Occidental"},"geometry":{"type":"Point","coordinates":[2.031153605,41.49230826]}},{"type":"Feature","id":"town-082573","properties":{"id":"town-082573","name":"Santa Maria de Miralles","category":"town","municipality":"Santa Maria de Miralles","county":"Anoia"},"geometry":{"type":"Point","coordinates":[1.524989672,41.5180786]}},{"type":"Feature","id":"town-171616","properties":{"id":"town-171616","name":"Sant Feliu de Pallerols","category":"town","municipality":"Sant Feliu de Pallerols","county":"Garrotxa"},"geometry":{"type":"Point","coordinates":[2.507024176,42.07557918]}},{"type":"Feature","id":"town-081477","properties":{"id":"town-081477","name":"Olesa de Montserrat","category":"town","municipality":"Olesa de Montserrat","county":"Baix Llobregat"},"geometry":{"type":"Point","coordinates":[1.89309544,41.54559277]}},{"type":"Feature","id":"town-171899","properties":{"id":"town-171899","name":"la Cellera de Ter","category":"town","municipality":"la Cellera de Ter","county":"Selva"},"geometry":{"type":"Point","coordinates":[2.620736596,41.96830412]}},{"type":"Feature","id":"town-081748","properties":{"id":"town-081748","name":"Puigdàlber","category":"town","municipality":"Puigdàlber","county":"Alt Penedès"},"geometry":{"type":"Point","coordinates":[1.700907912,41.40440678]}},{"type":"Feature","id":"town-081496","properties":{"id":"town-081496","name":"Olost","category":"town","municipality":"Olost","county":"Lluçanès"},"geometry":{"type":"Point","coordinates":[2.095915035,41.98602728]}},{"type":"Feature","id":"town-081311","properties":{"id":"town-081311","name":"Montesquiu","category":"town","municipality":"Montesquiu","county":"Osona"},"geometry":{"type":"Point","coordinates":[2.209748189,42.10999187]}},{"type":"Feature","id":"town-251142","properties":{"id":"town-251142","name":"Ivorra","category":"town","municipality":"Ivorra","county":"Segarra"},"geometry":{"type":"Point","coordinates":[1.395657482,41.77202373]}},{"type":"Feature","id":"town-171729","properties":{"id":"town-171729","name":"Sant Martí de Llémena","category":"town","municipality":"Sant Martí de Llémena","county":"Gironès"},"geometry":{"type":"Point","coordinates":[2.647532744,42.03639593]}},{"type":"Feature","id":"town-250740","properties":{"id":"town-250740","name":"Ciutadilla","category":"town","municipality":"Ciutadilla","county":"Urgell"},"geometry":{"type":"Point","coordinates":[1.139284506,41.56163552]}},{"type":"Feature","id":"town-431634","properties":{"id":"town-431634","name":"el Vendrell","category":"town","municipality":"el Vendrell","county":"Baix Penedès"},"geometry":{"type":"Point","coordinates":[1.534929051,41.22021408]}},{"type":"Feature","id":"town-170182","properties":{"id":"town-170182","name":"Bellcaire d'Empordà","category":"town","municipality":"Bellcaire d'Empordà","county":"Baix Empordà"},"geometry":{"type":"Point","coordinates":[3.094270988,42.08076005]}}]}
